transaction_id,transaction_date,transaction_time,store_location,product_category,product_type,unit_price,quantity,total_sales
1,2024-01-01,07:41:00,Downtown,Coffee,Cold Brew,4.5,2,9.0
2,2024-01-01,16:50:00,Downtown,Merchandise,Reusable Cup,9.0,1,9.0
3,2024-01-01,16:38:00,Uptown Mall,Coffee,Cappuccino,4.0,2,8.0
4,2024-01-01,09:51:00,Downtown,Coffee,Cappuccino,4.0,1,4.0
5,2024-01-01,15:21:00,Uptown Mall,Tea,Herbal Blend,3.1,1,3.1
6,2024-01-01,16:29:00,Riverside,Bakery,Chocolate Chip Cookie,2.5,1,2.5
7,2024-01-01,18:44:00,Uptown Mall,Coffee,Espresso,2.75,1,2.75
8,2024-01-01,11:27:00,Downtown,Coffee,Mocha,4.75,1,4.75
9,2024-01-01,13:40:00,Downtown,Coffee,Espresso,2.75,1,2.75
10,2024-01-01,15:26:00,Uptown Mall,Bakery,Chocolate Chip Cookie,2.5,1,2.5
11,2024-01-01,09:40:00,Downtown,Coffee,Cold Brew,4.5,1,4.5
12,2024-01-01,06:28:00,Riverside,Coffee,Cold Brew,4.5,1,4.5
13,2024-01-01,13:34:00,Downtown,Bakery,Chocolate Chip Cookie,2.5,1,2.5
14,2024-01-02,17:33:00,Uptown Mall,Tea,Green Tea,3.0,1,3.0
15,2024-01-02,13:36:00,Downtown,Tea,Earl Grey,3.0,1,3.0
16,2024-01-02,09:24:00,Uptown Mall,Coffee,Espresso,2.75,1,2.75
17,2024-01-02,06:26:00,Downtown,Coffee,Cold Brew,4.5,1,4.5
18,2024-01-02,19:39:00,Downtown,Tea,Earl Grey,3.0,1,3.0
19,2024-01-02,08:46:00,Downtown,Bakery,Blueberry Muffin,3.25,1,3.25
20,2024-01-02,18:30:00,Downtown,Coffee,Cold Brew,4.5,1,4.5
21,2024-01-02,12:41:00,Downtown,Tea,Chai Latte,4.1,1,4.1
22,2024-01-02,10:07:00,Uptown Mall,Coffee,Americano,3.25,1,3.25
23,2024-01-02,15:15:00,Uptown Mall,Merchandise,Ground Coffee Bag,14.5,1,14.5
24,2024-01-02,16:16:00,Downtown,Bakery,Bagel,2.75,1,2.75
25,2024-01-02,12:48:00,Downtown,Merchandise,12oz Mug,12.0,1,12.0
26,2024-01-02,06:45:00,Riverside,Coffee,Americano,3.25,2,6.5
27,2024-01-02,14:37:00,Riverside,Coffee,Latte,4.25,1,4.25
28,2024-01-03,06:39:00,Downtown,Coffee,Cold Brew,4.5,1,4.5
29,2024-01-03,17:10:00,Uptown Mall,Coffee,Espresso,2.75,1,2.75
30,2024-01-03,10:09:00,Downtown,Tea,Chai Latte,4.1,1,4.1
31,2024-01-03,06:04:00,Riverside,Coffee,Mocha,4.75,1,4.75
32,2024-01-03,19:48:00,Riverside,Coffee,Cappuccino,4.0,1,4.0
33,2024-01-03,17:26:00,Downtown,Coffee,Latte,4.25,1,4.25
34,2024-01-03,18:18:00,Riverside,Bakery,Croissant,3.5,1,3.5
35,2024-01-03,09:39:00,Riverside,Tea,Green Tea,3.0,1,3.0
36,2024-01-03,07:14:00,Downtown,Bakery,Blueberry Muffin,3.25,2,6.5
37,2024-01-03,10:49:00,Uptown Mall,Tea,Green Tea,3.0,1,3.0
38,2024-01-03,19:54:00,Riverside,Coffee,Latte,4.25,1,4.25
39,2024-01-03,13:02:00,Downtown,Merchandise,Ground Coffee Bag,14.5,1,14.5
40,2024-01-03,18:13:00,Uptown Mall,Merchandise,12oz Mug,12.0,1,12.0
41,2024-01-04,10:24:00,Riverside,Coffee,Cappuccino,4.0,1,4.0
42,2024-01-04,11:15:00,Uptown Mall,Coffee,Cappuccino,4.0,1,4.0
43,2024-01-04,07:44:00,Downtown,Coffee,Espresso,2.75,2,5.5
44,2024-01-04,06:11:00,Downtown,Tea,Green Tea,3.0,2,6.0
45,2024-01-04,19:56:00,Downtown,Bakery,Blueberry Muffin,3.25,1,3.25
46,2024-01-04,06:40:00,Downtown,Coffee,Espresso,2.75,1,2.75
47,2024-01-04,15:51:00,Downtown,Coffee,Mocha,4.75,1,4.75
48,2024-01-04,17:07:00,Downtown,Bakery,Bagel,2.75,1,2.75
49,2024-01-04,11:30:00,Riverside,Merchandise,12oz Mug,12.0,1,12.0
50,2024-01-04,19:55:00,Downtown,Merchandise,Reusable Cup,9.0,1,9.0
51,2024-01-04,14:44:00,Downtown,Tea,Green Tea,3.0,1,3.0
52,2024-01-04,08:55:00,Uptown Mall,Merchandise,Ground Coffee Bag,14.5,1,14.5
53,2024-01-04,16:17:00,Downtown,Coffee,Americano,3.25,1,3.25
54,2024-01-04,10:31:00,Riverside,Bakery,Bagel,2.75,1,2.75
55,2024-01-04,14:55:00,Downtown,Bakery,Bagel,2.75,1,2.75
56,2024-01-04,09:27:00,Downtown,Tea,Chai Latte,4.1,2,8.2
57,2024-01-04,16:52:00,Downtown,Coffee,Mocha,4.75,2,9.5
58,2024-01-04,08:49:00,Downtown,Tea,Green Tea,3.0,1,3.0
59,2024-01-04,18:34:00,Downtown,Coffee,Mocha,4.75,1,4.75
60,2024-01-04,15:03:00,Downtown,Coffee,Espresso,2.75,1,2.75
61,2024-01-04,14:49:00,Downtown,Coffee,Cappuccino,4.0,1,4.0
62,2024-01-04,17:51:00,Downtown,Coffee,Latte,4.25,2,8.5
63,2024-01-05,14:34:00,Downtown,Coffee,Latte,4.25,1,4.25
64,2024-01-05,11:05:00,Downtown,Coffee,Espresso,2.75,1,2.75
65,2024-01-05,15:05:00,Uptown Mall,Coffee,Mocha,4.75,2,9.5
66,2024-01-05,19:37:00,Uptown Mall,Merchandise,12oz Mug,12.0,2,24.0
67,2024-01-05,17:32:00,Riverside,Bakery,Chocolate Chip Cookie,2.5,1,2.5
68,2024-01-05,12:14:00,Riverside,Bakery,Bagel,2.75,1,2.75
69,2024-01-05,08:25:00,Downtown,Coffee,Latte,4.25,1,4.25
70,2024-01-05,11:10:00,Downtown,Coffee,Americano,3.25,1,3.25
71,2024-01-05,15:54:00,Riverside,Coffee,Cold Brew,4.5,2,9.0
72,2024-01-05,13:12:00,Riverside,Coffee,Cappuccino,4.0,2,8.0
73,2024-01-05,07:17:00,Riverside,Coffee,Cold Brew,4.5,1,4.5
74,2024-01-05,15:57:00,Downtown,Coffee,Americano,3.25,2,6.5
75,2024-01-05,14:05:00,Uptown Mall,Coffee,Americano,3.25,1,3.25
76,2024-01-05,19:26:00,Riverside,Coffee,Mocha,4.75,2,9.5
77,2024-01-05,07:15:00,Riverside,Bakery,Bagel,2.75,2,5.5
78,2024-01-05,14:00:00,Riverside,Coffee,Americano,3.25,1,3.25
79,2024-01-05,16:45:00,Uptown Mall,Coffee,Americano,3.25,1,3.25
80,2024-01-06,17:07:00,Downtown,Tea,Chai Latte,4.1,2,8.2
81,2024-01-06,15:12:00,Uptown Mall,Coffee,Cappuccino,4.0,1,4.0
82,2024-01-06,17:45:00,Downtown,Coffee,Cold Brew,4.5,2,9.0
83,2024-01-06,10:05:00,Downtown,Coffee,Americano,3.25,1,3.25
84,2024-01-06,07:43:00,Riverside,Coffee,Mocha,4.75,1,4.75
85,2024-01-06,16:39:00,Downtown,Merchandise,Ground Coffee Bag,14.5,1,14.5
86,2024-01-06,11:07:00,Uptown Mall,Bakery,Bagel,2.75,2,5.5
87,2024-01-06,07:32:00,Riverside,Tea,Green Tea,3.0,1,3.0
88,2024-01-06,12:17:00,Riverside,Coffee,Espresso,2.75,2,5.5
89,2024-01-06,10:32:00,Uptown Mall,Coffee,Espresso,2.75,2,5.5
90,2024-01-06,15:17:00,Uptown Mall,Merchandise,12oz Mug,12.0,2,24.0
91,2024-01-06,19:37:00,Riverside,Coffee,Americano,3.25,1,3.25
92,2024-01-06,09:14:00,Downtown,Bakery,Croissant,3.5,1,3.5
93,2024-01-06,08:54:00,Riverside,Bakery,Bagel,2.75,2,5.5
94,2024-01-06,17:36:00,Uptown Mall,Coffee,Espresso,2.75,1,2.75
95,2024-01-06,17:58:00,Uptown Mall,Coffee,Latte,4.25,1,4.25
96,2024-01-06,17:50:00,Downtown,Bakery,Bagel,2.75,1,2.75
97,2024-01-06,07:32:00,Riverside,Coffee,Espresso,2.75,1,2.75
98,2024-01-06,17:44:00,Downtown,Bakery,Chocolate Chip Cookie,2.5,1,2.5
99,2024-01-06,15:30:00,Riverside,Coffee,Espresso,2.75,3,8.25
100,2024-01-06,09:53:00,Riverside,Tea,Green Tea,3.0,1,3.0
101,2024-01-06,07:35:00,Uptown Mall,Coffee,Cappuccino,4.0,1,4.0
102,2024-01-06,18:34:00,Downtown,Bakery,Blueberry Muffin,3.25,1,3.25
103,2024-01-07,13:41:00,Riverside,Coffee,Mocha,4.75,1,4.75
104,2024-01-07,08:54:00,Downtown,Merchandise,12oz Mug,12.0,1,12.0
105,2024-01-07,19:16:00,Downtown,Coffee,Cappuccino,4.0,1,4.0
106,2024-01-07,14:09:00,Downtown,Coffee,Cold Brew,4.5,1,4.5
107,2024-01-07,14:19:00,Downtown,Coffee,Cappuccino,4.0,1,4.0
108,2024-01-07,12:21:00,Riverside,Coffee,Cappuccino,4.0,1,4.0
109,2024-01-07,14:39:00,Downtown,Bakery,Chocolate Chip Cookie,2.5,1,2.5
110,2024-01-07,13:31:00,Riverside,Bakery,Blueberry Muffin,3.25,1,3.25
111,2024-01-07,13:53:00,Uptown Mall,Coffee,Cappuccino,4.0,1,4.0
112,2024-01-07,13:31:00,Downtown,Coffee,Cold Brew,4.5,1,4.5
113,2024-01-07,06:04:00,Uptown Mall,Coffee,Mocha,4.75,1,4.75
114,2024-01-07,09:43:00,Downtown,Coffee,Espresso,2.75,1,2.75
115,2024-01-07,12:49:00,Uptown Mall,Bakery,Blueberry Muffin,3.25,1,3.25
116,2024-01-07,08:30:00,Downtown,Coffee,Cold Brew,4.5,1,4.5
117,2024-01-07,12:46:00,Downtown,Merchandise,Ground Coffee Bag,14.5,3,43.5
118,2024-01-07,15:20:00,Riverside,Tea,Green Tea,3.0,1,3.0
119,2024-01-07,12:09:00,Downtown,Coffee,Espresso,2.75,1,2.75
120,2024-01-07,19:48:00,Uptown Mall,Bakery,Bagel,2.75,1,2.75
121,2024-01-08,12:50:00,Downtown,Coffee,Americano,3.25,1,3.25
122,2024-01-08,18:09:00,Downtown,Coffee,Cold Brew,4.5,1,4.5
123,2024-01-08,06:11:00,Downtown,Merchandise,Gift Card,25.0,1,25.0
124,2024-01-08,06:05:00,Downtown,Tea,Chai Latte,4.1,1,4.1
125,2024-01-08,14:47:00,Riverside,Bakery,Bagel,2.75,1,2.75
126,2024-01-08,16:32:00,Downtown,Coffee,Cold Brew,4.5,1,4.5
127,2024-01-08,12:22:00,Uptown Mall,Bakery,Blueberry Muffin,3.25,1,3.25
128,2024-01-08,07:51:00,Downtown,Merchandise,Reusable Cup,9.0,1,9.0
129,2024-01-08,13:59:00,Downtown,Coffee,Mocha,4.75,1,4.75
130,2024-01-08,06:20:00,Downtown,Tea,Herbal Blend,3.1,1,3.1
131,2024-01-08,18:08:00,Downtown,Coffee,Americano,3.25,1,3.25
132,2024-01-08,08:42:00,Riverside,Coffee,Americano,3.25,1,3.25
133,2024-01-08,14:39:00,Uptown Mall,Merchandise,Gift Card,25.0,1,25.0
134,2024-01-08,14:46:00,Uptown Mall,Bakery,Bagel,2.75,2,5.5
135,2024-01-08,16:57:00,Riverside,Coffee,Americano,3.25,1,3.25
136,2024-01-08,08:17:00,Riverside,Merchandise,Reusable Cup,9.0,3,27.0
137,2024-01-08,10:30:00,Downtown,Bakery,Chocolate Chip Cookie,2.5,1,2.5
138,2024-01-08,18:27:00,Uptown Mall,Coffee,Cold Brew,4.5,3,13.5
139,2024-01-08,17:32:00,Riverside,Coffee,Espresso,2.75,1,2.75
140,2024-01-08,09:02:00,Downtown,Merchandise,Gift Card,25.0,2,50.0
141,2024-01-08,07:39:00,Riverside,Coffee,Cappuccino,4.0,1,4.0
142,2024-01-08,11:48:00,Downtown,Bakery,Bagel,2.75,1,2.75
143,2024-01-08,14:57:00,Downtown,Coffee,Espresso,2.75,2,5.5
144,2024-01-09,06:36:00,Uptown Mall,Tea,Earl Grey,3.0,1,3.0
145,2024-01-09,13:20:00,Uptown Mall,Coffee,Cold Brew,4.5,2,9.0
146,2024-01-09,14:32:00,Downtown,Coffee,Cold Brew,4.5,1,4.5
147,2024-01-09,15:20:00,Riverside,Coffee,Mocha,4.75,1,4.75
148,2024-01-09,19:32:00,Downtown,Bakery,Chocolate Chip Cookie,2.5,1,2.5
149,2024-01-09,17:42:00,Riverside,Tea,Green Tea,3.0,3,9.0
150,2024-01-09,18:06:00,Downtown,Coffee,Cappuccino,4.0,1,4.0
151,2024-01-09,13:01:00,Riverside,Coffee,Cappuccino,4.0,1,4.0
152,2024-01-09,10:57:00,Uptown Mall,Tea,Herbal Blend,3.1,1,3.1
153,2024-01-09,10:53:00,Downtown,Coffee,Cold Brew,4.5,1,4.5
154,2024-01-09,18:12:00,Riverside,Coffee,Mocha,4.75,1,4.75
155,2024-01-09,17:14:00,Downtown,Tea,Earl Grey,3.0,1,3.0
156,2024-01-09,18:15:00,Riverside,Coffee,Cappuccino,4.0,1,4.0
157,2024-01-09,18:28:00,Uptown Mall,Bakery,Bagel,2.75,1,2.75
158,2024-01-09,17:28:00,Uptown Mall,Tea,Chai Latte,4.1,2,8.2
159,2024-01-09,11:39:00,Uptown Mall,Tea,Green Tea,3.0,1,3.0
160,2024-01-09,12:44:00,Uptown Mall,Coffee,Mocha,4.75,1,4.75
161,2024-01-09,14:03:00,Riverside,Coffee,Espresso,2.75,1,2.75
162,2024-01-10,17:06:00,Downtown,Coffee,Americano,3.25,1,3.25
163,2024-01-10,15:29:00,Downtown,Coffee,Mocha,4.75,1,4.75
164,2024-01-10,10:06:00,Uptown Mall,Coffee,Cappuccino,4.0,1,4.0
165,2024-01-10,13:24:00,Downtown,Coffee,Espresso,2.75,1,2.75
166,2024-01-10,13:15:00,Downtown,Bakery,Blueberry Muffin,3.25,2,6.5
167,2024-01-10,12:44:00,Downtown,Coffee,Mocha,4.75,1,4.75
168,2024-01-10,12:27:00,Riverside,Merchandise,Ground Coffee Bag,14.5,1,14.5
169,2024-01-10,06:05:00,Uptown Mall,Coffee,Americano,3.25,1,3.25
170,2024-01-10,08:06:00,Riverside,Coffee,Espresso,2.75,1,2.75
171,2024-01-10,13:29:00,Uptown Mall,Coffee,Espresso,2.75,1,2.75
172,2024-01-10,12:09:00,Uptown Mall,Bakery,Croissant,3.5,1,3.5
173,2024-01-10,09:58:00,Riverside,Bakery,Blueberry Muffin,3.25,2,6.5
174,2024-01-10,16:48:00,Downtown,Merchandise,Reusable Cup,9.0,1,9.0
175,2024-01-10,14:38:00,Downtown,Bakery,Croissant,3.5,1,3.5
176,2024-01-10,16:20:00,Downtown,Coffee,Latte,4.25,1,4.25
177,2024-01-11,10:44:00,Downtown,Bakery,Croissant,3.5,1,3.5
178,2024-01-11,14:40:00,Downtown,Bakery,Croissant,3.5,1,3.5
179,2024-01-11,07:59:00,Downtown,Coffee,Cold Brew,4.5,1,4.5
180,2024-01-11,19:34:00,Downtown,Coffee,Americano,3.25,1,3.25
181,2024-01-11,08:37:00,Downtown,Bakery,Bagel,2.75,1,2.75
182,2024-01-11,14:58:00,Riverside,Coffee,Cappuccino,4.0,1,4.0
183,2024-01-11,08:13:00,Uptown Mall,Coffee,Mocha,4.75,1,4.75
184,2024-01-11,14:45:00,Downtown,Coffee,Americano,3.25,1,3.25
185,2024-01-11,09:45:00,Uptown Mall,Bakery,Chocolate Chip Cookie,2.5,1,2.5
186,2024-01-11,13:21:00,Uptown Mall,Coffee,Mocha,4.75,1,4.75
187,2024-01-11,16:53:00,Downtown,Coffee,Americano,3.25,1,3.25
188,2024-01-11,08:40:00,Downtown,Tea,Chai Latte,4.1,2,8.2
189,2024-01-11,09:12:00,Riverside,Bakery,Croissant,3.5,2,7.0
190,2024-01-11,18:05:00,Riverside,Bakery,Chocolate Chip Cookie,2.5,1,2.5
191,2024-01-11,19:34:00,Downtown,Bakery,Chocolate Chip Cookie,2.5,1,2.5
192,2024-01-11,18:00:00,Downtown,Merchandise,Reusable Cup,9.0,1,9.0
193,2024-01-11,08:58:00,Downtown,Bakery,Croissant,3.5,1,3.5
194,2024-01-11,18:20:00,Downtown,Bakery,Bagel,2.75,1,2.75
195,2024-01-11,06:36:00,Uptown Mall,Tea,Earl Grey,3.0,1,3.0
196,2024-01-11,08:46:00,Downtown,Coffee,Espresso,2.75,1,2.75
197,2024-01-12,15:43:00,Uptown Mall,Coffee,Latte,4.25,1,4.25
198,2024-01-12,14:52:00,Downtown,Coffee,Latte,4.25,1,4.25
199,2024-01-12,08:27:00,Riverside,Coffee,Mocha,4.75,1,4.75
200,2024-01-12,07:57:00,Riverside,Coffee,Latte,4.25,1,4.25
201,2024-01-12,07:18:00,Downtown,Coffee,Mocha,4.75,1,4.75
202,2024-01-12,07:59:00,Uptown Mall,Bakery,Bagel,2.75,2,5.5
203,2024-01-12,07:13:00,Downtown,Merchandise,Reusable Cup,9.0,1,9.0
204,2024-01-12,16:37:00,Riverside,Coffee,Americano,3.25,2,6.5
205,2024-01-12,09:22:00,Uptown Mall,Coffee,Espresso,2.75,1,2.75
206,2024-01-12,17:22:00,Downtown,Bakery,Chocolate Chip Cookie,2.5,1,2.5
207,2024-01-12,16:24:00,Uptown Mall,Bakery,Croissant,3.5,1,3.5
208,2024-01-12,11:15:00,Uptown Mall,Bakery,Croissant,3.5,1,3.5
209,2024-01-12,11:52:00,Downtown,Coffee,Americano,3.25,1,3.25
210,2024-01-13,18:43:00,Riverside,Bakery,Chocolate Chip Cookie,2.5,1,2.5
211,2024-01-13,06:56:00,Uptown Mall,Coffee,Latte,4.25,1,4.25
212,2024-01-13,13:23:00,Riverside,Bakery,Blueberry Muffin,3.25,1,3.25
213,2024-01-13,11:07:00,Uptown Mall,Coffee,Americano,3.25,1,3.25
214,2024-01-13,19:57:00,Riverside,Coffee,Mocha,4.75,1,4.75
215,2024-01-13,11:07:00,Uptown Mall,Coffee,Latte,4.25,1,4.25
216,2024-01-13,14:31:00,Downtown,Coffee,Mocha,4.75,1,4.75
217,2024-01-13,07:49:00,Riverside,Coffee,Americano,3.25,3,9.75
218,2024-01-13,08:33:00,Downtown,Coffee,Mocha,4.75,2,9.5
219,2024-01-13,15:37:00,Uptown Mall,Coffee,Espresso,2.75,1,2.75
220,2024-01-13,08:17:00,Downtown,Bakery,Bagel,2.75,2,5.5
221,2024-01-13,09:16:00,Downtown,Coffee,Americano,3.25,3,9.75
222,2024-01-13,07:29:00,Riverside,Coffee,Cold Brew,4.5,1,4.5
223,2024-01-13,11:43:00,Riverside,Merchandise,Ground Coffee Bag,14.5,1,14.5
224,2024-01-13,14:31:00,Uptown Mall,Tea,Earl Grey,3.0,1,3.0
225,2024-01-13,19:50:00,Downtown,Coffee,Cappuccino,4.0,1,4.0
226,2024-01-13,18:27:00,Uptown Mall,Coffee,Latte,4.25,1,4.25
227,2024-01-13,11:56:00,Downtown,Tea,Earl Grey,3.0,1,3.0
228,2024-01-13,11:35:00,Riverside,Bakery,Blueberry Muffin,3.25,1,3.25
229,2024-01-13,08:38:00,Downtown,Merchandise,Reusable Cup,9.0,1,9.0
230,2024-01-13,12:19:00,Downtown,Coffee,Cappuccino,4.0,1,4.0
231,2024-01-13,10:01:00,Downtown,Tea,Earl Grey,3.0,1,3.0
232,2024-01-13,16:54:00,Downtown,Coffee,Espresso,2.75,2,5.5
233,2024-01-13,16:08:00,Downtown,Coffee,Cold Brew,4.5,1,4.5
234,2024-01-13,18:32:00,Riverside,Tea,Herbal Blend,3.1,1,3.1
235,2024-01-13,16:15:00,Riverside,Merchandise,Reusable Cup,9.0,1,9.0
236,2024-01-14,12:41:00,Downtown,Merchandise,Ground Coffee Bag,14.5,1,14.5
237,2024-01-14,18:10:00,Downtown,Coffee,Cold Brew,4.5,1,4.5
238,2024-01-14,17:32:00,Riverside,Bakery,Bagel,2.75,1,2.75
239,2024-01-14,10:57:00,Uptown Mall,Tea,Herbal Blend,3.1,1,3.1
240,2024-01-14,06:44:00,Uptown Mall,Bakery,Bagel,2.75,3,8.25
241,2024-01-14,12:36:00,Downtown,Bakery,Croissant,3.5,1,3.5
242,2024-01-14,12:35:00,Downtown,Coffee,Americano,3.25,1,3.25
243,2024-01-14,17:21:00,Downtown,Coffee,Americano,3.25,2,6.5
244,2024-01-14,07:50:00,Downtown,Coffee,Espresso,2.75,1,2.75
245,2024-01-14,07:17:00,Uptown Mall,Bakery,Chocolate Chip Cookie,2.5,1,2.5
246,2024-01-14,11:37:00,Uptown Mall,Coffee,Latte,4.25,1,4.25
247,2024-01-14,06:14:00,Uptown Mall,Merchandise,Reusable Cup,9.0,1,9.0
248,2024-01-14,12:06:00,Uptown Mall,Bakery,Blueberry Muffin,3.25,1,3.25
249,2024-01-14,11:17:00,Riverside,Coffee,Espresso,2.75,1,2.75
250,2024-01-14,06:59:00,Riverside,Tea,Earl Grey,3.0,3,9.0
251,2024-01-15,10:19:00,Riverside,Bakery,Croissant,3.5,3,10.5
252,2024-01-15,06:19:00,Downtown,Coffee,Latte,4.25,1,4.25
253,2024-01-15,19:24:00,Downtown,Bakery,Bagel,2.75,2,5.5
254,2024-01-15,17:16:00,Uptown Mall,Bakery,Chocolate Chip Cookie,2.5,1,2.5
255,2024-01-15,10:09:00,Riverside,Bakery,Croissant,3.5,1,3.5
256,2024-01-15,06:51:00,Downtown,Coffee,Americano,3.25,1,3.25
257,2024-01-15,16:49:00,Downtown,Coffee,Cold Brew,4.5,1,4.5
258,2024-01-15,18:27:00,Riverside,Coffee,Espresso,2.75,2,5.5
259,2024-01-15,13:44:00,Downtown,Coffee,Cold Brew,4.5,1,4.5
260,2024-01-15,13:18:00,Riverside,Bakery,Croissant,3.5,1,3.5
261,2024-01-15,15:45:00,Downtown,Coffee,Cappuccino,4.0,1,4.0
262,2024-01-15,08:03:00,Uptown Mall,Coffee,Cappuccino,4.0,1,4.0
263,2024-01-15,19:39:00,Downtown,Merchandise,Ground Coffee Bag,14.5,1,14.5
264,2024-01-16,19:52:00,Downtown,Bakery,Blueberry Muffin,3.25,3,9.75
265,2024-01-16,15:00:00,Riverside,Coffee,Cappuccino,4.0,1,4.0
266,2024-01-16,11:42:00,Downtown,Tea,Earl Grey,3.0,2,6.0
267,2024-01-16,14:17:00,Downtown,Coffee,Mocha,4.75,1,4.75
268,2024-01-16,10:33:00,Downtown,Bakery,Blueberry Muffin,3.25,2,6.5
269,2024-01-16,13:38:00,Riverside,Coffee,Espresso,2.75,1,2.75
270,2024-01-16,06:12:00,Uptown Mall,Coffee,Cold Brew,4.5,1,4.5
271,2024-01-16,08:49:00,Riverside,Tea,Herbal Blend,3.1,2,6.2
272,2024-01-16,10:12:00,Riverside,Merchandise,Ground Coffee Bag,14.5,1,14.5
273,2024-01-16,15:24:00,Downtown,Coffee,Latte,4.25,1,4.25
274,2024-01-16,07:08:00,Uptown Mall,Coffee,Latte,4.25,1,4.25
275,2024-01-16,11:20:00,Downtown,Coffee,Cappuccino,4.0,1,4.0
276,2024-01-16,17:53:00,Uptown Mall,Tea,Chai Latte,4.1,1,4.1
277,2024-01-16,07:24:00,Riverside,Coffee,Cold Brew,4.5,1,4.5
278,2024-01-16,07:49:00,Riverside,Bakery,Croissant,3.5,1,3.5
279,2024-01-16,06:28:00,Downtown,Merchandise,Ground Coffee Bag,14.5,1,14.5
280,2024-01-16,18:10:00,Uptown Mall,Tea,Herbal Blend,3.1,2,6.2
281,2024-01-16,12:48:00,Downtown,Coffee,Americano,3.25,3,9.75
282,2024-01-16,15:19:00,Downtown,Tea,Chai Latte,4.1,1,4.1
283,2024-01-16,18:40:00,Downtown,Coffee,Cold Brew,4.5,1,4.5
284,2024-01-16,11:55:00,Uptown Mall,Coffee,Cappuccino,4.0,1,4.0
285,2024-01-16,10:23:00,Riverside,Coffee,Cold Brew,4.5,1,4.5
286,2024-01-16,11:19:00,Downtown,Tea,Chai Latte,4.1,1,4.1
287,2024-01-17,13:43:00,Downtown,Coffee,Cappuccino,4.0,1,4.0
288,2024-01-17,13:31:00,Downtown,Coffee,Cold Brew,4.5,1,4.5
289,2024-01-17,07:40:00,Downtown,Merchandise,Gift Card,25.0,1,25.0
290,2024-01-17,11:58:00,Riverside,Merchandise,Gift Card,25.0,2,50.0
291,2024-01-17,18:33:00,Downtown,Coffee,Espresso,2.75,1,2.75
292,2024-01-17,17:27:00,Riverside,Bakery,Croissant,3.5,1,3.5
293,2024-01-17,18:52:00,Downtown,Bakery,Croissant,3.5,1,3.5
294,2024-01-17,09:08:00,Uptown Mall,Tea,Green Tea,3.0,1,3.0
295,2024-01-17,07:57:00,Uptown Mall,Coffee,Cappuccino,4.0,2,8.0
296,2024-01-17,14:07:00,Downtown,Coffee,Mocha,4.75,2,9.5
297,2024-01-17,09:33:00,Uptown Mall,Bakery,Croissant,3.5,1,3.5
298,2024-01-17,11:07:00,Downtown,Tea,Herbal Blend,3.1,1,3.1
299,2024-01-18,17:43:00,Downtown,Bakery,Croissant,3.5,1,3.5
300,2024-01-18,13:27:00,Riverside,Coffee,Mocha,4.75,1,4.75
301,2024-01-18,15:08:00,Riverside,Coffee,Americano,3.25,1,3.25
302,2024-01-18,19:12:00,Downtown,Coffee,Espresso,2.75,1,2.75
303,2024-01-18,10:11:00,Uptown Mall,Coffee,Cappuccino,4.0,1,4.0
304,2024-01-18,09:04:00,Riverside,Bakery,Blueberry Muffin,3.25,3,9.75
305,2024-01-18,14:21:00,Downtown,Bakery,Bagel,2.75,1,2.75
306,2024-01-18,12:57:00,Downtown,Coffee,Espresso,2.75,3,8.25
307,2024-01-18,10:18:00,Downtown,Bakery,Chocolate Chip Cookie,2.5,2,5.0
308,2024-01-18,09:03:00,Uptown Mall,Bakery,Bagel,2.75,1,2.75
309,2024-01-18,13:42:00,Riverside,Coffee,Cold Brew,4.5,2,9.0
310,2024-01-18,08:58:00,Downtown,Coffee,Cappuccino,4.0,1,4.0
311,2024-01-18,10:40:00,Downtown,Coffee,Americano,3.25,2,6.5
312,2024-01-19,17:21:00,Uptown Mall,Bakery,Chocolate Chip Cookie,2.5,3,7.5
313,2024-01-19,10:32:00,Riverside,Coffee,Mocha,4.75,1,4.75
314,2024-01-19,19:27:00,Riverside,Bakery,Croissant,3.5,1,3.5
315,2024-01-19,08:23:00,Downtown,Coffee,Cappuccino,4.0,1,4.0
316,2024-01-19,16:50:00,Uptown Mall,Coffee,Americano,3.25,1,3.25
317,2024-01-19,18:12:00,Uptown Mall,Coffee,Americano,3.25,1,3.25
318,2024-01-19,13:02:00,Uptown Mall,Coffee,Cappuccino,4.0,2,8.0
319,2024-01-19,19:03:00,Downtown,Coffee,Latte,4.25,1,4.25
320,2024-01-19,18:47:00,Riverside,Tea,Chai Latte,4.1,1,4.1
321,2024-01-19,15:51:00,Uptown Mall,Bakery,Croissant,3.5,1,3.5
322,2024-01-19,07:37:00,Downtown,Coffee,Espresso,2.75,1,2.75
323,2024-01-19,07:32:00,Downtown,Coffee,Mocha,4.75,1,4.75
324,2024-01-19,15:48:00,Downtown,Coffee,Latte,4.25,1,4.25
325,2024-01-19,16:56:00,Downtown,Bakery,Croissant,3.5,1,3.5
326,2024-01-19,12:56:00,Riverside,Coffee,Americano,3.25,1,3.25
327,2024-01-19,13:28:00,Downtown,Merchandise,Ground Coffee Bag,14.5,1,14.5
328,2024-01-19,14:36:00,Riverside,Coffee,Cold Brew,4.5,1,4.5
329,2024-01-19,12:53:00,Riverside,Merchandise,12oz Mug,12.0,1,12.0
330,2024-01-19,17:54:00,Uptown Mall,Coffee,Cold Brew,4.5,1,4.5
331,2024-01-19,16:37:00,Downtown,Tea,Chai Latte,4.1,2,8.2
332,2024-01-19,15:35:00,Downtown,Tea,Herbal Blend,3.1,2,6.2
333,2024-01-19,06:44:00,Riverside,Bakery,Blueberry Muffin,3.25,1,3.25
334,2024-01-20,11:11:00,Riverside,Bakery,Croissant,3.5,1,3.5
335,2024-01-20,18:05:00,Downtown,Bakery,Croissant,3.5,1,3.5
336,2024-01-20,11:17:00,Riverside,Coffee,Mocha,4.75,1,4.75
337,2024-01-20,16:45:00,Downtown,Bakery,Chocolate Chip Cookie,2.5,1,2.5
338,2024-01-20,11:16:00,Downtown,Coffee,Cappuccino,4.0,1,4.0
339,2024-01-20,13:25:00,Downtown,Coffee,Cold Brew,4.5,1,4.5
340,2024-01-20,07:48:00,Downtown,Bakery,Blueberry Muffin,3.25,1,3.25
341,2024-01-20,09:13:00,Downtown,Bakery,Blueberry Muffin,3.25,1,3.25
342,2024-01-20,18:45:00,Downtown,Coffee,Cappuccino,4.0,1,4.0
343,2024-01-20,07:51:00,Downtown,Coffee,Cappuccino,4.0,1,4.0
344,2024-01-20,06:55:00,Riverside,Coffee,Cappuccino,4.0,1,4.0
345,2024-01-20,18:26:00,Riverside,Tea,Green Tea,3.0,3,9.0
346,2024-01-20,11:27:00,Downtown,Merchandise,Gift Card,25.0,1,25.0
347,2024-01-20,12:27:00,Downtown,Coffee,Americano,3.25,1,3.25
348,2024-01-20,19:06:00,Downtown,Tea,Earl Grey,3.0,2,6.0
349,2024-01-20,17:07:00,Uptown Mall,Bakery,Croissant,3.5,3,10.5
350,2024-01-20,16:16:00,Riverside,Coffee,Mocha,4.75,1,4.75
351,2024-01-20,10:12:00,Downtown,Merchandise,Ground Coffee Bag,14.5,1,14.5
352,2024-01-20,14:56:00,Downtown,Coffee,Latte,4.25,1,4.25
353,2024-01-20,15:13:00,Downtown,Bakery,Croissant,3.5,1,3.5
354,2024-01-20,16:08:00,Riverside,Coffee,Cold Brew,4.5,2,9.0
355,2024-01-20,09:33:00,Uptown Mall,Bakery,Blueberry Muffin,3.25,1,3.25
356,2024-01-20,15:15:00,Uptown Mall,Coffee,Latte,4.25,1,4.25
357,2024-01-21,17:12:00,Downtown,Coffee,Cold Brew,4.5,2,9.0
358,2024-01-21,19:53:00,Downtown,Tea,Chai Latte,4.1,1,4.1
359,2024-01-21,07:23:00,Riverside,Bakery,Chocolate Chip Cookie,2.5,1,2.5
360,2024-01-21,08:26:00,Downtown,Coffee,Latte,4.25,1,4.25
361,2024-01-21,16:41:00,Uptown Mall,Bakery,Blueberry Muffin,3.25,1,3.25
362,2024-01-21,11:59:00,Downtown,Coffee,Americano,3.25,2,6.5
363,2024-01-21,11:28:00,Downtown,Bakery,Chocolate Chip Cookie,2.5,1,2.5
364,2024-01-21,12:12:00,Uptown Mall,Coffee,Cappuccino,4.0,1,4.0
365,2024-01-21,14:16:00,Downtown,Bakery,Bagel,2.75,1,2.75
366,2024-01-21,19:24:00,Downtown,Coffee,Espresso,2.75,1,2.75
367,2024-01-21,07:09:00,Riverside,Coffee,Mocha,4.75,1,4.75
368,2024-01-21,08:14:00,Uptown Mall,Bakery,Croissant,3.5,2,7.0
369,2024-01-21,18:52:00,Downtown,Coffee,Mocha,4.75,1,4.75
370,2024-01-21,16:09:00,Uptown Mall,Tea,Earl Grey,3.0,1,3.0
371,2024-01-21,06:52:00,Riverside,Bakery,Bagel,2.75,1,2.75
372,2024-01-21,17:25:00,Downtown,Bakery,Croissant,3.5,1,3.5
373,2024-01-21,15:30:00,Riverside,Coffee,Espresso,2.75,1,2.75
374,2024-01-21,17:46:00,Downtown,Coffee,Cold Brew,4.5,2,9.0
375,2024-01-21,17:11:00,Uptown Mall,Tea,Earl Grey,3.0,1,3.0
376,2024-01-21,16:23:00,Uptown Mall,Merchandise,12oz Mug,12.0,2,24.0
377,2024-01-21,06:59:00,Downtown,Tea,Chai Latte,4.1,1,4.1
378,2024-01-21,18:36:00,Uptown Mall,Coffee,Americano,3.25,1,3.25
379,2024-01-21,16:18:00,Uptown Mall,Merchandise,Ground Coffee Bag,14.5,2,29.0
380,2024-01-21,14:56:00,Uptown Mall,Coffee,Latte,4.25,1,4.25
381,2024-01-22,15:28:00,Riverside,Coffee,Mocha,4.75,1,4.75
382,2024-01-22,16:01:00,Downtown,Coffee,Espresso,2.75,2,5.5
383,2024-01-22,06:31:00,Downtown,Merchandise,Gift Card,25.0,1,25.0
384,2024-01-22,10:12:00,Riverside,Bakery,Bagel,2.75,2,5.5
385,2024-01-22,09:20:00,Downtown,Bakery,Bagel,2.75,1,2.75
386,2024-01-22,11:44:00,Riverside,Bakery,Bagel,2.75,1,2.75
387,2024-01-22,12:01:00,Downtown,Coffee,Espresso,2.75,1,2.75
388,2024-01-22,19:34:00,Downtown,Bakery,Bagel,2.75,1,2.75
389,2024-01-22,18:49:00,Downtown,Merchandise,12oz Mug,12.0,2,24.0
390,2024-01-22,08:07:00,Downtown,Coffee,Latte,4.25,1,4.25
391,2024-01-22,07:44:00,Uptown Mall,Merchandise,12oz Mug,12.0,1,12.0
392,2024-01-22,11:52:00,Riverside,Bakery,Chocolate Chip Cookie,2.5,1,2.5
393,2024-01-23,15:20:00,Riverside,Bakery,Chocolate Chip Cookie,2.5,1,2.5
394,2024-01-23,17:45:00,Downtown,Coffee,Cappuccino,4.0,1,4.0
395,2024-01-23,19:41:00,Uptown Mall,Bakery,Croissant,3.5,1,3.5
396,2024-01-23,16:27:00,Downtown,Coffee,Mocha,4.75,1,4.75
397,2024-01-23,19:34:00,Downtown,Merchandise,Reusable Cup,9.0,1,9.0
398,2024-01-23,14:55:00,Riverside,Tea,Chai Latte,4.1,1,4.1
399,2024-01-23,13:40:00,Downtown,Tea,Green Tea,3.0,1,3.0
400,2024-01-23,11:19:00,Downtown,Coffee,Espresso,2.75,1,2.75
401,2024-01-23,17:49:00,Riverside,Bakery,Blueberry Muffin,3.25,1,3.25
402,2024-01-23,12:43:00,Riverside,Bakery,Bagel,2.75,1,2.75
403,2024-01-23,14:36:00,Riverside,Coffee,Mocha,4.75,1,4.75
404,2024-01-23,13:20:00,Uptown Mall,Coffee,Cappuccino,4.0,1,4.0
405,2024-01-23,13:27:00,Downtown,Coffee,Cappuccino,4.0,2,8.0
406,2024-01-23,07:21:00,Downtown,Coffee,Espresso,2.75,1,2.75
407,2024-01-23,09:34:00,Downtown,Bakery,Bagel,2.75,1,2.75
408,2024-01-23,08:23:00,Downtown,Merchandise,Gift Card,25.0,1,25.0
409,2024-01-23,08:13:00,Uptown Mall,Coffee,Americano,3.25,1,3.25
410,2024-01-24,11:59:00,Downtown,Bakery,Chocolate Chip Cookie,2.5,2,5.0
411,2024-01-24,09:45:00,Riverside,Coffee,Cappuccino,4.0,1,4.0
412,2024-01-24,10:38:00,Uptown Mall,Merchandise,Gift Card,25.0,1,25.0
413,2024-01-24,08:13:00,Uptown Mall,Merchandise,Ground Coffee Bag,14.5,1,14.5
414,2024-01-24,12:59:00,Uptown Mall,Coffee,Latte,4.25,3,12.75
415,2024-01-24,09:04:00,Riverside,Bakery,Bagel,2.75,1,2.75
416,2024-01-24,11:24:00,Riverside,Coffee,Americano,3.25,1,3.25
417,2024-01-24,10:31:00,Downtown,Coffee,Cappuccino,4.0,1,4.0
418,2024-01-24,07:45:00,Riverside,Coffee,Mocha,4.75,1,4.75
419,2024-01-24,10:53:00,Riverside,Coffee,Mocha,4.75,1,4.75
420,2024-01-24,18:34:00,Downtown,Coffee,Latte,4.25,1,4.25
421,2024-01-24,08:40:00,Downtown,Bakery,Croissant,3.5,1,3.5
422,2024-01-24,14:53:00,Downtown,Coffee,Cappuccino,4.0,2,8.0
423,2024-01-24,18:53:00,Downtown,Coffee,Americano,3.25,1,3.25
424,2024-01-24,08:35:00,Uptown Mall,Tea,Green Tea,3.0,1,3.0
425,2024-01-24,10:44:00,Downtown,Coffee,Americano,3.25,1,3.25
426,2024-01-24,12:42:00,Downtown,Coffee,Latte,4.25,1,4.25
427,2024-01-24,15:31:00,Uptown Mall,Coffee,Americano,3.25,1,3.25
428,2024-01-24,18:28:00,Riverside,Bakery,Bagel,2.75,1,2.75
429,2024-01-24,06:09:00,Riverside,Coffee,Latte,4.25,1,4.25
430,2024-01-24,13:55:00,Downtown,Coffee,Cappuccino,4.0,2,8.0
431,2024-01-24,06:30:00,Uptown Mall,Merchandise,Reusable Cup,9.0,2,18.0
432,2024-01-24,08:54:00,Uptown Mall,Bakery,Croissant,3.5,3,10.5
433,2024-01-25,06:36:00,Riverside,Coffee,Americano,3.25,2,6.5
434,2024-01-25,14:42:00,Riverside,Coffee,Americano,3.25,1,3.25
435,2024-01-25,13:28:00,Riverside,Bakery,Croissant,3.5,2,7.0
436,2024-01-25,19:58:00,Downtown,Coffee,Mocha,4.75,1,4.75
437,2024-01-25,14:56:00,Riverside,Coffee,Latte,4.25,1,4.25
438,2024-01-25,18:47:00,Uptown Mall,Coffee,Mocha,4.75,1,4.75
439,2024-01-25,07:15:00,Riverside,Tea,Green Tea,3.0,2,6.0
440,2024-01-25,08:51:00,Riverside,Merchandise,Reusable Cup,9.0,1,9.0
441,2024-01-25,16:45:00,Downtown,Coffee,Cappuccino,4.0,1,4.0
442,2024-01-25,17:02:00,Uptown Mall,Coffee,Espresso,2.75,1,2.75
443,2024-01-25,08:06:00,Uptown Mall,Merchandise,Ground Coffee Bag,14.5,1,14.5
444,2024-01-25,07:07:00,Riverside,Coffee,Latte,4.25,1,4.25
445,2024-01-25,08:26:00,Downtown,Coffee,Espresso,2.75,1,2.75
446,2024-01-25,09:18:00,Riverside,Coffee,Latte,4.25,1,4.25
447,2024-01-26,07:20:00,Downtown,Tea,Herbal Blend,3.1,1,3.1
448,2024-01-26,06:22:00,Riverside,Coffee,Cappuccino,4.0,2,8.0
449,2024-01-26,06:51:00,Downtown,Tea,Green Tea,3.0,1,3.0
450,2024-01-26,17:56:00,Downtown,Coffee,Cappuccino,4.0,1,4.0
451,2024-01-26,16:30:00,Uptown Mall,Tea,Green Tea,3.0,1,3.0
452,2024-01-26,16:02:00,Downtown,Merchandise,Reusable Cup,9.0,3,27.0
453,2024-01-26,08:11:00,Uptown Mall,Coffee,Americano,3.25,1,3.25
454,2024-01-26,13:19:00,Riverside,Coffee,Espresso,2.75,2,5.5
455,2024-01-26,12:43:00,Downtown,Merchandise,Ground Coffee Bag,14.5,1,14.5
456,2024-01-26,06:05:00,Downtown,Coffee,Mocha,4.75,1,4.75
457,2024-01-26,13:52:00,Downtown,Merchandise,Reusable Cup,9.0,3,27.0
458,2024-01-26,07:16:00,Uptown Mall,Bakery,Chocolate Chip Cookie,2.5,1,2.5
459,2024-01-26,13:42:00,Downtown,Coffee,Latte,4.25,3,12.75
460,2024-01-26,13:12:00,Riverside,Coffee,Latte,4.25,1,4.25
461,2024-01-26,15:24:00,Downtown,Coffee,Americano,3.25,1,3.25
462,2024-01-26,15:21:00,Uptown Mall,Bakery,Blueberry Muffin,3.25,1,3.25
463,2024-01-27,12:20:00,Downtown,Coffee,Americano,3.25,2,6.5
464,2024-01-27,07:20:00,Riverside,Coffee,Americano,3.25,1,3.25
465,2024-01-27,09:36:00,Riverside,Bakery,Croissant,3.5,2,7.0
466,2024-01-27,19:06:00,Downtown,Bakery,Chocolate Chip Cookie,2.5,1,2.5
467,2024-01-27,12:36:00,Downtown,Coffee,Americano,3.25,1,3.25
468,2024-01-27,09:45:00,Downtown,Merchandise,Reusable Cup,9.0,1,9.0
469,2024-01-27,10:16:00,Downtown,Coffee,Latte,4.25,1,4.25
470,2024-01-27,11:19:00,Downtown,Coffee,Cappuccino,4.0,1,4.0
471,2024-01-27,10:45:00,Uptown Mall,Coffee,Espresso,2.75,1,2.75
472,2024-01-27,13:01:00,Downtown,Merchandise,12oz Mug,12.0,1,12.0
473,2024-01-27,12:53:00,Downtown,Bakery,Bagel,2.75,2,5.5
474,2024-01-27,17:29:00,Uptown Mall,Bakery,Chocolate Chip Cookie,2.5,1,2.5
475,2024-01-27,06:05:00,Riverside,Merchandise,12oz Mug,12.0,1,12.0
476,2024-01-27,16:31:00,Riverside,Coffee,Cold Brew,4.5,1,4.5
477,2024-01-27,19:24:00,Downtown,Coffee,Mocha,4.75,1,4.75
478,2024-01-28,17:25:00,Uptown Mall,Coffee,Cappuccino,4.0,1,4.0
479,2024-01-28,18:44:00,Downtown,Coffee,Mocha,4.75,1,4.75
480,2024-01-28,11:30:00,Downtown,Coffee,Americano,3.25,1,3.25
481,2024-01-28,13:57:00,Uptown Mall,Coffee,Americano,3.25,1,3.25
482,2024-01-28,12:58:00,Uptown Mall,Merchandise,Ground Coffee Bag,14.5,1,14.5
483,2024-01-28,13:18:00,Uptown Mall,Coffee,Mocha,4.75,1,4.75
484,2024-01-28,19:06:00,Riverside,Coffee,Americano,3.25,2,6.5
485,2024-01-28,06:00:00,Uptown Mall,Bakery,Blueberry Muffin,3.25,1,3.25
486,2024-01-28,06:39:00,Downtown,Coffee,Espresso,2.75,1,2.75
487,2024-01-28,18:07:00,Downtown,Merchandise,Ground Coffee Bag,14.5,1,14.5
488,2024-01-28,12:09:00,Downtown,Bakery,Chocolate Chip Cookie,2.5,1,2.5
489,2024-01-28,12:46:00,Riverside,Merchandise,Gift Card,25.0,2,50.0
490,2024-01-28,14:55:00,Uptown Mall,Coffee,Mocha,4.75,1,4.75
491,2024-01-28,10:18:00,Downtown,Coffee,Latte,4.25,1,4.25
492,2024-01-28,12:42:00,Downtown,Bakery,Croissant,3.5,1,3.5
493,2024-01-28,15:26:00,Riverside,Coffee,Espresso,2.75,1,2.75
494,2024-01-28,11:52:00,Downtown,Merchandise,12oz Mug,12.0,1,12.0
495,2024-01-28,11:50:00,Downtown,Coffee,Mocha,4.75,1,4.75
496,2024-01-28,15:23:00,Downtown,Coffee,Espresso,2.75,1,2.75
497,2024-01-28,14:41:00,Downtown,Coffee,Latte,4.25,1,4.25
498,2024-01-28,10:35:00,Uptown Mall,Bakery,Chocolate Chip Cookie,2.5,1,2.5
499,2024-01-28,18:42:00,Downtown,Coffee,Espresso,2.75,1,2.75
500,2024-01-28,17:27:00,Downtown,Tea,Chai Latte,4.1,3,12.3
501,2024-01-28,07:04:00,Riverside,Tea,Green Tea,3.0,1,3.0
502,2024-01-29,14:35:00,Uptown Mall,Bakery,Chocolate Chip Cookie,2.5,1,2.5
503,2024-01-29,07:33:00,Downtown,Bakery,Bagel,2.75,1,2.75
504,2024-01-29,15:53:00,Downtown,Bakery,Bagel,2.75,1,2.75
505,2024-01-29,15:05:00,Uptown Mall,Bakery,Blueberry Muffin,3.25,1,3.25
506,2024-01-29,08:09:00,Uptown Mall,Bakery,Croissant,3.5,1,3.5
507,2024-01-29,14:17:00,Downtown,Tea,Earl Grey,3.0,1,3.0
508,2024-01-29,06:59:00,Riverside,Bakery,Chocolate Chip Cookie,2.5,1,2.5
509,2024-01-29,09:29:00,Downtown,Bakery,Bagel,2.75,1,2.75
510,2024-01-29,13:37:00,Riverside,Coffee,Cold Brew,4.5,1,4.5
511,2024-01-29,11:23:00,Downtown,Merchandise,Gift Card,25.0,1,25.0
512,2024-01-29,10:49:00,Uptown Mall,Coffee,Espresso,2.75,1,2.75
513,2024-01-29,19:04:00,Downtown,Merchandise,Ground Coffee Bag,14.5,1,14.5
514,2024-01-29,09:07:00,Downtown,Coffee,Latte,4.25,3,12.75
515,2024-01-29,17:34:00,Downtown,Tea,Green Tea,3.0,1,3.0
516,2024-01-29,07:12:00,Riverside,Bakery,Blueberry Muffin,3.25,1,3.25
517,2024-01-29,15:04:00,Downtown,Coffee,Mocha,4.75,1,4.75
518,2024-01-29,16:00:00,Riverside,Coffee,Americano,3.25,1,3.25
519,2024-01-29,07:05:00,Downtown,Bakery,Croissant,3.5,2,7.0
520,2024-01-29,17:46:00,Riverside,Coffee,Americano,3.25,1,3.25
521,2024-01-29,06:30:00,Uptown Mall,Bakery,Blueberry Muffin,3.25,1,3.25
522,2024-01-30,10:28:00,Uptown Mall,Bakery,Croissant,3.5,1,3.5
523,2024-01-30,15:03:00,Downtown,Tea,Herbal Blend,3.1,1,3.1
524,2024-01-30,11:19:00,Downtown,Coffee,Cappuccino,4.0,1,4.0
525,2024-01-30,11:12:00,Uptown Mall,Coffee,Mocha,4.75,1,4.75
526,2024-01-30,19:50:00,Downtown,Coffee,Americano,3.25,1,3.25
527,2024-01-30,06:10:00,Uptown Mall,Coffee,Americano,3.25,1,3.25
528,2024-01-30,07:04:00,Riverside,Coffee,Mocha,4.75,1,4.75
529,2024-01-30,11:11:00,Riverside,Bakery,Bagel,2.75,1,2.75
530,2024-01-30,13:07:00,Riverside,Coffee,Mocha,4.75,1,4.75
531,2024-01-30,17:23:00,Uptown Mall,Tea,Green Tea,3.0,1,3.0
532,2024-01-30,16:17:00,Downtown,Coffee,Cold Brew,4.5,1,4.5
533,2024-01-30,15:11:00,Downtown,Merchandise,Reusable Cup,9.0,3,27.0
534,2024-01-30,11:14:00,Riverside,Coffee,Americano,3.25,1,3.25
535,2024-01-30,19:45:00,Downtown,Coffee,Mocha,4.75,1,4.75
536,2024-01-30,19:43:00,Downtown,Coffee,Cold Brew,4.5,2,9.0
537,2024-01-30,14:53:00,Uptown Mall,Tea,Herbal Blend,3.1,1,3.1
538,2024-01-31,10:03:00,Uptown Mall,Tea,Chai Latte,4.1,1,4.1
539,2024-01-31,15:45:00,Uptown Mall,Tea,Earl Grey,3.0,1,3.0
540,2024-01-31,08:50:00,Riverside,Coffee,Espresso,2.75,1,2.75
541,2024-01-31,17:34:00,Riverside,Coffee,Americano,3.25,1,3.25
542,2024-01-31,16:47:00,Uptown Mall,Tea,Earl Grey,3.0,1,3.0
543,2024-01-31,16:06:00,Downtown,Coffee,Americano,3.25,1,3.25
544,2024-01-31,18:23:00,Downtown,Coffee,Mocha,4.75,1,4.75
545,2024-01-31,18:49:00,Riverside,Coffee,Americano,3.25,1,3.25
546,2024-01-31,10:02:00,Uptown Mall,Tea,Chai Latte,4.1,1,4.1
547,2024-01-31,10:03:00,Downtown,Coffee,Cold Brew,4.5,1,4.5
548,2024-01-31,11:59:00,Riverside,Coffee,Espresso,2.75,2,5.5
549,2024-01-31,06:48:00,Downtown,Coffee,Latte,4.25,1,4.25
550,2024-01-31,17:54:00,Riverside,Bakery,Bagel,2.75,1,2.75
551,2024-01-31,19:55:00,Uptown Mall,Coffee,Mocha,4.75,1,4.75
552,2024-01-31,13:40:00,Uptown Mall,Coffee,Mocha,4.75,1,4.75
553,2024-01-31,16:57:00,Uptown Mall,Coffee,Cappuccino,4.0,1,4.0
554,2024-01-31,06:03:00,Uptown Mall,Coffee,Mocha,4.75,2,9.5
555,2024-01-31,15:25:00,Downtown,Tea,Earl Grey,3.0,1,3.0
556,2024-01-31,09:01:00,Downtown,Coffee,Cold Brew,4.5,2,9.0
557,2024-01-31,10:09:00,Riverside,Coffee,Latte,4.25,1,4.25
558,2024-02-01,12:09:00,Uptown Mall,Tea,Chai Latte,4.1,2,8.2
559,2024-02-01,17:36:00,Riverside,Merchandise,Gift Card,25.0,1,25.0
560,2024-02-01,06:57:00,Riverside,Tea,Earl Grey,3.0,1,3.0
561,2024-02-01,11:18:00,Riverside,Bakery,Croissant,3.5,1,3.5
562,2024-02-01,17:14:00,Riverside,Coffee,Americano,3.25,1,3.25
563,2024-02-01,19:56:00,Downtown,Coffee,Espresso,2.75,1,2.75
564,2024-02-01,07:38:00,Uptown Mall,Coffee,Latte,4.25,1,4.25
565,2024-02-01,15:15:00,Downtown,Coffee,Americano,3.25,1,3.25
566,2024-02-01,14:40:00,Riverside,Coffee,Cappuccino,4.0,1,4.0
567,2024-02-01,14:43:00,Downtown,Coffee,Cold Brew,4.5,1,4.5
568,2024-02-01,11:00:00,Riverside,Tea,Green Tea,3.0,3,9.0
569,2024-02-01,17:15:00,Riverside,Bakery,Blueberry Muffin,3.25,1,3.25
570,2024-02-01,07:55:00,Downtown,Bakery,Chocolate Chip Cookie,2.5,1,2.5
571,2024-02-01,07:36:00,Downtown,Bakery,Blueberry Muffin,3.25,1,3.25
572,2024-02-01,08:27:00,Downtown,Coffee,Cappuccino,4.0,1,4.0
573,2024-02-01,18:49:00,Downtown,Bakery,Chocolate Chip Cookie,2.5,1,2.5
574,2024-02-01,11:24:00,Uptown Mall,Merchandise,Ground Coffee Bag,14.5,1,14.5
575,2024-02-01,11:42:00,Riverside,Merchandise,Ground Coffee Bag,14.5,1,14.5
576,2024-02-01,12:36:00,Downtown,Coffee,Cold Brew,4.5,1,4.5
577,2024-02-01,10:31:00,Uptown Mall,Tea,Green Tea,3.0,2,6.0
578,2024-02-01,07:29:00,Downtown,Bakery,Blueberry Muffin,3.25,1,3.25
579,2024-02-02,10:52:00,Uptown Mall,Bakery,Bagel,2.75,2,5.5
580,2024-02-02,19:42:00,Downtown,Coffee,Americano,3.25,1,3.25
581,2024-02-02,15:14:00,Downtown,Coffee,Americano,3.25,1,3.25
582,2024-02-02,18:11:00,Riverside,Coffee,Cold Brew,4.5,1,4.5
583,2024-02-02,09:49:00,Downtown,Coffee,Cappuccino,4.0,1,4.0
584,2024-02-02,16:15:00,Uptown Mall,Bakery,Bagel,2.75,1,2.75
585,2024-02-02,18:47:00,Riverside,Bakery,Blueberry Muffin,3.25,1,3.25
586,2024-02-02,19:23:00,Uptown Mall,Bakery,Croissant,3.5,1,3.5
587,2024-02-02,08:23:00,Riverside,Coffee,Cold Brew,4.5,2,9.0
588,2024-02-02,09:54:00,Downtown,Coffee,Cold Brew,4.5,2,9.0
589,2024-02-02,13:48:00,Uptown Mall,Coffee,Cappuccino,4.0,1,4.0
590,2024-02-02,14:34:00,Riverside,Coffee,Cold Brew,4.5,1,4.5
591,2024-02-02,10:34:00,Riverside,Coffee,Cappuccino,4.0,1,4.0
592,2024-02-02,17:39:00,Downtown,Coffee,Cold Brew,4.5,1,4.5
593,2024-02-02,07:34:00,Downtown,Bakery,Bagel,2.75,1,2.75
594,2024-02-02,09:29:00,Downtown,Bakery,Blueberry Muffin,3.25,1,3.25
595,2024-02-03,11:29:00,Uptown Mall,Merchandise,Ground Coffee Bag,14.5,2,29.0
596,2024-02-03,13:01:00,Downtown,Coffee,Mocha,4.75,2,9.5
597,2024-02-03,15:43:00,Downtown,Bakery,Bagel,2.75,1,2.75
598,2024-02-03,13:53:00,Downtown,Bakery,Bagel,2.75,1,2.75
599,2024-02-03,14:18:00,Downtown,Coffee,Americano,3.25,3,9.75
600,2024-02-03,19:13:00,Riverside,Coffee,Latte,4.25,2,8.5
601,2024-02-03,06:55:00,Riverside,Merchandise,Ground Coffee Bag,14.5,1,14.5
602,2024-02-03,11:10:00,Riverside,Coffee,Cold Brew,4.5,1,4.5
603,2024-02-03,07:53:00,Uptown Mall,Bakery,Blueberry Muffin,3.25,1,3.25
604,2024-02-03,06:20:00,Downtown,Coffee,Espresso,2.75,1,2.75
605,2024-02-03,08:05:00,Riverside,Coffee,Cold Brew,4.5,1,4.5
606,2024-02-03,13:10:00,Uptown Mall,Coffee,Americano,3.25,2,6.5
607,2024-02-03,16:46:00,Downtown,Coffee,Cappuccino,4.0,1,4.0
608,2024-02-03,06:43:00,Uptown Mall,Coffee,Cappuccino,4.0,1,4.0
609,2024-02-03,18:30:00,Uptown Mall,Coffee,Americano,3.25,1,3.25
610,2024-02-03,12:39:00,Uptown Mall,Tea,Earl Grey,3.0,1,3.0
611,2024-02-03,10:30:00,Uptown Mall,Coffee,Americano,3.25,1,3.25
612,2024-02-03,17:59:00,Downtown,Tea,Chai Latte,4.1,2,8.2
613,2024-02-03,18:36:00,Uptown Mall,Bakery,Croissant,3.5,1,3.5
614,2024-02-03,07:15:00,Downtown,Tea,Chai Latte,4.1,1,4.1
615,2024-02-03,07:18:00,Downtown,Coffee,Cold Brew,4.5,1,4.5
616,2024-02-03,15:32:00,Uptown Mall,Tea,Green Tea,3.0,1,3.0
617,2024-02-03,17:13:00,Riverside,Coffee,Americano,3.25,1,3.25
618,2024-02-04,14:32:00,Downtown,Bakery,Croissant,3.5,1,3.5
619,2024-02-04,06:29:00,Downtown,Bakery,Chocolate Chip Cookie,2.5,3,7.5
620,2024-02-04,07:34:00,Downtown,Tea,Earl Grey,3.0,1,3.0
621,2024-02-04,06:02:00,Uptown Mall,Coffee,Cold Brew,4.5,1,4.5
622,2024-02-04,06:31:00,Riverside,Tea,Chai Latte,4.1,1,4.1
623,2024-02-04,07:55:00,Downtown,Tea,Chai Latte,4.1,1,4.1
624,2024-02-04,06:55:00,Uptown Mall,Tea,Earl Grey,3.0,2,6.0
625,2024-02-04,17:48:00,Riverside,Coffee,Cold Brew,4.5,1,4.5
626,2024-02-04,12:45:00,Uptown Mall,Coffee,Mocha,4.75,1,4.75
627,2024-02-04,12:16:00,Downtown,Tea,Earl Grey,3.0,1,3.0
628,2024-02-04,17:45:00,Downtown,Coffee,Latte,4.25,1,4.25
629,2024-02-04,18:13:00,Downtown,Coffee,Latte,4.25,1,4.25
630,2024-02-04,11:18:00,Downtown,Bakery,Chocolate Chip Cookie,2.5,1,2.5
631,2024-02-04,09:56:00,Riverside,Coffee,Cold Brew,4.5,1,4.5
632,2024-02-04,16:41:00,Downtown,Coffee,Latte,4.25,1,4.25
633,2024-02-04,11:24:00,Downtown,Coffee,Americano,3.25,1,3.25
634,2024-02-04,13:45:00,Downtown,Coffee,Americano,3.25,2,6.5
635,2024-02-04,12:14:00,Downtown,Coffee,Americano,3.25,1,3.25
636,2024-02-04,09:32:00,Riverside,Coffee,Espresso,2.75,1,2.75
637,2024-02-04,10:32:00,Downtown,Coffee,Espresso,2.75,1,2.75
638,2024-02-04,09:23:00,Uptown Mall,Coffee,Latte,4.25,1,4.25
639,2024-02-04,18:58:00,Riverside,Coffee,Espresso,2.75,1,2.75
640,2024-02-04,19:24:00,Uptown Mall,Tea,Earl Grey,3.0,1,3.0
641,2024-02-04,07:23:00,Uptown Mall,Tea,Green Tea,3.0,1,3.0
642,2024-02-04,19:17:00,Riverside,Coffee,Cappuccino,4.0,1,4.0
643,2024-02-04,11:34:00,Riverside,Coffee,Mocha,4.75,2,9.5
644,2024-02-04,13:19:00,Riverside,Coffee,Americano,3.25,1,3.25
645,2024-02-04,18:02:00,Riverside,Coffee,Espresso,2.75,2,5.5
646,2024-02-04,06:36:00,Riverside,Merchandise,Reusable Cup,9.0,1,9.0
647,2024-02-05,15:20:00,Downtown,Tea,Chai Latte,4.1,1,4.1
648,2024-02-05,18:33:00,Uptown Mall,Tea,Earl Grey,3.0,1,3.0
649,2024-02-05,12:54:00,Downtown,Tea,Herbal Blend,3.1,1,3.1
650,2024-02-05,17:13:00,Uptown Mall,Coffee,Latte,4.25,3,12.75
651,2024-02-05,09:32:00,Downtown,Coffee,Americano,3.25,1,3.25
652,2024-02-05,19:09:00,Uptown Mall,Merchandise,Gift Card,25.0,2,50.0
653,2024-02-05,18:41:00,Downtown,Coffee,Cappuccino,4.0,1,4.0
654,2024-02-05,15:54:00,Uptown Mall,Coffee,Espresso,2.75,1,2.75
655,2024-02-05,07:55:00,Downtown,Merchandise,Gift Card,25.0,1,25.0
656,2024-02-05,08:34:00,Downtown,Coffee,Americano,3.25,1,3.25
657,2024-02-05,15:56:00,Uptown Mall,Coffee,Latte,4.25,1,4.25
658,2024-02-05,15:42:00,Riverside,Bakery,Chocolate Chip Cookie,2.5,1,2.5
659,2024-02-06,16:05:00,Riverside,Tea,Herbal Blend,3.1,1,3.1
660,2024-02-06,09:55:00,Riverside,Coffee,Cold Brew,4.5,1,4.5
661,2024-02-06,18:49:00,Downtown,Tea,Green Tea,3.0,1,3.0
662,2024-02-06,13:07:00,Riverside,Coffee,Mocha,4.75,1,4.75
663,2024-02-06,14:49:00,Riverside,Merchandise,12oz Mug,12.0,1,12.0
664,2024-02-06,16:39:00,Uptown Mall,Coffee,Latte,4.25,1,4.25
665,2024-02-06,16:45:00,Downtown,Coffee,Americano,3.25,1,3.25
666,2024-02-06,16:52:00,Downtown,Bakery,Blueberry Muffin,3.25,1,3.25
667,2024-02-06,14:19:00,Downtown,Merchandise,Reusable Cup,9.0,1,9.0
668,2024-02-06,16:10:00,Riverside,Coffee,Cappuccino,4.0,1,4.0
669,2024-02-06,17:51:00,Riverside,Coffee,Latte,4.25,1,4.25
670,2024-02-06,17:22:00,Downtown,Coffee,Cappuccino,4.0,1,4.0
671,2024-02-06,16:37:00,Downtown,Merchandise,12oz Mug,12.0,1,12.0
672,2024-02-06,14:40:00,Uptown Mall,Coffee,Americano,3.25,1,3.25
673,2024-02-06,08:58:00,Riverside,Coffee,Cold Brew,4.5,1,4.5
674,2024-02-06,18:29:00,Uptown Mall,Tea,Earl Grey,3.0,1,3.0
675,2024-02-06,14:36:00,Riverside,Tea,Green Tea,3.0,1,3.0
676,2024-02-06,08:13:00,Downtown,Tea,Green Tea,3.0,1,3.0
677,2024-02-06,08:52:00,Downtown,Coffee,Americano,3.25,1,3.25
678,2024-02-07,08:43:00,Downtown,Coffee,Cappuccino,4.0,1,4.0
679,2024-02-07,19:05:00,Riverside,Coffee,Americano,3.25,2,6.5
680,2024-02-07,06:36:00,Riverside,Merchandise,Gift Card,25.0,1,25.0
681,2024-02-07,09:18:00,Riverside,Coffee,Latte,4.25,1,4.25
682,2024-02-07,19:12:00,Riverside,Bakery,Bagel,2.75,1,2.75
683,2024-02-07,18:10:00,Uptown Mall,Coffee,Cold Brew,4.5,2,9.0
684,2024-02-07,18:02:00,Downtown,Merchandise,Gift Card,25.0,1,25.0
685,2024-02-07,09:13:00,Uptown Mall,Coffee,Americano,3.25,1,3.25
686,2024-02-07,10:38:00,Riverside,Merchandise,12oz Mug,12.0,1,12.0
687,2024-02-07,15:16:00,Uptown Mall,Coffee,Cold Brew,4.5,1,4.5
688,2024-02-07,14:39:00,Riverside,Coffee,Latte,4.25,1,4.25
689,2024-02-07,08:59:00,Downtown,Tea,Green Tea,3.0,1,3.0
690,2024-02-08,10:03:00,Riverside,Coffee,Mocha,4.75,1,4.75
691,2024-02-08,09:07:00,Riverside,Coffee,Latte,4.25,1,4.25
692,2024-02-08,11:41:00,Downtown,Merchandise,12oz Mug,12.0,2,24.0
693,2024-02-08,13:50:00,Downtown,Bakery,Croissant,3.5,1,3.5
694,2024-02-08,11:27:00,Downtown,Bakery,Croissant,3.5,1,3.5
695,2024-02-08,11:38:00,Riverside,Coffee,Mocha,4.75,2,9.5
696,2024-02-08,18:09:00,Downtown,Bakery,Croissant,3.5,1,3.5
697,2024-02-08,11:11:00,Downtown,Coffee,Americano,3.25,1,3.25
698,2024-02-08,06:46:00,Downtown,Coffee,Mocha,4.75,2,9.5
699,2024-02-08,06:42:00,Riverside,Merchandise,Gift Card,25.0,1,25.0
700,2024-02-08,07:48:00,Downtown,Tea,Green Tea,3.0,1,3.0
701,2024-02-08,08:42:00,Uptown Mall,Merchandise,Reusable Cup,9.0,1,9.0
702,2024-02-08,06:41:00,Downtown,Tea,Chai Latte,4.1,2,8.2
703,2024-02-08,16:15:00,Riverside,Coffee,Espresso,2.75,2,5.5
704,2024-02-08,06:08:00,Riverside,Coffee,Espresso,2.75,1,2.75
705,2024-02-09,10:14:00,Downtown,Coffee,Americano,3.25,1,3.25
706,2024-02-09,16:23:00,Riverside,Tea,Earl Grey,3.0,1,3.0
707,2024-02-09,08:18:00,Uptown Mall,Coffee,Americano,3.25,2,6.5
708,2024-02-09,13:55:00,Downtown,Merchandise,Gift Card,25.0,1,25.0
709,2024-02-09,06:37:00,Downtown,Coffee,Latte,4.25,1,4.25
710,2024-02-09,19:35:00,Downtown,Bakery,Blueberry Muffin,3.25,1,3.25
711,2024-02-09,10:04:00,Downtown,Bakery,Blueberry Muffin,3.25,1,3.25
712,2024-02-09,06:45:00,Riverside,Coffee,Latte,4.25,2,8.5
713,2024-02-09,17:17:00,Downtown,Coffee,Cold Brew,4.5,1,4.5
714,2024-02-09,09:06:00,Riverside,Coffee,Americano,3.25,1,3.25
715,2024-02-09,08:14:00,Uptown Mall,Coffee,Americano,3.25,1,3.25
716,2024-02-09,15:53:00,Riverside,Coffee,Latte,4.25,1,4.25
717,2024-02-09,10:17:00,Riverside,Merchandise,Gift Card,25.0,1,25.0
718,2024-02-09,10:28:00,Uptown Mall,Bakery,Blueberry Muffin,3.25,2,6.5
719,2024-02-09,09:16:00,Downtown,Tea,Chai Latte,4.1,1,4.1
720,2024-02-09,09:33:00,Downtown,Coffee,Cold Brew,4.5,1,4.5
721,2024-02-09,15:50:00,Riverside,Coffee,Espresso,2.75,1,2.75
722,2024-02-09,19:45:00,Uptown Mall,Coffee,Cappuccino,4.0,1,4.0
723,2024-02-09,19:41:00,Riverside,Coffee,Mocha,4.75,1,4.75
724,2024-02-09,08:29:00,Riverside,Bakery,Chocolate Chip Cookie,2.5,2,5.0
725,2024-02-09,07:02:00,Downtown,Coffee,Mocha,4.75,1,4.75
726,2024-02-09,17:38:00,Riverside,Coffee,Latte,4.25,1,4.25
727,2024-02-10,12:21:00,Riverside,Coffee,Cappuccino,4.0,1,4.0
728,2024-02-10,12:22:00,Uptown Mall,Tea,Earl Grey,3.0,1,3.0
729,2024-02-10,07:01:00,Uptown Mall,Coffee,Cold Brew,4.5,1,4.5
730,2024-02-10,09:20:00,Riverside,Coffee,Cappuccino,4.0,3,12.0
731,2024-02-10,12:35:00,Downtown,Coffee,Espresso,2.75,1,2.75
732,2024-02-10,19:26:00,Riverside,Merchandise,Gift Card,25.0,1,25.0
733,2024-02-10,18:06:00,Downtown,Coffee,Latte,4.25,1,4.25
734,2024-02-10,06:08:00,Riverside,Coffee,Latte,4.25,1,4.25
735,2024-02-10,19:24:00,Uptown Mall,Tea,Herbal Blend,3.1,2,6.2
736,2024-02-10,09:41:00,Downtown,Coffee,Americano,3.25,2,6.5
737,2024-02-10,08:21:00,Riverside,Coffee,Espresso,2.75,1,2.75
738,2024-02-10,10:44:00,Downtown,Bakery,Bagel,2.75,1,2.75
739,2024-02-10,15:30:00,Riverside,Coffee,Cold Brew,4.5,1,4.5
740,2024-02-10,14:53:00,Downtown,Bakery,Croissant,3.5,1,3.5
741,2024-02-10,06:19:00,Riverside,Coffee,Espresso,2.75,1,2.75
742,2024-02-10,13:10:00,Riverside,Coffee,Americano,3.25,1,3.25
743,2024-02-11,10:07:00,Riverside,Coffee,Latte,4.25,1,4.25
744,2024-02-11,10:38:00,Downtown,Coffee,Latte,4.25,1,4.25
745,2024-02-11,18:00:00,Uptown Mall,Coffee,Espresso,2.75,1,2.75
746,2024-02-11,14:00:00,Uptown Mall,Coffee,Espresso,2.75,1,2.75
747,2024-02-11,19:28:00,Uptown Mall,Coffee,Latte,4.25,1,4.25
748,2024-02-11,13:41:00,Riverside,Tea,Herbal Blend,3.1,1,3.1
749,2024-02-11,12:23:00,Downtown,Merchandise,Reusable Cup,9.0,1,9.0
750,2024-02-11,09:44:00,Uptown Mall,Merchandise,Reusable Cup,9.0,1,9.0
751,2024-02-11,07:51:00,Riverside,Coffee,Cold Brew,4.5,1,4.5
752,2024-02-11,12:54:00,Uptown Mall,Bakery,Croissant,3.5,1,3.5
753,2024-02-11,13:43:00,Riverside,Bakery,Blueberry Muffin,3.25,1,3.25
754,2024-02-11,13:30:00,Downtown,Tea,Green Tea,3.0,1,3.0
755,2024-02-11,09:42:00,Uptown Mall,Coffee,Americano,3.25,1,3.25
756,2024-02-11,12:20:00,Riverside,Bakery,Croissant,3.5,2,7.0
757,2024-02-11,08:52:00,Downtown,Coffee,Cappuccino,4.0,1,4.0
758,2024-02-11,16:33:00,Riverside,Merchandise,Gift Card,25.0,2,50.0
759,2024-02-11,09:59:00,Riverside,Merchandise,Ground Coffee Bag,14.5,1,14.5
760,2024-02-11,14:35:00,Downtown,Coffee,Latte,4.25,1,4.25
761,2024-02-11,06:08:00,Uptown Mall,Coffee,Espresso,2.75,1,2.75
762,2024-02-11,09:19:00,Uptown Mall,Tea,Chai Latte,4.1,1,4.1
763,2024-02-11,13:09:00,Downtown,Tea,Herbal Blend,3.1,1,3.1
764,2024-02-11,08:54:00,Downtown,Bakery,Bagel,2.75,2,5.5
765,2024-02-11,12:23:00,Downtown,Bakery,Blueberry Muffin,3.25,1,3.25
766,2024-02-11,06:37:00,Downtown,Bakery,Blueberry Muffin,3.25,1,3.25
767,2024-02-11,19:47:00,Downtown,Coffee,Cold Brew,4.5,1,4.5
768,2024-02-11,15:25:00,Uptown Mall,Coffee,Americano,3.25,1,3.25
769,2024-02-12,09:26:00,Riverside,Merchandise,Gift Card,25.0,1,25.0
770,2024-02-12,13:13:00,Riverside,Bakery,Bagel,2.75,1,2.75
771,2024-02-12,14:29:00,Riverside,Bakery,Chocolate Chip Cookie,2.5,1,2.5
772,2024-02-12,17:34:00,Downtown,Coffee,Mocha,4.75,1,4.75
773,2024-02-12,10:23:00,Uptown Mall,Bakery,Bagel,2.75,1,2.75
774,2024-02-12,13:58:00,Riverside,Coffee,Mocha,4.75,1,4.75
775,2024-02-12,12:48:00,Riverside,Tea,Earl Grey,3.0,1,3.0
776,2024-02-12,19:14:00,Uptown Mall,Coffee,Americano,3.25,1,3.25
777,2024-02-12,18:36:00,Downtown,Merchandise,Gift Card,25.0,1,25.0
778,2024-02-12,16:50:00,Uptown Mall,Coffee,Cold Brew,4.5,1,4.5
779,2024-02-12,19:25:00,Downtown,Coffee,Espresso,2.75,1,2.75
780,2024-02-12,17:58:00,Downtown,Coffee,Cappuccino,4.0,1,4.0
781,2024-02-12,14:42:00,Uptown Mall,Coffee,Espresso,2.75,1,2.75
782,2024-02-12,14:20:00,Downtown,Coffee,Cold Brew,4.5,1,4.5
783,2024-02-12,12:13:00,Downtown,Coffee,Mocha,4.75,2,9.5
784,2024-02-12,12:14:00,Downtown,Coffee,Cappuccino,4.0,3,12.0
785,2024-02-12,09:20:00,Riverside,Bakery,Bagel,2.75,1,2.75
786,2024-02-13,13:55:00,Riverside,Bakery,Blueberry Muffin,3.25,1,3.25
787,2024-02-13,15:53:00,Uptown Mall,Coffee,Americano,3.25,1,3.25
788,2024-02-13,17:51:00,Riverside,Merchandise,12oz Mug,12.0,2,24.0
789,2024-02-13,10:13:00,Downtown,Bakery,Croissant,3.5,1,3.5
790,2024-02-13,14:23:00,Uptown Mall,Coffee,Latte,4.25,1,4.25
791,2024-02-13,16:37:00,Uptown Mall,Coffee,Cold Brew,4.5,1,4.5
792,2024-02-13,11:54:00,Uptown Mall,Coffee,Cold Brew,4.5,1,4.5
793,2024-02-13,12:26:00,Downtown,Coffee,Espresso,2.75,1,2.75
794,2024-02-13,12:05:00,Downtown,Coffee,Cold Brew,4.5,2,9.0
795,2024-02-13,18:14:00,Uptown Mall,Merchandise,Reusable Cup,9.0,2,18.0
796,2024-02-13,06:30:00,Downtown,Coffee,Cappuccino,4.0,1,4.0
797,2024-02-13,06:36:00,Downtown,Merchandise,Gift Card,25.0,1,25.0
798,2024-02-13,11:19:00,Riverside,Coffee,Latte,4.25,1,4.25
799,2024-02-13,14:21:00,Downtown,Bakery,Bagel,2.75,1,2.75
800,2024-02-13,13:37:00,Downtown,Coffee,Espresso,2.75,2,5.5
801,2024-02-14,10:33:00,Uptown Mall,Bakery,Blueberry Muffin,3.25,1,3.25
802,2024-02-14,14:45:00,Downtown,Tea,Herbal Blend,3.1,1,3.1
803,2024-02-14,12:35:00,Downtown,Tea,Herbal Blend,3.1,1,3.1
804,2024-02-14,09:38:00,Riverside,Bakery,Croissant,3.5,2,7.0
805,2024-02-14,15:10:00,Downtown,Coffee,Latte,4.25,2,8.5
806,2024-02-14,10:25:00,Downtown,Bakery,Blueberry Muffin,3.25,1,3.25
807,2024-02-14,18:18:00,Downtown,Coffee,Mocha,4.75,1,4.75
808,2024-02-14,07:40:00,Downtown,Coffee,Mocha,4.75,1,4.75
809,2024-02-14,18:54:00,Uptown Mall,Coffee,Mocha,4.75,1,4.75
810,2024-02-14,09:20:00,Downtown,Tea,Chai Latte,4.1,1,4.1
811,2024-02-14,18:21:00,Riverside,Coffee,Espresso,2.75,1,2.75
812,2024-02-14,10:22:00,Uptown Mall,Coffee,Espresso,2.75,1,2.75
813,2024-02-14,18:03:00,Riverside,Tea,Chai Latte,4.1,1,4.1
814,2024-02-14,11:45:00,Downtown,Coffee,Mocha,4.75,1,4.75
815,2024-02-14,14:36:00,Downtown,Coffee,Espresso,2.75,2,5.5
816,2024-02-14,14:14:00,Riverside,Coffee,Latte,4.25,1,4.25
817,2024-02-14,14:02:00,Downtown,Coffee,Cold Brew,4.5,1,4.5
818,2024-02-14,18:59:00,Riverside,Coffee,Cold Brew,4.5,1,4.5
819,2024-02-14,15:19:00,Riverside,Coffee,Cold Brew,4.5,1,4.5
820,2024-02-14,16:57:00,Uptown Mall,Coffee,Mocha,4.75,2,9.5
821,2024-02-15,17:24:00,Riverside,Bakery,Bagel,2.75,2,5.5
822,2024-02-15,08:38:00,Riverside,Merchandise,Gift Card,25.0,1,25.0
823,2024-02-15,12:51:00,Uptown Mall,Bakery,Croissant,3.5,2,7.0
824,2024-02-15,07:45:00,Uptown Mall,Coffee,Mocha,4.75,1,4.75
825,2024-02-15,14:43:00,Downtown,Merchandise,Ground Coffee Bag,14.5,1,14.5
826,2024-02-15,19:47:00,Downtown,Coffee,Mocha,4.75,1,4.75
827,2024-02-15,08:00:00,Riverside,Coffee,Cappuccino,4.0,2,8.0
828,2024-02-15,18:52:00,Downtown,Bakery,Croissant,3.5,1,3.5
829,2024-02-15,07:09:00,Riverside,Coffee,Mocha,4.75,1,4.75
830,2024-02-15,12:15:00,Downtown,Coffee,Cold Brew,4.5,1,4.5
831,2024-02-15,08:24:00,Downtown,Merchandise,12oz Mug,12.0,3,36.0
832,2024-02-15,11:47:00,Riverside,Coffee,Espresso,2.75,1,2.75
833,2024-02-15,15:22:00,Uptown Mall,Coffee,Latte,4.25,1,4.25
834,2024-02-15,12:47:00,Riverside,Tea,Herbal Blend,3.1,2,6.2
835,2024-02-15,07:39:00,Uptown Mall,Bakery,Chocolate Chip Cookie,2.5,1,2.5
836,2024-02-15,11:13:00,Riverside,Bakery,Croissant,3.5,2,7.0
837,2024-02-15,19:37:00,Downtown,Merchandise,12oz Mug,12.0,1,12.0
838,2024-02-15,06:01:00,Downtown,Coffee,Cold Brew,4.5,1,4.5
839,2024-02-15,15:38:00,Uptown Mall,Tea,Green Tea,3.0,1,3.0
840,2024-02-15,09:12:00,Downtown,Coffee,Cappuccino,4.0,1,4.0
841,2024-02-15,06:47:00,Riverside,Coffee,Latte,4.25,1,4.25
842,2024-02-15,19:34:00,Downtown,Merchandise,Reusable Cup,9.0,1,9.0
843,2024-02-15,06:59:00,Downtown,Tea,Green Tea,3.0,1,3.0
844,2024-02-16,15:25:00,Uptown Mall,Coffee,Espresso,2.75,2,5.5
845,2024-02-16,13:43:00,Riverside,Coffee,Americano,3.25,1,3.25
846,2024-02-16,10:36:00,Riverside,Coffee,Espresso,2.75,2,5.5
847,2024-02-16,13:28:00,Downtown,Tea,Chai Latte,4.1,1,4.1
848,2024-02-16,15:26:00,Uptown Mall,Coffee,Cold Brew,4.5,1,4.5
849,2024-02-16,13:39:00,Riverside,Tea,Chai Latte,4.1,1,4.1
850,2024-02-16,13:30:00,Riverside,Merchandise,Gift Card,25.0,1,25.0
851,2024-02-16,13:16:00,Downtown,Coffee,Latte,4.25,1,4.25
852,2024-02-16,14:08:00,Uptown Mall,Coffee,Cappuccino,4.0,1,4.0
853,2024-02-16,06:28:00,Downtown,Bakery,Blueberry Muffin,3.25,1,3.25
854,2024-02-16,10:16:00,Downtown,Tea,Green Tea,3.0,2,6.0
855,2024-02-16,15:28:00,Downtown,Coffee,Americano,3.25,1,3.25
856,2024-02-16,07:38:00,Uptown Mall,Coffee,Espresso,2.75,1,2.75
857,2024-02-16,08:01:00,Downtown,Coffee,Cappuccino,4.0,2,8.0
858,2024-02-16,18:17:00,Riverside,Bakery,Chocolate Chip Cookie,2.5,1,2.5
859,2024-02-16,07:50:00,Uptown Mall,Coffee,Mocha,4.75,3,14.25
860,2024-02-16,07:42:00,Riverside,Coffee,Americano,3.25,1,3.25
861,2024-02-17,14:52:00,Downtown,Merchandise,Gift Card,25.0,1,25.0
862,2024-02-17,16:48:00,Riverside,Coffee,Espresso,2.75,1,2.75
863,2024-02-17,11:27:00,Uptown Mall,Coffee,Espresso,2.75,1,2.75
864,2024-02-17,08:30:00,Riverside,Coffee,Mocha,4.75,2,9.5
865,2024-02-17,11:24:00,Downtown,Bakery,Blueberry Muffin,3.25,1,3.25
866,2024-02-17,16:25:00,Downtown,Coffee,Americano,3.25,1,3.25
867,2024-02-17,10:18:00,Downtown,Bakery,Croissant,3.5,2,7.0
868,2024-02-17,07:08:00,Uptown Mall,Coffee,Americano,3.25,2,6.5
869,2024-02-17,14:36:00,Downtown,Coffee,Cold Brew,4.5,1,4.5
870,2024-02-17,10:38:00,Riverside,Coffee,Cappuccino,4.0,1,4.0
871,2024-02-17,07:19:00,Downtown,Coffee,Cappuccino,4.0,1,4.0
872,2024-02-17,10:12:00,Downtown,Coffee,Americano,3.25,2,6.5
873,2024-02-17,10:37:00,Uptown Mall,Bakery,Bagel,2.75,1,2.75
874,2024-02-17,06:35:00,Uptown Mall,Bakery,Bagel,2.75,1,2.75
875,2024-02-17,07:31:00,Downtown,Merchandise,Reusable Cup,9.0,1,9.0
876,2024-02-17,19:20:00,Downtown,Tea,Green Tea,3.0,1,3.0
877,2024-02-17,08:37:00,Downtown,Coffee,Americano,3.25,1,3.25
878,2024-02-17,16:11:00,Downtown,Coffee,Mocha,4.75,1,4.75
879,2024-02-17,06:58:00,Riverside,Coffee,Mocha,4.75,1,4.75
880,2024-02-17,06:34:00,Downtown,Coffee,Americano,3.25,1,3.25
881,2024-02-17,07:03:00,Riverside,Coffee,Latte,4.25,1,4.25
882,2024-02-17,13:25:00,Downtown,Merchandise,Gift Card,25.0,3,75.0
883,2024-02-17,09:50:00,Downtown,Coffee,Espresso,2.75,1,2.75
884,2024-02-18,08:56:00,Downtown,Coffee,Espresso,2.75,1,2.75
885,2024-02-18,13:11:00,Riverside,Coffee,Mocha,4.75,1,4.75
886,2024-02-18,08:59:00,Downtown,Coffee,Cappuccino,4.0,1,4.0
887,2024-02-18,11:33:00,Riverside,Merchandise,12oz Mug,12.0,1,12.0
888,2024-02-18,12:53:00,Riverside,Coffee,Cold Brew,4.5,1,4.5
889,2024-02-18,11:54:00,Uptown Mall,Coffee,Latte,4.25,1,4.25
890,2024-02-18,15:38:00,Riverside,Merchandise,Ground Coffee Bag,14.5,1,14.5
891,2024-02-18,16:38:00,Riverside,Coffee,Mocha,4.75,1,4.75
892,2024-02-18,11:31:00,Uptown Mall,Coffee,Espresso,2.75,1,2.75
893,2024-02-18,13:45:00,Downtown,Bakery,Blueberry Muffin,3.25,1,3.25
894,2024-02-18,12:20:00,Downtown,Merchandise,Gift Card,25.0,1,25.0
895,2024-02-18,12:56:00,Riverside,Coffee,Latte,4.25,1,4.25
896,2024-02-18,12:11:00,Uptown Mall,Coffee,Cappuccino,4.0,2,8.0
897,2024-02-18,11:48:00,Uptown Mall,Merchandise,Ground Coffee Bag,14.5,1,14.5
898,2024-02-18,08:08:00,Downtown,Bakery,Bagel,2.75,1,2.75
899,2024-02-18,17:54:00,Downtown,Coffee,Cold Brew,4.5,1,4.5
900,2024-02-18,15:05:00,Downtown,Coffee,Cappuccino,4.0,1,4.0
901,2024-02-18,12:34:00,Downtown,Coffee,Espresso,2.75,1,2.75
902,2024-02-18,11:06:00,Riverside,Coffee,Latte,4.25,1,4.25
903,2024-02-18,10:32:00,Riverside,Coffee,Latte,4.25,2,8.5
904,2024-02-18,08:34:00,Uptown Mall,Coffee,Cold Brew,4.5,1,4.5
905,2024-02-18,08:19:00,Riverside,Coffee,Mocha,4.75,1,4.75
906,2024-02-19,12:17:00,Riverside,Tea,Earl Grey,3.0,2,6.0
907,2024-02-19,10:57:00,Downtown,Tea,Chai Latte,4.1,2,8.2
908,2024-02-19,12:31:00,Downtown,Bakery,Chocolate Chip Cookie,2.5,2,5.0
909,2024-02-19,16:19:00,Uptown Mall,Bakery,Bagel,2.75,1,2.75
910,2024-02-19,19:19:00,Riverside,Tea,Chai Latte,4.1,2,8.2
911,2024-02-19,17:25:00,Downtown,Merchandise,Reusable Cup,9.0,2,18.0
912,2024-02-19,17:28:00,Uptown Mall,Coffee,Mocha,4.75,1,4.75
913,2024-02-19,16:08:00,Downtown,Merchandise,Reusable Cup,9.0,1,9.0
914,2024-02-19,07:30:00,Uptown Mall,Coffee,Americano,3.25,1,3.25
915,2024-02-19,17:47:00,Riverside,Bakery,Croissant,3.5,1,3.5
916,2024-02-19,11:15:00,Downtown,Coffee,Espresso,2.75,1,2.75
917,2024-02-19,12:29:00,Downtown,Tea,Herbal Blend,3.1,1,3.1
918,2024-02-19,16:34:00,Downtown,Coffee,Americano,3.25,1,3.25
919,2024-02-20,09:12:00,Riverside,Coffee,Mocha,4.75,1,4.75
920,2024-02-20,18:01:00,Riverside,Coffee,Americano,3.25,1,3.25
921,2024-02-20,11:32:00,Riverside,Coffee,Latte,4.25,1,4.25
922,2024-02-20,15:42:00,Downtown,Merchandise,12oz Mug,12.0,3,36.0
923,2024-02-20,13:59:00,Riverside,Tea,Herbal Blend,3.1,1,3.1
924,2024-02-20,16:20:00,Riverside,Bakery,Croissant,3.5,1,3.5
925,2024-02-20,15:06:00,Downtown,Merchandise,Ground Coffee Bag,14.5,2,29.0
926,2024-02-20,12:59:00,Riverside,Coffee,Mocha,4.75,1,4.75
927,2024-02-20,19:31:00,Downtown,Bakery,Chocolate Chip Cookie,2.5,1,2.5
928,2024-02-20,08:04:00,Downtown,Bakery,Chocolate Chip Cookie,2.5,1,2.5
929,2024-02-20,06:44:00,Uptown Mall,Coffee,Cold Brew,4.5,1,4.5
930,2024-02-20,06:45:00,Downtown,Coffee,Cold Brew,4.5,1,4.5
931,2024-02-20,09:06:00,Riverside,Coffee,Cold Brew,4.5,1,4.5
932,2024-02-20,15:15:00,Uptown Mall,Coffee,Espresso,2.75,1,2.75
933,2024-02-20,16:20:00,Downtown,Coffee,Cold Brew,4.5,1,4.5
934,2024-02-20,18:57:00,Downtown,Coffee,Americano,3.25,1,3.25
935,2024-02-21,19:23:00,Riverside,Coffee,Cold Brew,4.5,1,4.5
936,2024-02-21,12:23:00,Uptown Mall,Coffee,Cold Brew,4.5,1,4.5
937,2024-02-21,15:08:00,Uptown Mall,Coffee,Americano,3.25,1,3.25
938,2024-02-21,11:15:00,Uptown Mall,Coffee,Cappuccino,4.0,1,4.0
939,2024-02-21,08:16:00,Downtown,Coffee,Mocha,4.75,2,9.5
940,2024-02-21,06:50:00,Downtown,Coffee,Espresso,2.75,1,2.75
941,2024-02-21,12:34:00,Downtown,Coffee,Americano,3.25,2,6.5
942,2024-02-21,13:49:00,Riverside,Bakery,Bagel,2.75,1,2.75
943,2024-02-21,11:01:00,Uptown Mall,Coffee,Latte,4.25,2,8.5
944,2024-02-21,07:48:00,Uptown Mall,Merchandise,Gift Card,25.0,1,25.0
945,2024-02-21,06:53:00,Uptown Mall,Coffee,Mocha,4.75,1,4.75
946,2024-02-21,19:21:00,Riverside,Bakery,Blueberry Muffin,3.25,1,3.25
947,2024-02-21,18:59:00,Uptown Mall,Coffee,Espresso,2.75,1,2.75
948,2024-02-21,08:05:00,Downtown,Merchandise,12oz Mug,12.0,1,12.0
949,2024-02-21,14:12:00,Downtown,Coffee,Cold Brew,4.5,2,9.0
950,2024-02-21,10:41:00,Riverside,Tea,Chai Latte,4.1,1,4.1
951,2024-02-21,19:12:00,Downtown,Bakery,Croissant,3.5,1,3.5
952,2024-02-21,16:56:00,Riverside,Tea,Green Tea,3.0,1,3.0
953,2024-02-22,16:49:00,Downtown,Bakery,Chocolate Chip Cookie,2.5,1,2.5
954,2024-02-22,19:45:00,Uptown Mall,Tea,Chai Latte,4.1,1,4.1
955,2024-02-22,06:37:00,Downtown,Bakery,Blueberry Muffin,3.25,1,3.25
956,2024-02-22,13:22:00,Riverside,Coffee,Mocha,4.75,1,4.75
957,2024-02-22,15:56:00,Downtown,Merchandise,Gift Card,25.0,1,25.0
958,2024-02-22,17:57:00,Downtown,Coffee,Espresso,2.75,1,2.75
959,2024-02-22,18:07:00,Downtown,Coffee,Espresso,2.75,2,5.5
960,2024-02-22,09:59:00,Uptown Mall,Tea,Green Tea,3.0,1,3.0
961,2024-02-22,12:49:00,Downtown,Bakery,Bagel,2.75,1,2.75
962,2024-02-22,15:14:00,Uptown Mall,Coffee,Cold Brew,4.5,1,4.5
963,2024-02-22,15:29:00,Riverside,Merchandise,Reusable Cup,9.0,1,9.0
964,2024-02-22,13:59:00,Uptown Mall,Coffee,Cold Brew,4.5,1,4.5
965,2024-02-23,12:42:00,Downtown,Coffee,Cappuccino,4.0,1,4.0
966,2024-02-23,11:30:00,Downtown,Coffee,Cappuccino,4.0,1,4.0
967,2024-02-23,08:43:00,Downtown,Tea,Green Tea,3.0,1,3.0
968,2024-02-23,16:19:00,Downtown,Coffee,Mocha,4.75,1,4.75
969,2024-02-23,17:30:00,Downtown,Coffee,Espresso,2.75,2,5.5
970,2024-02-23,13:12:00,Uptown Mall,Bakery,Croissant,3.5,1,3.5
971,2024-02-23,15:36:00,Downtown,Coffee,Latte,4.25,1,4.25
972,2024-02-23,17:46:00,Uptown Mall,Bakery,Croissant,3.5,1,3.5
973,2024-02-23,06:54:00,Riverside,Bakery,Chocolate Chip Cookie,2.5,1,2.5
974,2024-02-23,11:52:00,Downtown,Merchandise,Reusable Cup,9.0,1,9.0
975,2024-02-23,06:37:00,Downtown,Coffee,Americano,3.25,1,3.25
976,2024-02-23,19:00:00,Downtown,Bakery,Blueberry Muffin,3.25,1,3.25
977,2024-02-23,10:14:00,Riverside,Coffee,Latte,4.25,1,4.25
978,2024-02-23,13:11:00,Downtown,Tea,Green Tea,3.0,1,3.0
979,2024-02-23,06:48:00,Uptown Mall,Coffee,Latte,4.25,1,4.25
980,2024-02-23,06:34:00,Uptown Mall,Coffee,Cold Brew,4.5,1,4.5
981,2024-02-23,10:16:00,Downtown,Coffee,Latte,4.25,1,4.25
982,2024-02-23,13:06:00,Riverside,Bakery,Blueberry Muffin,3.25,2,6.5
983,2024-02-23,12:07:00,Downtown,Coffee,Cappuccino,4.0,1,4.0
984,2024-02-23,18:39:00,Riverside,Merchandise,Gift Card,25.0,1,25.0
985,2024-02-24,10:02:00,Uptown Mall,Coffee,Cappuccino,4.0,1,4.0
986,2024-02-24,11:39:00,Uptown Mall,Coffee,Americano,3.25,1,3.25
987,2024-02-24,11:39:00,Uptown Mall,Coffee,Latte,4.25,1,4.25
988,2024-02-24,18:04:00,Riverside,Coffee,Espresso,2.75,1,2.75
989,2024-02-24,11:32:00,Downtown,Coffee,Espresso,2.75,1,2.75
990,2024-02-24,19:52:00,Riverside,Bakery,Blueberry Muffin,3.25,1,3.25
991,2024-02-24,14:16:00,Uptown Mall,Coffee,Cold Brew,4.5,2,9.0
992,2024-02-24,10:52:00,Riverside,Coffee,Cold Brew,4.5,1,4.5
993,2024-02-24,06:16:00,Downtown,Merchandise,Gift Card,25.0,1,25.0
994,2024-02-24,12:26:00,Uptown Mall,Coffee,Espresso,2.75,2,5.5
995,2024-02-24,17:27:00,Downtown,Coffee,Espresso,2.75,1,2.75
996,2024-02-24,11:07:00,Uptown Mall,Coffee,Cold Brew,4.5,1,4.5
997,2024-02-24,18:52:00,Downtown,Tea,Chai Latte,4.1,1,4.1
998,2024-02-24,10:37:00,Downtown,Coffee,Latte,4.25,1,4.25
999,2024-02-24,13:24:00,Uptown Mall,Coffee,Cold Brew,4.5,1,4.5
1000,2024-02-24,16:58:00,Riverside,Bakery,Blueberry Muffin,3.25,1,3.25
1001,2024-02-24,15:46:00,Downtown,Coffee,Cold Brew,4.5,1,4.5
1002,2024-02-24,12:01:00,Downtown,Tea,Herbal Blend,3.1,1,3.1
1003,2024-02-25,07:11:00,Downtown,Bakery,Chocolate Chip Cookie,2.5,1,2.5
1004,2024-02-25,08:21:00,Downtown,Merchandise,12oz Mug,12.0,1,12.0
1005,2024-02-25,09:13:00,Downtown,Merchandise,12oz Mug,12.0,1,12.0
1006,2024-02-25,12:40:00,Downtown,Tea,Green Tea,3.0,1,3.0
1007,2024-02-25,16:22:00,Downtown,Bakery,Bagel,2.75,1,2.75
1008,2024-02-25,06:16:00,Uptown Mall,Merchandise,Reusable Cup,9.0,1,9.0
1009,2024-02-25,15:38:00,Downtown,Coffee,Americano,3.25,1,3.25
1010,2024-02-25,07:52:00,Downtown,Tea,Earl Grey,3.0,1,3.0
1011,2024-02-25,17:55:00,Uptown Mall,Coffee,Cappuccino,4.0,1,4.0
1012,2024-02-25,15:40:00,Uptown Mall,Coffee,Espresso,2.75,1,2.75
1013,2024-02-25,19:04:00,Uptown Mall,Bakery,Chocolate Chip Cookie,2.5,1,2.5
1014,2024-02-25,08:53:00,Downtown,Merchandise,Reusable Cup,9.0,1,9.0
1015,2024-02-25,16:07:00,Downtown,Coffee,Mocha,4.75,1,4.75
1016,2024-02-25,18:19:00,Downtown,Coffee,Mocha,4.75,1,4.75
1017,2024-02-25,18:21:00,Riverside,Tea,Chai Latte,4.1,3,12.3
1018,2024-02-25,18:13:00,Downtown,Coffee,Cold Brew,4.5,2,9.0
1019,2024-02-25,18:43:00,Riverside,Merchandise,12oz Mug,12.0,1,12.0
1020,2024-02-25,14:08:00,Riverside,Coffee,Cappuccino,4.0,1,4.0
1021,2024-02-25,13:45:00,Uptown Mall,Coffee,Americano,3.25,1,3.25
1022,2024-02-25,14:37:00,Uptown Mall,Bakery,Chocolate Chip Cookie,2.5,1,2.5
1023,2024-02-25,08:09:00,Downtown,Coffee,Cappuccino,4.0,1,4.0
1024,2024-02-25,15:38:00,Downtown,Coffee,Cappuccino,4.0,1,4.0
1025,2024-02-25,15:32:00,Downtown,Coffee,Espresso,2.75,1,2.75
1026,2024-02-25,12:02:00,Downtown,Coffee,Latte,4.25,1,4.25
1027,2024-02-26,16:18:00,Riverside,Merchandise,Gift Card,25.0,1,25.0
1028,2024-02-26,17:39:00,Downtown,Bakery,Chocolate Chip Cookie,2.5,1,2.5
1029,2024-02-26,07:06:00,Riverside,Bakery,Blueberry Muffin,3.25,2,6.5
1030,2024-02-26,15:09:00,Riverside,Coffee,Latte,4.25,2,8.5
1031,2024-02-26,14:48:00,Downtown,Tea,Green Tea,3.0,1,3.0
1032,2024-02-26,09:59:00,Downtown,Bakery,Chocolate Chip Cookie,2.5,1,2.5
1033,2024-02-26,15:08:00,Downtown,Coffee,Espresso,2.75,1,2.75
1034,2024-02-26,07:56:00,Uptown Mall,Coffee,Cold Brew,4.5,2,9.0
1035,2024-02-26,16:59:00,Downtown,Bakery,Croissant,3.5,1,3.5
1036,2024-02-26,12:00:00,Riverside,Coffee,Latte,4.25,2,8.5
1037,2024-02-26,17:51:00,Downtown,Coffee,Cappuccino,4.0,1,4.0
1038,2024-02-26,11:53:00,Riverside,Tea,Chai Latte,4.1,1,4.1
1039,2024-02-26,16:20:00,Downtown,Merchandise,Gift Card,25.0,1,25.0
1040,2024-02-26,10:26:00,Downtown,Coffee,Mocha,4.75,1,4.75
1041,2024-02-26,12:14:00,Riverside,Coffee,Latte,4.25,1,4.25
1042,2024-02-26,13:25:00,Downtown,Merchandise,Ground Coffee Bag,14.5,1,14.5
1043,2024-02-26,11:26:00,Riverside,Coffee,Americano,3.25,1,3.25
1044,2024-02-26,14:42:00,Downtown,Coffee,Mocha,4.75,1,4.75
1045,2024-02-27,14:24:00,Downtown,Coffee,Espresso,2.75,1,2.75
1046,2024-02-27,18:54:00,Riverside,Coffee,Mocha,4.75,1,4.75
1047,2024-02-27,06:35:00,Riverside,Tea,Green Tea,3.0,1,3.0
1048,2024-02-27,11:17:00,Downtown,Coffee,Latte,4.25,1,4.25
1049,2024-02-27,12:55:00,Uptown Mall,Coffee,Americano,3.25,1,3.25
1050,2024-02-27,06:21:00,Riverside,Coffee,Espresso,2.75,1,2.75
1051,2024-02-27,13:24:00,Uptown Mall,Merchandise,12oz Mug,12.0,1,12.0
1052,2024-02-27,18:30:00,Uptown Mall,Merchandise,12oz Mug,12.0,1,12.0
1053,2024-02-27,12:05:00,Riverside,Coffee,Espresso,2.75,1,2.75
1054,2024-02-27,06:38:00,Downtown,Coffee,Americano,3.25,1,3.25
1055,2024-02-27,12:29:00,Downtown,Coffee,Espresso,2.75,1,2.75
1056,2024-02-27,16:39:00,Downtown,Coffee,Cappuccino,4.0,1,4.0
1057,2024-02-27,18:57:00,Uptown Mall,Merchandise,Gift Card,25.0,1,25.0
1058,2024-02-27,10:08:00,Riverside,Coffee,Mocha,4.75,1,4.75
1059,2024-02-27,06:30:00,Uptown Mall,Coffee,Cold Brew,4.5,1,4.5
1060,2024-02-27,12:28:00,Uptown Mall,Coffee,Latte,4.25,1,4.25
1061,2024-02-27,12:18:00,Downtown,Bakery,Chocolate Chip Cookie,2.5,1,2.5
1062,2024-02-27,07:24:00,Riverside,Bakery,Blueberry Muffin,3.25,1,3.25
1063,2024-02-27,14:51:00,Riverside,Coffee,Cappuccino,4.0,1,4.0
1064,2024-02-27,06:00:00,Downtown,Merchandise,Reusable Cup,9.0,1,9.0
1065,2024-02-27,13:26:00,Riverside,Coffee,Mocha,4.75,1,4.75
1066,2024-02-28,15:50:00,Downtown,Tea,Chai Latte,4.1,1,4.1
1067,2024-02-28,16:54:00,Riverside,Coffee,Latte,4.25,1,4.25
1068,2024-02-28,15:40:00,Downtown,Coffee,Espresso,2.75,1,2.75
1069,2024-02-28,17:07:00,Downtown,Coffee,Cold Brew,4.5,1,4.5
1070,2024-02-28,11:16:00,Downtown,Bakery,Blueberry Muffin,3.25,1,3.25
1071,2024-02-28,07:39:00,Downtown,Coffee,Cappuccino,4.0,1,4.0
1072,2024-02-28,08:19:00,Uptown Mall,Bakery,Croissant,3.5,1,3.5
1073,2024-02-28,13:27:00,Riverside,Coffee,Espresso,2.75,2,5.5
1074,2024-02-28,09:17:00,Uptown Mall,Coffee,Americano,3.25,1,3.25
1075,2024-02-28,18:06:00,Downtown,Bakery,Blueberry Muffin,3.25,1,3.25
1076,2024-02-28,12:31:00,Downtown,Coffee,Latte,4.25,1,4.25
1077,2024-02-28,15:31:00,Riverside,Tea,Green Tea,3.0,1,3.0
1078,2024-02-28,15:35:00,Downtown,Coffee,Americano,3.25,1,3.25
1079,2024-02-28,10:20:00,Uptown Mall,Tea,Green Tea,3.0,1,3.0
1080,2024-02-28,07:38:00,Downtown,Bakery,Bagel,2.75,1,2.75
1081,2024-02-29,09:40:00,Downtown,Coffee,Mocha,4.75,1,4.75
1082,2024-02-29,19:30:00,Uptown Mall,Coffee,Cold Brew,4.5,1,4.5
1083,2024-02-29,12:53:00,Downtown,Bakery,Chocolate Chip Cookie,2.5,1,2.5
1084,2024-02-29,10:52:00,Downtown,Bakery,Bagel,2.75,1,2.75
1085,2024-02-29,09:02:00,Riverside,Tea,Chai Latte,4.1,1,4.1
1086,2024-02-29,06:48:00,Riverside,Merchandise,Ground Coffee Bag,14.5,1,14.5
1087,2024-02-29,18:39:00,Downtown,Tea,Earl Grey,3.0,1,3.0
1088,2024-02-29,15:28:00,Downtown,Coffee,Espresso,2.75,2,5.5
1089,2024-02-29,12:31:00,Downtown,Coffee,Americano,3.25,1,3.25
1090,2024-02-29,09:15:00,Riverside,Tea,Herbal Blend,3.1,1,3.1
1091,2024-02-29,11:31:00,Riverside,Coffee,Cold Brew,4.5,1,4.5
1092,2024-02-29,09:35:00,Uptown Mall,Bakery,Croissant,3.5,1,3.5
1093,2024-02-29,17:48:00,Uptown Mall,Coffee,Americano,3.25,1,3.25
1094,2024-02-29,09:44:00,Downtown,Tea,Earl Grey,3.0,1,3.0
1095,2024-02-29,09:31:00,Uptown Mall,Merchandise,Reusable Cup,9.0,1,9.0
1096,2024-02-29,09:09:00,Downtown,Coffee,Latte,4.25,1,4.25
1097,2024-02-29,09:00:00,Downtown,Coffee,Americano,3.25,1,3.25
1098,2024-02-29,14:37:00,Riverside,Coffee,Cappuccino,4.0,1,4.0
1099,2024-02-29,10:24:00,Riverside,Coffee,Latte,4.25,2,8.5
1100,2024-02-29,16:48:00,Uptown Mall,Coffee,Cappuccino,4.0,1,4.0
1101,2024-02-29,09:14:00,Downtown,Merchandise,Gift Card,25.0,1,25.0
1102,2024-02-29,13:11:00,Uptown Mall,Coffee,Latte,4.25,1,4.25
1103,2024-02-29,06:29:00,Riverside,Coffee,Cappuccino,4.0,2,8.0
1104,2024-03-01,09:59:00,Riverside,Tea,Chai Latte,4.1,1,4.1
1105,2024-03-01,13:39:00,Uptown Mall,Tea,Chai Latte,4.1,1,4.1
1106,2024-03-01,06:41:00,Uptown Mall,Coffee,Mocha,4.75,1,4.75
1107,2024-03-01,08:14:00,Riverside,Bakery,Chocolate Chip Cookie,2.5,1,2.5
1108,2024-03-01,16:51:00,Downtown,Coffee,Mocha,4.75,1,4.75
1109,2024-03-01,19:26:00,Uptown Mall,Coffee,Americano,3.25,1,3.25
1110,2024-03-01,18:19:00,Riverside,Bakery,Chocolate Chip Cookie,2.5,1,2.5
1111,2024-03-01,16:35:00,Downtown,Coffee,Americano,3.25,1,3.25
1112,2024-03-01,17:18:00,Riverside,Coffee,Mocha,4.75,1,4.75
1113,2024-03-01,16:11:00,Uptown Mall,Coffee,Americano,3.25,2,6.5
1114,2024-03-01,09:33:00,Downtown,Bakery,Croissant,3.5,1,3.5
1115,2024-03-01,14:13:00,Uptown Mall,Coffee,Cappuccino,4.0,3,12.0
1116,2024-03-01,19:29:00,Downtown,Coffee,Americano,3.25,1,3.25
1117,2024-03-01,13:16:00,Riverside,Coffee,Americano,3.25,2,6.5
1118,2024-03-01,14:43:00,Downtown,Coffee,Mocha,4.75,1,4.75
1119,2024-03-01,08:55:00,Riverside,Coffee,Espresso,2.75,1,2.75
1120,2024-03-02,09:30:00,Downtown,Coffee,Americano,3.25,1,3.25
1121,2024-03-02,12:36:00,Uptown Mall,Coffee,Latte,4.25,1,4.25
1122,2024-03-02,07:20:00,Riverside,Coffee,Latte,4.25,1,4.25
1123,2024-03-02,14:51:00,Downtown,Coffee,Cappuccino,4.0,1,4.0
1124,2024-03-02,19:24:00,Uptown Mall,Coffee,Mocha,4.75,1,4.75
1125,2024-03-02,11:27:00,Downtown,Coffee,Cold Brew,4.5,1,4.5
1126,2024-03-02,06:41:00,Riverside,Merchandise,Ground Coffee Bag,14.5,1,14.5
1127,2024-03-02,18:40:00,Downtown,Bakery,Bagel,2.75,1,2.75
1128,2024-03-02,09:27:00,Downtown,Tea,Green Tea,3.0,2,6.0
1129,2024-03-02,13:25:00,Downtown,Coffee,Americano,3.25,2,6.5
1130,2024-03-02,07:07:00,Uptown Mall,Bakery,Chocolate Chip Cookie,2.5,2,5.0
1131,2024-03-02,16:41:00,Riverside,Tea,Herbal Blend,3.1,1,3.1
1132,2024-03-02,09:33:00,Riverside,Coffee,Americano,3.25,1,3.25
1133,2024-03-02,12:30:00,Uptown Mall,Coffee,Americano,3.25,1,3.25
1134,2024-03-02,15:13:00,Riverside,Coffee,Mocha,4.75,1,4.75
1135,2024-03-02,13:51:00,Downtown,Bakery,Bagel,2.75,1,2.75
1136,2024-03-02,06:33:00,Downtown,Bakery,Croissant,3.5,1,3.5
1137,2024-03-02,10:46:00,Uptown Mall,Merchandise,Ground Coffee Bag,14.5,2,29.0
1138,2024-03-02,06:39:00,Downtown,Bakery,Blueberry Muffin,3.25,1,3.25
1139,2024-03-02,09:25:00,Downtown,Coffee,Americano,3.25,1,3.25
1140,2024-03-02,07:18:00,Uptown Mall,Tea,Chai Latte,4.1,1,4.1
1141,2024-03-02,07:18:00,Riverside,Merchandise,Reusable Cup,9.0,1,9.0
1142,2024-03-02,09:07:00,Downtown,Coffee,Cold Brew,4.5,1,4.5
1143,2024-03-02,14:44:00,Downtown,Bakery,Bagel,2.75,2,5.5
1144,2024-03-02,14:00:00,Riverside,Coffee,Latte,4.25,1,4.25
1145,2024-03-02,15:14:00,Downtown,Coffee,Cappuccino,4.0,1,4.0
1146,2024-03-02,10:01:00,Riverside,Coffee,Cold Brew,4.5,2,9.0
1147,2024-03-02,14:44:00,Riverside,Bakery,Blueberry Muffin,3.25,1,3.25
1148,2024-03-02,07:58:00,Downtown,Tea,Green Tea,3.0,2,6.0
1149,2024-03-03,19:15:00,Downtown,Bakery,Blueberry Muffin,3.25,1,3.25
1150,2024-03-03,12:59:00,Downtown,Coffee,Latte,4.25,1,4.25
1151,2024-03-03,16:04:00,Riverside,Merchandise,12oz Mug,12.0,1,12.0
1152,2024-03-03,19:34:00,Downtown,Coffee,Espresso,2.75,2,5.5
1153,2024-03-03,10:17:00,Downtown,Coffee,Cappuccino,4.0,1,4.0
1154,2024-03-03,13:25:00,Downtown,Coffee,Cappuccino,4.0,1,4.0
1155,2024-03-03,06:00:00,Downtown,Coffee,Cappuccino,4.0,1,4.0
1156,2024-03-03,17:19:00,Downtown,Coffee,Mocha,4.75,2,9.5
1157,2024-03-03,16:11:00,Downtown,Bakery,Blueberry Muffin,3.25,1,3.25
1158,2024-03-03,13:06:00,Downtown,Coffee,Americano,3.25,1,3.25
1159,2024-03-03,18:39:00,Riverside,Coffee,Latte,4.25,1,4.25
1160,2024-03-03,07:39:00,Riverside,Coffee,Americano,3.25,2,6.5
1161,2024-03-03,12:45:00,Uptown Mall,Coffee,Espresso,2.75,2,5.5
1162,2024-03-03,11:59:00,Downtown,Tea,Chai Latte,4.1,1,4.1
1163,2024-03-03,18:53:00,Downtown,Tea,Earl Grey,3.0,1,3.0
1164,2024-03-03,10:08:00,Uptown Mall,Coffee,Cold Brew,4.5,2,9.0
1165,2024-03-03,14:49:00,Uptown Mall,Merchandise,Ground Coffee Bag,14.5,2,29.0
1166,2024-03-03,16:44:00,Riverside,Coffee,Mocha,4.75,1,4.75
1167,2024-03-03,10:18:00,Uptown Mall,Bakery,Croissant,3.5,2,7.0
1168,2024-03-04,08:47:00,Riverside,Coffee,Cappuccino,4.0,1,4.0
1169,2024-03-04,14:32:00,Downtown,Coffee,Americano,3.25,1,3.25
1170,2024-03-04,19:35:00,Uptown Mall,Tea,Herbal Blend,3.1,1,3.1
1171,2024-03-04,09:04:00,Riverside,Coffee,Latte,4.25,1,4.25
1172,2024-03-04,08:00:00,Riverside,Bakery,Chocolate Chip Cookie,2.5,1,2.5
1173,2024-03-04,10:22:00,Downtown,Merchandise,Reusable Cup,9.0,1,9.0
1174,2024-03-04,09:38:00,Downtown,Coffee,Cappuccino,4.0,1,4.0
1175,2024-03-04,06:45:00,Downtown,Coffee,Americano,3.25,2,6.5
1176,2024-03-04,17:51:00,Downtown,Coffee,Latte,4.25,1,4.25
1177,2024-03-04,08:46:00,Uptown Mall,Coffee,Americano,3.25,1,3.25
1178,2024-03-04,09:44:00,Downtown,Coffee,Cappuccino,4.0,1,4.0
1179,2024-03-04,11:43:00,Riverside,Coffee,Cappuccino,4.0,1,4.0
1180,2024-03-04,18:20:00,Downtown,Bakery,Chocolate Chip Cookie,2.5,1,2.5
1181,2024-03-04,14:41:00,Downtown,Bakery,Chocolate Chip Cookie,2.5,1,2.5
1182,2024-03-05,15:24:00,Uptown Mall,Bakery,Croissant,3.5,1,3.5
1183,2024-03-05,16:54:00,Uptown Mall,Tea,Herbal Blend,3.1,1,3.1
1184,2024-03-05,11:24:00,Uptown Mall,Tea,Chai Latte,4.1,1,4.1
1185,2024-03-05,17:54:00,Uptown Mall,Coffee,Americano,3.25,1,3.25
1186,2024-03-05,11:01:00,Uptown Mall,Merchandise,12oz Mug,12.0,1,12.0
1187,2024-03-05,17:01:00,Riverside,Coffee,Latte,4.25,3,12.75
1188,2024-03-05,15:09:00,Riverside,Tea,Earl Grey,3.0,1,3.0
1189,2024-03-05,17:41:00,Uptown Mall,Bakery,Croissant,3.5,1,3.5
1190,2024-03-05,09:11:00,Downtown,Coffee,Latte,4.25,1,4.25
1191,2024-03-05,08:33:00,Downtown,Coffee,Latte,4.25,2,8.5
1192,2024-03-05,12:18:00,Downtown,Merchandise,12oz Mug,12.0,1,12.0
1193,2024-03-05,07:02:00,Riverside,Coffee,Latte,4.25,1,4.25
1194,2024-03-05,11:23:00,Riverside,Coffee,Americano,3.25,1,3.25
1195,2024-03-05,16:13:00,Uptown Mall,Coffee,Cold Brew,4.5,1,4.5
1196,2024-03-05,16:42:00,Downtown,Coffee,Espresso,2.75,1,2.75
1197,2024-03-05,07:57:00,Downtown,Coffee,Cold Brew,4.5,1,4.5
1198,2024-03-05,11:01:00,Uptown Mall,Coffee,Mocha,4.75,1,4.75
1199,2024-03-05,18:57:00,Uptown Mall,Merchandise,12oz Mug,12.0,1,12.0
1200,2024-03-05,14:48:00,Downtown,Merchandise,12oz Mug,12.0,1,12.0
1201,2024-03-05,09:05:00,Uptown Mall,Coffee,Americano,3.25,1,3.25
1202,2024-03-06,07:07:00,Uptown Mall,Merchandise,12oz Mug,12.0,1,12.0
1203,2024-03-06,16:14:00,Downtown,Bakery,Croissant,3.5,2,7.0
1204,2024-03-06,15:26:00,Downtown,Coffee,Cold Brew,4.5,1,4.5
1205,2024-03-06,16:36:00,Uptown Mall,Tea,Earl Grey,3.0,1,3.0
1206,2024-03-06,12:11:00,Downtown,Coffee,Americano,3.25,1,3.25
1207,2024-03-06,07:17:00,Riverside,Tea,Earl Grey,3.0,1,3.0
1208,2024-03-06,12:08:00,Riverside,Bakery,Croissant,3.5,1,3.5
1209,2024-03-06,14:47:00,Uptown Mall,Coffee,Cappuccino,4.0,1,4.0
1210,2024-03-06,18:12:00,Riverside,Tea,Green Tea,3.0,1,3.0
1211,2024-03-06,19:23:00,Downtown,Tea,Earl Grey,3.0,1,3.0
1212,2024-03-06,09:54:00,Uptown Mall,Coffee,Cappuccino,4.0,2,8.0
1213,2024-03-06,11:54:00,Downtown,Coffee,Americano,3.25,1,3.25
1214,2024-03-06,12:51:00,Downtown,Coffee,Americano,3.25,1,3.25
1215,2024-03-06,10:50:00,Downtown,Merchandise,Ground Coffee Bag,14.5,1,14.5
1216,2024-03-06,12:37:00,Uptown Mall,Coffee,Latte,4.25,1,4.25
1217,2024-03-06,08:09:00,Uptown Mall,Coffee,Espresso,2.75,1,2.75
1218,2024-03-06,07:28:00,Downtown,Coffee,Americano,3.25,1,3.25
1219,2024-03-07,12:11:00,Downtown,Merchandise,12oz Mug,12.0,1,12.0
1220,2024-03-07,12:27:00,Downtown,Tea,Earl Grey,3.0,1,3.0
1221,2024-03-07,19:18:00,Downtown,Coffee,Cold Brew,4.5,2,9.0
1222,2024-03-07,17:48:00,Uptown Mall,Merchandise,Gift Card,25.0,1,25.0
1223,2024-03-07,11:45:00,Downtown,Coffee,Americano,3.25,2,6.5
1224,2024-03-07,11:39:00,Uptown Mall,Tea,Chai Latte,4.1,1,4.1
1225,2024-03-07,06:33:00,Downtown,Tea,Earl Grey,3.0,1,3.0
1226,2024-03-07,14:53:00,Riverside,Merchandise,Reusable Cup,9.0,1,9.0
1227,2024-03-07,14:10:00,Riverside,Coffee,Latte,4.25,1,4.25
1228,2024-03-07,10:17:00,Riverside,Bakery,Bagel,2.75,1,2.75
1229,2024-03-07,14:06:00,Downtown,Merchandise,12oz Mug,12.0,1,12.0
1230,2024-03-07,09:44:00,Downtown,Merchandise,Gift Card,25.0,1,25.0
1231,2024-03-07,17:01:00,Riverside,Bakery,Croissant,3.5,1,3.5
1232,2024-03-07,10:35:00,Uptown Mall,Bakery,Bagel,2.75,1,2.75
1233,2024-03-07,12:41:00,Downtown,Bakery,Chocolate Chip Cookie,2.5,1,2.5
1234,2024-03-07,16:12:00,Uptown Mall,Coffee,Mocha,4.75,1,4.75
1235,2024-03-08,12:36:00,Downtown,Coffee,Americano,3.25,1,3.25
1236,2024-03-08,18:34:00,Riverside,Tea,Herbal Blend,3.1,1,3.1
1237,2024-03-08,11:58:00,Riverside,Merchandise,12oz Mug,12.0,1,12.0
1238,2024-03-08,12:54:00,Riverside,Coffee,Americano,3.25,2,6.5
1239,2024-03-08,06:17:00,Downtown,Tea,Green Tea,3.0,1,3.0
1240,2024-03-08,16:17:00,Riverside,Coffee,Cold Brew,4.5,1,4.5
1241,2024-03-08,09:58:00,Uptown Mall,Tea,Herbal Blend,3.1,1,3.1
1242,2024-03-08,09:18:00,Riverside,Coffee,Americano,3.25,1,3.25
1243,2024-03-08,06:37:00,Riverside,Tea,Herbal Blend,3.1,1,3.1
1244,2024-03-08,09:25:00,Downtown,Coffee,Cold Brew,4.5,1,4.5
1245,2024-03-08,06:30:00,Riverside,Coffee,Espresso,2.75,1,2.75
1246,2024-03-08,08:33:00,Downtown,Bakery,Blueberry Muffin,3.25,1,3.25
1247,2024-03-08,16:49:00,Riverside,Bakery,Chocolate Chip Cookie,2.5,1,2.5
1248,2024-03-08,19:26:00,Downtown,Tea,Green Tea,3.0,1,3.0
1249,2024-03-08,12:22:00,Downtown,Bakery,Croissant,3.5,1,3.5
1250,2024-03-08,17:47:00,Downtown,Coffee,Latte,4.25,2,8.5
1251,2024-03-08,11:07:00,Riverside,Bakery,Chocolate Chip Cookie,2.5,1,2.5
1252,2024-03-08,19:15:00,Uptown Mall,Coffee,Espresso,2.75,1,2.75
1253,2024-03-09,14:52:00,Downtown,Bakery,Chocolate Chip Cookie,2.5,1,2.5
1254,2024-03-09,13:59:00,Downtown,Coffee,Latte,4.25,2,8.5
1255,2024-03-09,17:52:00,Downtown,Bakery,Chocolate Chip Cookie,2.5,1,2.5
1256,2024-03-09,14:45:00,Downtown,Coffee,Cold Brew,4.5,1,4.5
1257,2024-03-09,07:53:00,Riverside,Coffee,Espresso,2.75,1,2.75
1258,2024-03-09,13:00:00,Riverside,Coffee,Latte,4.25,2,8.5
1259,2024-03-09,15:51:00,Downtown,Coffee,Latte,4.25,2,8.5
1260,2024-03-09,07:39:00,Uptown Mall,Bakery,Croissant,3.5,1,3.5
1261,2024-03-09,12:50:00,Downtown,Coffee,Americano,3.25,2,6.5
1262,2024-03-09,16:57:00,Uptown Mall,Tea,Earl Grey,3.0,1,3.0
1263,2024-03-09,13:49:00,Uptown Mall,Coffee,Cold Brew,4.5,1,4.5
1264,2024-03-09,07:18:00,Downtown,Coffee,Mocha,4.75,1,4.75
1265,2024-03-09,16:52:00,Riverside,Bakery,Croissant,3.5,2,7.0
1266,2024-03-09,18:35:00,Downtown,Coffee,Cappuccino,4.0,1,4.0
1267,2024-03-09,16:09:00,Uptown Mall,Tea,Herbal Blend,3.1,2,6.2
1268,2024-03-09,15:14:00,Downtown,Tea,Herbal Blend,3.1,2,6.2
1269,2024-03-09,10:53:00,Riverside,Tea,Earl Grey,3.0,1,3.0
1270,2024-03-09,08:02:00,Uptown Mall,Coffee,Espresso,2.75,2,5.5
1271,2024-03-09,10:45:00,Uptown Mall,Coffee,Mocha,4.75,1,4.75
1272,2024-03-09,14:25:00,Riverside,Coffee,Latte,4.25,1,4.25
1273,2024-03-10,07:20:00,Riverside,Coffee,Cold Brew,4.5,2,9.0
1274,2024-03-10,19:21:00,Riverside,Coffee,Mocha,4.75,1,4.75
1275,2024-03-10,16:50:00,Uptown Mall,Coffee,Cold Brew,4.5,2,9.0
1276,2024-03-10,11:02:00,Riverside,Coffee,Latte,4.25,1,4.25
1277,2024-03-10,16:51:00,Uptown Mall,Coffee,Cappuccino,4.0,1,4.0
1278,2024-03-10,13:14:00,Riverside,Coffee,Mocha,4.75,2,9.5
1279,2024-03-10,17:45:00,Riverside,Bakery,Bagel,2.75,2,5.5
1280,2024-03-10,08:06:00,Uptown Mall,Tea,Herbal Blend,3.1,1,3.1
1281,2024-03-10,13:34:00,Riverside,Tea,Earl Grey,3.0,2,6.0
1282,2024-03-10,15:45:00,Riverside,Coffee,Cappuccino,4.0,1,4.0
1283,2024-03-10,16:22:00,Uptown Mall,Coffee,Cappuccino,4.0,1,4.0
1284,2024-03-10,16:04:00,Riverside,Bakery,Croissant,3.5,1,3.5
1285,2024-03-10,13:25:00,Downtown,Bakery,Blueberry Muffin,3.25,1,3.25
1286,2024-03-10,13:41:00,Uptown Mall,Coffee,Latte,4.25,1,4.25
1287,2024-03-10,08:28:00,Downtown,Bakery,Croissant,3.5,1,3.5
1288,2024-03-10,13:47:00,Riverside,Coffee,Cold Brew,4.5,1,4.5
1289,2024-03-10,10:13:00,Riverside,Coffee,Cold Brew,4.5,1,4.5
1290,2024-03-10,18:28:00,Downtown,Bakery,Croissant,3.5,1,3.5
1291,2024-03-11,15:34:00,Riverside,Coffee,Cappuccino,4.0,1,4.0
1292,2024-03-11,19:57:00,Downtown,Bakery,Chocolate Chip Cookie,2.5,1,2.5
1293,2024-03-11,07:01:00,Downtown,Merchandise,Gift Card,25.0,2,50.0
1294,2024-03-11,17:26:00,Riverside,Coffee,Americano,3.25,1,3.25
1295,2024-03-11,13:01:00,Riverside,Coffee,Americano,3.25,1,3.25
1296,2024-03-11,15:28:00,Uptown Mall,Bakery,Bagel,2.75,1,2.75
1297,2024-03-11,14:38:00,Downtown,Coffee,Cold Brew,4.5,1,4.5
1298,2024-03-11,08:32:00,Riverside,Coffee,Cappuccino,4.0,1,4.0
1299,2024-03-11,19:16:00,Downtown,Coffee,Americano,3.25,1,3.25
1300,2024-03-11,16:22:00,Riverside,Coffee,Cappuccino,4.0,2,8.0
1301,2024-03-11,16:50:00,Downtown,Coffee,Espresso,2.75,1,2.75
1302,2024-03-11,14:31:00,Uptown Mall,Merchandise,Gift Card,25.0,1,25.0
1303,2024-03-11,07:50:00,Riverside,Bakery,Croissant,3.5,1,3.5
1304,2024-03-11,17:46:00,Downtown,Coffee,Latte,4.25,1,4.25
1305,2024-03-11,13:38:00,Riverside,Coffee,Cold Brew,4.5,2,9.0
1306,2024-03-12,13:06:00,Riverside,Coffee,Latte,4.25,2,8.5
1307,2024-03-12,09:52:00,Uptown Mall,Coffee,Americano,3.25,1,3.25
1308,2024-03-12,13:27:00,Downtown,Bakery,Bagel,2.75,1,2.75
1309,2024-03-12,10:30:00,Downtown,Bakery,Bagel,2.75,1,2.75
1310,2024-03-12,09:02:00,Uptown Mall,Bakery,Bagel,2.75,2,5.5
1311,2024-03-12,10:13:00,Downtown,Coffee,Mocha,4.75,1,4.75
1312,2024-03-12,14:39:00,Uptown Mall,Coffee,Americano,3.25,1,3.25
1313,2024-03-12,14:53:00,Uptown Mall,Tea,Earl Grey,3.0,1,3.0
1314,2024-03-12,13:40:00,Downtown,Coffee,Espresso,2.75,1,2.75
1315,2024-03-12,10:49:00,Riverside,Tea,Herbal Blend,3.1,1,3.1
1316,2024-03-12,17:32:00,Downtown,Coffee,Espresso,2.75,1,2.75
1317,2024-03-12,10:59:00,Downtown,Tea,Chai Latte,4.1,1,4.1
1318,2024-03-12,09:14:00,Uptown Mall,Coffee,Cappuccino,4.0,1,4.0
1319,2024-03-12,14:23:00,Downtown,Coffee,Cappuccino,4.0,1,4.0
1320,2024-03-12,08:58:00,Downtown,Coffee,Espresso,2.75,3,8.25
1321,2024-03-12,10:54:00,Riverside,Bakery,Blueberry Muffin,3.25,1,3.25
1322,2024-03-12,14:20:00,Riverside,Coffee,Americano,3.25,2,6.5
1323,2024-03-12,06:57:00,Uptown Mall,Coffee,Americano,3.25,1,3.25
1324,2024-03-13,15:58:00,Uptown Mall,Coffee,Cappuccino,4.0,2,8.0
1325,2024-03-13,19:48:00,Uptown Mall,Coffee,Americano,3.25,1,3.25
1326,2024-03-13,12:33:00,Riverside,Bakery,Chocolate Chip Cookie,2.5,1,2.5
1327,2024-03-13,14:39:00,Uptown Mall,Coffee,Espresso,2.75,1,2.75
1328,2024-03-13,18:55:00,Riverside,Bakery,Croissant,3.5,1,3.5
1329,2024-03-13,16:03:00,Downtown,Tea,Green Tea,3.0,1,3.0
1330,2024-03-13,16:31:00,Uptown Mall,Bakery,Chocolate Chip Cookie,2.5,2,5.0
1331,2024-03-13,07:50:00,Uptown Mall,Coffee,Mocha,4.75,2,9.5
1332,2024-03-13,07:25:00,Downtown,Coffee,Cold Brew,4.5,2,9.0
1333,2024-03-13,09:01:00,Uptown Mall,Coffee,Cappuccino,4.0,1,4.0
1334,2024-03-13,18:49:00,Downtown,Bakery,Blueberry Muffin,3.25,1,3.25
1335,2024-03-13,16:46:00,Uptown Mall,Coffee,Cappuccino,4.0,1,4.0
1336,2024-03-13,11:19:00,Downtown,Coffee,Cappuccino,4.0,1,4.0
1337,2024-03-13,08:32:00,Uptown Mall,Coffee,Latte,4.25,1,4.25
1338,2024-03-13,06:39:00,Downtown,Coffee,Latte,4.25,1,4.25
1339,2024-03-13,16:38:00,Downtown,Bakery,Chocolate Chip Cookie,2.5,2,5.0
1340,2024-03-13,11:18:00,Uptown Mall,Coffee,Mocha,4.75,1,4.75
1341,2024-03-14,10:04:00,Uptown Mall,Coffee,Espresso,2.75,1,2.75
1342,2024-03-14,07:48:00,Riverside,Coffee,Espresso,2.75,1,2.75
1343,2024-03-14,11:04:00,Uptown Mall,Tea,Earl Grey,3.0,1,3.0
1344,2024-03-14,15:04:00,Downtown,Coffee,Latte,4.25,1,4.25
1345,2024-03-14,12:02:00,Downtown,Bakery,Chocolate Chip Cookie,2.5,1,2.5
1346,2024-03-14,06:36:00,Riverside,Coffee,Cold Brew,4.5,1,4.5
1347,2024-03-14,11:01:00,Riverside,Merchandise,Reusable Cup,9.0,1,9.0
1348,2024-03-14,16:11:00,Uptown Mall,Coffee,Americano,3.25,1,3.25
1349,2024-03-14,12:00:00,Uptown Mall,Bakery,Chocolate Chip Cookie,2.5,2,5.0
1350,2024-03-14,14:05:00,Downtown,Coffee,Espresso,2.75,1,2.75
1351,2024-03-14,19:28:00,Uptown Mall,Coffee,Latte,4.25,1,4.25
1352,2024-03-14,12:00:00,Downtown,Coffee,Cappuccino,4.0,2,8.0
1353,2024-03-14,15:14:00,Downtown,Coffee,Espresso,2.75,1,2.75
1354,2024-03-14,19:32:00,Downtown,Coffee,Latte,4.25,1,4.25
1355,2024-03-14,14:16:00,Downtown,Coffee,Latte,4.25,1,4.25
1356,2024-03-14,15:11:00,Downtown,Coffee,Latte,4.25,2,8.5
1357,2024-03-14,08:27:00,Downtown,Coffee,Cold Brew,4.5,1,4.5
1358,2024-03-15,15:44:00,Downtown,Tea,Earl Grey,3.0,1,3.0
1359,2024-03-15,10:43:00,Downtown,Bakery,Bagel,2.75,2,5.5
1360,2024-03-15,11:30:00,Riverside,Coffee,Mocha,4.75,1,4.75
1361,2024-03-15,08:41:00,Riverside,Coffee,Espresso,2.75,2,5.5
1362,2024-03-15,13:38:00,Riverside,Coffee,Latte,4.25,2,8.5
1363,2024-03-15,06:41:00,Uptown Mall,Coffee,Americano,3.25,1,3.25
1364,2024-03-15,11:13:00,Downtown,Coffee,Americano,3.25,1,3.25
1365,2024-03-15,19:22:00,Downtown,Bakery,Bagel,2.75,1,2.75
1366,2024-03-15,13:41:00,Riverside,Coffee,Mocha,4.75,2,9.5
1367,2024-03-15,07:15:00,Riverside,Bakery,Croissant,3.5,1,3.5
1368,2024-03-15,17:32:00,Downtown,Tea,Green Tea,3.0,1,3.0
1369,2024-03-15,12:47:00,Downtown,Coffee,Cappuccino,4.0,1,4.0
1370,2024-03-15,19:18:00,Riverside,Coffee,Mocha,4.75,1,4.75
1371,2024-03-15,17:40:00,Downtown,Coffee,Americano,3.25,1,3.25
1372,2024-03-15,06:29:00,Downtown,Coffee,Mocha,4.75,2,9.5
1373,2024-03-15,18:14:00,Downtown,Coffee,Cold Brew,4.5,1,4.5
1374,2024-03-15,15:24:00,Downtown,Coffee,Cappuccino,4.0,1,4.0
1375,2024-03-15,06:08:00,Riverside,Coffee,Cappuccino,4.0,1,4.0
1376,2024-03-15,12:28:00,Riverside,Coffee,Mocha,4.75,1,4.75
1377,2024-03-16,12:26:00,Downtown,Merchandise,Gift Card,25.0,2,50.0
1378,2024-03-16,17:40:00,Uptown Mall,Coffee,Cappuccino,4.0,1,4.0
1379,2024-03-16,14:10:00,Downtown,Tea,Herbal Blend,3.1,1,3.1
1380,2024-03-16,09:56:00,Uptown Mall,Coffee,Cold Brew,4.5,1,4.5
1381,2024-03-16,11:27:00,Downtown,Tea,Green Tea,3.0,2,6.0
1382,2024-03-16,14:55:00,Riverside,Coffee,Cappuccino,4.0,2,8.0
1383,2024-03-16,12:26:00,Uptown Mall,Coffee,Mocha,4.75,1,4.75
1384,2024-03-16,16:27:00,Uptown Mall,Coffee,Espresso,2.75,1,2.75
1385,2024-03-16,17:48:00,Downtown,Coffee,Espresso,2.75,1,2.75
1386,2024-03-16,17:01:00,Downtown,Coffee,Cappuccino,4.0,1,4.0
1387,2024-03-16,08:25:00,Riverside,Bakery,Chocolate Chip Cookie,2.5,1,2.5
1388,2024-03-16,16:23:00,Downtown,Bakery,Croissant,3.5,1,3.5
1389,2024-03-16,13:16:00,Uptown Mall,Bakery,Croissant,3.5,1,3.5
1390,2024-03-16,18:55:00,Uptown Mall,Bakery,Blueberry Muffin,3.25,1,3.25
1391,2024-03-16,07:56:00,Uptown Mall,Merchandise,Reusable Cup,9.0,1,9.0
1392,2024-03-16,17:12:00,Riverside,Coffee,Americano,3.25,2,6.5
1393,2024-03-16,08:04:00,Downtown,Coffee,Americano,3.25,1,3.25
1394,2024-03-16,06:42:00,Downtown,Bakery,Chocolate Chip Cookie,2.5,1,2.5
1395,2024-03-16,19:00:00,Riverside,Bakery,Croissant,3.5,1,3.5
1396,2024-03-16,18:29:00,Riverside,Coffee,Americano,3.25,1,3.25
1397,2024-03-16,11:36:00,Downtown,Coffee,Latte,4.25,2,8.5
1398,2024-03-16,16:34:00,Downtown,Coffee,Americano,3.25,2,6.5
1399,2024-03-17,09:30:00,Riverside,Coffee,Latte,4.25,2,8.5
1400,2024-03-17,11:27:00,Downtown,Bakery,Bagel,2.75,1,2.75
1401,2024-03-17,19:54:00,Uptown Mall,Bakery,Croissant,3.5,2,7.0
1402,2024-03-17,09:25:00,Uptown Mall,Coffee,Cappuccino,4.0,1,4.0
1403,2024-03-17,18:46:00,Uptown Mall,Coffee,Cold Brew,4.5,1,4.5
1404,2024-03-17,12:20:00,Riverside,Bakery,Blueberry Muffin,3.25,1,3.25
1405,2024-03-17,17:28:00,Downtown,Merchandise,Ground Coffee Bag,14.5,1,14.5
1406,2024-03-17,13:54:00,Uptown Mall,Tea,Herbal Blend,3.1,1,3.1
1407,2024-03-17,11:33:00,Riverside,Coffee,Cappuccino,4.0,1,4.0
1408,2024-03-17,06:50:00,Riverside,Bakery,Blueberry Muffin,3.25,3,9.75
1409,2024-03-17,15:52:00,Downtown,Coffee,Latte,4.25,1,4.25
1410,2024-03-17,15:25:00,Riverside,Coffee,Americano,3.25,2,6.5
1411,2024-03-17,13:16:00,Downtown,Coffee,Cold Brew,4.5,2,9.0
1412,2024-03-17,08:59:00,Riverside,Merchandise,Ground Coffee Bag,14.5,1,14.5
1413,2024-03-17,06:45:00,Uptown Mall,Coffee,Latte,4.25,1,4.25
1414,2024-03-18,18:09:00,Downtown,Tea,Green Tea,3.0,2,6.0
1415,2024-03-18,13:38:00,Riverside,Coffee,Espresso,2.75,1,2.75
1416,2024-03-18,07:12:00,Downtown,Coffee,Mocha,4.75,1,4.75
1417,2024-03-18,12:55:00,Riverside,Bakery,Chocolate Chip Cookie,2.5,2,5.0
1418,2024-03-18,07:52:00,Riverside,Coffee,Espresso,2.75,1,2.75
1419,2024-03-18,13:15:00,Uptown Mall,Coffee,Americano,3.25,1,3.25
1420,2024-03-18,09:23:00,Riverside,Coffee,Espresso,2.75,1,2.75
1421,2024-03-18,11:35:00,Downtown,Coffee,Mocha,4.75,1,4.75
1422,2024-03-18,07:30:00,Downtown,Tea,Herbal Blend,3.1,1,3.1
1423,2024-03-18,14:37:00,Uptown Mall,Bakery,Croissant,3.5,1,3.5
1424,2024-03-18,06:09:00,Riverside,Bakery,Bagel,2.75,1,2.75
1425,2024-03-18,15:03:00,Downtown,Coffee,Espresso,2.75,1,2.75
1426,2024-03-18,09:40:00,Riverside,Coffee,Latte,4.25,1,4.25
1427,2024-03-18,16:55:00,Riverside,Coffee,Espresso,2.75,1,2.75
1428,2024-03-18,15:15:00,Riverside,Bakery,Croissant,3.5,1,3.5
1429,2024-03-18,09:46:00,Uptown Mall,Bakery,Blueberry Muffin,3.25,1,3.25
1430,2024-03-18,16:59:00,Riverside,Coffee,Mocha,4.75,1,4.75
1431,2024-03-19,09:25:00,Downtown,Coffee,Espresso,2.75,1,2.75
1432,2024-03-19,16:47:00,Uptown Mall,Coffee,Cold Brew,4.5,1,4.5
1433,2024-03-19,18:15:00,Riverside,Merchandise,Reusable Cup,9.0,2,18.0
1434,2024-03-19,19:19:00,Riverside,Coffee,Latte,4.25,1,4.25
1435,2024-03-19,07:00:00,Downtown,Coffee,Mocha,4.75,2,9.5
1436,2024-03-19,11:04:00,Uptown Mall,Coffee,Latte,4.25,1,4.25
1437,2024-03-19,18:46:00,Downtown,Tea,Chai Latte,4.1,2,8.2
1438,2024-03-19,06:45:00,Riverside,Merchandise,Ground Coffee Bag,14.5,1,14.5
1439,2024-03-19,08:45:00,Downtown,Coffee,Cold Brew,4.5,1,4.5
1440,2024-03-19,16:20:00,Downtown,Coffee,Americano,3.25,1,3.25
1441,2024-03-19,10:02:00,Downtown,Merchandise,Ground Coffee Bag,14.5,1,14.5
1442,2024-03-19,19:00:00,Downtown,Coffee,Espresso,2.75,1,2.75
1443,2024-03-19,11:59:00,Riverside,Coffee,Americano,3.25,1,3.25
1444,2024-03-19,12:56:00,Downtown,Coffee,Americano,3.25,1,3.25
1445,2024-03-19,09:53:00,Downtown,Coffee,Americano,3.25,1,3.25
1446,2024-03-19,13:57:00,Uptown Mall,Merchandise,Reusable Cup,9.0,1,9.0
1447,2024-03-19,19:16:00,Uptown Mall,Tea,Green Tea,3.0,1,3.0
1448,2024-03-19,17:08:00,Downtown,Coffee,Espresso,2.75,1,2.75
1449,2024-03-20,08:07:00,Downtown,Bakery,Chocolate Chip Cookie,2.5,2,5.0
1450,2024-03-20,13:56:00,Downtown,Coffee,Cappuccino,4.0,1,4.0
1451,2024-03-20,14:45:00,Riverside,Tea,Earl Grey,3.0,1,3.0
1452,2024-03-20,18:38:00,Riverside,Tea,Herbal Blend,3.1,1,3.1
1453,2024-03-20,14:24:00,Uptown Mall,Coffee,Latte,4.25,1,4.25
1454,2024-03-20,19:36:00,Riverside,Merchandise,Gift Card,25.0,2,50.0
1455,2024-03-20,12:01:00,Downtown,Coffee,Cappuccino,4.0,1,4.0
1456,2024-03-20,15:15:00,Riverside,Bakery,Bagel,2.75,1,2.75
1457,2024-03-20,17:46:00,Downtown,Coffee,Latte,4.25,3,12.75
1458,2024-03-20,07:23:00,Downtown,Coffee,Latte,4.25,1,4.25
1459,2024-03-20,09:04:00,Riverside,Coffee,Mocha,4.75,1,4.75
1460,2024-03-20,13:06:00,Downtown,Bakery,Croissant,3.5,1,3.5
1461,2024-03-20,09:10:00,Downtown,Bakery,Blueberry Muffin,3.25,1,3.25
1462,2024-03-20,08:51:00,Downtown,Coffee,Mocha,4.75,1,4.75
1463,2024-03-20,17:00:00,Downtown,Coffee,Americano,3.25,1,3.25
1464,2024-03-20,19:38:00,Riverside,Coffee,Cappuccino,4.0,2,8.0
1465,2024-03-21,14:03:00,Uptown Mall,Tea,Green Tea,3.0,1,3.0
1466,2024-03-21,17:55:00,Downtown,Tea,Green Tea,3.0,1,3.0
1467,2024-03-21,15:01:00,Uptown Mall,Bakery,Chocolate Chip Cookie,2.5,1,2.5
1468,2024-03-21,10:00:00,Downtown,Coffee,Cold Brew,4.5,1,4.5
1469,2024-03-21,08:18:00,Riverside,Coffee,Espresso,2.75,2,5.5
1470,2024-03-21,15:55:00,Riverside,Merchandise,Reusable Cup,9.0,1,9.0
1471,2024-03-21,13:47:00,Downtown,Tea,Chai Latte,4.1,2,8.2
1472,2024-03-21,18:56:00,Uptown Mall,Coffee,Cold Brew,4.5,1,4.5
1473,2024-03-21,19:28:00,Downtown,Bakery,Blueberry Muffin,3.25,2,6.5
1474,2024-03-21,11:28:00,Riverside,Bakery,Croissant,3.5,1,3.5
1475,2024-03-21,10:26:00,Uptown Mall,Tea,Chai Latte,4.1,1,4.1
1476,2024-03-21,12:29:00,Uptown Mall,Coffee,Espresso,2.75,1,2.75
1477,2024-03-21,10:21:00,Uptown Mall,Bakery,Chocolate Chip Cookie,2.5,1,2.5
1478,2024-03-21,13:46:00,Riverside,Bakery,Blueberry Muffin,3.25,1,3.25
1479,2024-03-21,11:27:00,Downtown,Bakery,Croissant,3.5,2,7.0
1480,2024-03-21,07:54:00,Riverside,Coffee,Cappuccino,4.0,1,4.0
1481,2024-03-22,19:53:00,Riverside,Tea,Chai Latte,4.1,1,4.1
1482,2024-03-22,14:36:00,Downtown,Coffee,Cappuccino,4.0,1,4.0
1483,2024-03-22,17:02:00,Riverside,Coffee,Americano,3.25,1,3.25
1484,2024-03-22,11:50:00,Riverside,Bakery,Chocolate Chip Cookie,2.5,1,2.5
1485,2024-03-22,11:04:00,Downtown,Coffee,Mocha,4.75,1,4.75
1486,2024-03-22,10:02:00,Downtown,Coffee,Espresso,2.75,1,2.75
1487,2024-03-22,14:45:00,Riverside,Bakery,Croissant,3.5,2,7.0
1488,2024-03-22,14:58:00,Downtown,Bakery,Bagel,2.75,1,2.75
1489,2024-03-22,17:08:00,Riverside,Tea,Green Tea,3.0,1,3.0
1490,2024-03-22,19:05:00,Downtown,Coffee,Cappuccino,4.0,1,4.0
1491,2024-03-22,13:11:00,Riverside,Tea,Green Tea,3.0,1,3.0
1492,2024-03-22,14:54:00,Downtown,Coffee,Espresso,2.75,1,2.75
1493,2024-03-22,17:53:00,Downtown,Coffee,Cappuccino,4.0,2,8.0
1494,2024-03-22,14:54:00,Riverside,Coffee,Latte,4.25,1,4.25
1495,2024-03-23,11:28:00,Uptown Mall,Tea,Chai Latte,4.1,2,8.2
1496,2024-03-23,10:54:00,Riverside,Coffee,Espresso,2.75,1,2.75
1497,2024-03-23,17:23:00,Riverside,Coffee,Mocha,4.75,1,4.75
1498,2024-03-23,16:34:00,Downtown,Coffee,Americano,3.25,1,3.25
1499,2024-03-23,07:30:00,Riverside,Coffee,Americano,3.25,1,3.25
1500,2024-03-23,16:47:00,Downtown,Bakery,Chocolate Chip Cookie,2.5,2,5.0
1501,2024-03-23,08:37:00,Riverside,Bakery,Blueberry Muffin,3.25,1,3.25
1502,2024-03-23,08:29:00,Downtown,Bakery,Bagel,2.75,1,2.75
1503,2024-03-23,17:22:00,Uptown Mall,Tea,Chai Latte,4.1,1,4.1
1504,2024-03-23,13:51:00,Downtown,Bakery,Bagel,2.75,2,5.5
1505,2024-03-23,07:20:00,Downtown,Coffee,Cold Brew,4.5,1,4.5
1506,2024-03-23,08:07:00,Downtown,Coffee,Cappuccino,4.0,1,4.0
1507,2024-03-23,19:56:00,Riverside,Merchandise,12oz Mug,12.0,1,12.0
1508,2024-03-23,14:38:00,Downtown,Coffee,Cold Brew,4.5,1,4.5
1509,2024-03-23,16:29:00,Riverside,Tea,Herbal Blend,3.1,1,3.1
1510,2024-03-23,19:15:00,Downtown,Coffee,Cold Brew,4.5,1,4.5
1511,2024-03-23,18:53:00,Riverside,Tea,Green Tea,3.0,3,9.0
1512,2024-03-23,16:47:00,Riverside,Merchandise,12oz Mug,12.0,1,12.0
1513,2024-03-23,14:12:00,Uptown Mall,Coffee,Espresso,2.75,1,2.75
1514,2024-03-23,11:19:00,Downtown,Merchandise,Gift Card,25.0,1,25.0
1515,2024-03-23,08:19:00,Downtown,Coffee,Espresso,2.75,1,2.75
1516,2024-03-23,09:05:00,Downtown,Coffee,Latte,4.25,2,8.5
1517,2024-03-23,09:31:00,Downtown,Coffee,Latte,4.25,1,4.25
1518,2024-03-23,13:19:00,Riverside,Tea,Earl Grey,3.0,1,3.0
1519,2024-03-24,09:53:00,Downtown,Coffee,Espresso,2.75,1,2.75
1520,2024-03-24,19:03:00,Riverside,Tea,Chai Latte,4.1,1,4.1
1521,2024-03-24,17:53:00,Uptown Mall,Coffee,Espresso,2.75,2,5.5
1522,2024-03-24,12:37:00,Riverside,Coffee,Cappuccino,4.0,1,4.0
1523,2024-03-24,06:06:00,Downtown,Coffee,Mocha,4.75,1,4.75
1524,2024-03-24,18:36:00,Uptown Mall,Merchandise,12oz Mug,12.0,1,12.0
1525,2024-03-24,13:04:00,Downtown,Coffee,Cold Brew,4.5,1,4.5
1526,2024-03-24,17:48:00,Uptown Mall,Bakery,Blueberry Muffin,3.25,1,3.25
1527,2024-03-24,16:25:00,Riverside,Coffee,Cappuccino,4.0,1,4.0
1528,2024-03-24,18:20:00,Riverside,Bakery,Chocolate Chip Cookie,2.5,2,5.0
1529,2024-03-24,14:35:00,Uptown Mall,Coffee,Cold Brew,4.5,1,4.5
1530,2024-03-24,09:10:00,Downtown,Coffee,Cappuccino,4.0,1,4.0
1531,2024-03-24,10:24:00,Downtown,Merchandise,12oz Mug,12.0,3,36.0
1532,2024-03-24,15:38:00,Riverside,Tea,Earl Grey,3.0,1,3.0
1533,2024-03-24,13:15:00,Downtown,Merchandise,Gift Card,25.0,1,25.0
1534,2024-03-24,10:35:00,Downtown,Coffee,Cold Brew,4.5,1,4.5
1535,2024-03-24,16:50:00,Riverside,Bakery,Bagel,2.75,1,2.75
1536,2024-03-24,11:07:00,Riverside,Tea,Herbal Blend,3.1,2,6.2
1537,2024-03-24,12:08:00,Riverside,Bakery,Croissant,3.5,1,3.5
1538,2024-03-24,10:10:00,Riverside,Merchandise,Ground Coffee Bag,14.5,1,14.5
1539,2024-03-24,07:51:00,Riverside,Coffee,Cold Brew,4.5,1,4.5
1540,2024-03-24,16:46:00,Downtown,Tea,Green Tea,3.0,1,3.0
1541,2024-03-25,17:01:00,Uptown Mall,Merchandise,12oz Mug,12.0,1,12.0
1542,2024-03-25,17:02:00,Uptown Mall,Coffee,Cold Brew,4.5,1,4.5
1543,2024-03-25,19:19:00,Riverside,Coffee,Mocha,4.75,1,4.75
1544,2024-03-25,06:55:00,Downtown,Tea,Herbal Blend,3.1,1,3.1
1545,2024-03-25,09:31:00,Uptown Mall,Coffee,Espresso,2.75,2,5.5
1546,2024-03-25,16:31:00,Uptown Mall,Bakery,Bagel,2.75,1,2.75
1547,2024-03-25,13:35:00,Riverside,Bakery,Chocolate Chip Cookie,2.5,2,5.0
1548,2024-03-25,12:15:00,Downtown,Bakery,Chocolate Chip Cookie,2.5,2,5.0
1549,2024-03-25,18:58:00,Downtown,Coffee,Espresso,2.75,1,2.75
1550,2024-03-25,09:31:00,Downtown,Bakery,Chocolate Chip Cookie,2.5,2,5.0
1551,2024-03-25,13:59:00,Uptown Mall,Coffee,Espresso,2.75,1,2.75
1552,2024-03-25,12:16:00,Riverside,Coffee,Mocha,4.75,1,4.75
1553,2024-03-25,19:53:00,Downtown,Coffee,Americano,3.25,1,3.25
1554,2024-03-25,08:30:00,Downtown,Coffee,Latte,4.25,1,4.25
1555,2024-03-25,09:53:00,Uptown Mall,Coffee,Americano,3.25,1,3.25
1556,2024-03-25,08:05:00,Downtown,Tea,Green Tea,3.0,1,3.0
1557,2024-03-25,10:19:00,Riverside,Merchandise,Gift Card,25.0,1,25.0
1558,2024-03-25,19:59:00,Downtown,Coffee,Mocha,4.75,1,4.75
1559,2024-03-25,10:51:00,Downtown,Coffee,Cappuccino,4.0,1,4.0
1560,2024-03-25,11:04:00,Downtown,Tea,Chai Latte,4.1,1,4.1
1561,2024-03-26,11:31:00,Riverside,Coffee,Cappuccino,4.0,2,8.0
1562,2024-03-26,07:39:00,Downtown,Coffee,Mocha,4.75,1,4.75
1563,2024-03-26,13:48:00,Riverside,Coffee,Cappuccino,4.0,1,4.0
1564,2024-03-26,09:57:00,Uptown Mall,Merchandise,12oz Mug,12.0,1,12.0
1565,2024-03-26,17:43:00,Riverside,Bakery,Blueberry Muffin,3.25,1,3.25
1566,2024-03-26,07:10:00,Downtown,Bakery,Bagel,2.75,1,2.75
1567,2024-03-26,14:54:00,Uptown Mall,Coffee,Cold Brew,4.5,2,9.0
1568,2024-03-26,09:20:00,Downtown,Coffee,Cold Brew,4.5,1,4.5
1569,2024-03-26,10:51:00,Riverside,Coffee,Mocha,4.75,1,4.75
1570,2024-03-26,19:38:00,Riverside,Coffee,Espresso,2.75,1,2.75
1571,2024-03-26,08:42:00,Riverside,Coffee,Cappuccino,4.0,2,8.0
1572,2024-03-26,14:53:00,Downtown,Coffee,Cold Brew,4.5,2,9.0
1573,2024-03-26,09:38:00,Downtown,Tea,Herbal Blend,3.1,1,3.1
1574,2024-03-26,09:17:00,Uptown Mall,Merchandise,12oz Mug,12.0,2,24.0
1575,2024-03-26,12:58:00,Downtown,Coffee,Cold Brew,4.5,2,9.0
1576,2024-03-27,07:27:00,Downtown,Tea,Herbal Blend,3.1,1,3.1
1577,2024-03-27,09:42:00,Downtown,Coffee,Cold Brew,4.5,1,4.5
1578,2024-03-27,15:47:00,Downtown,Coffee,Cappuccino,4.0,1,4.0
1579,2024-03-27,10:45:00,Riverside,Bakery,Bagel,2.75,1,2.75
1580,2024-03-27,13:50:00,Uptown Mall,Tea,Green Tea,3.0,1,3.0
1581,2024-03-27,11:51:00,Uptown Mall,Bakery,Chocolate Chip Cookie,2.5,1,2.5
1582,2024-03-27,08:10:00,Downtown,Coffee,Espresso,2.75,1,2.75
1583,2024-03-27,06:25:00,Riverside,Bakery,Chocolate Chip Cookie,2.5,2,5.0
1584,2024-03-27,13:15:00,Riverside,Coffee,Cappuccino,4.0,1,4.0
1585,2024-03-27,17:21:00,Downtown,Bakery,Chocolate Chip Cookie,2.5,1,2.5
1586,2024-03-27,19:26:00,Downtown,Coffee,Mocha,4.75,2,9.5
1587,2024-03-27,11:21:00,Downtown,Coffee,Latte,4.25,1,4.25
1588,2024-03-27,09:33:00,Downtown,Coffee,Mocha,4.75,1,4.75
1589,2024-03-27,15:33:00,Riverside,Coffee,Americano,3.25,1,3.25
1590,2024-03-27,19:15:00,Uptown Mall,Bakery,Blueberry Muffin,3.25,1,3.25
1591,2024-03-27,10:20:00,Downtown,Tea,Earl Grey,3.0,1,3.0
1592,2024-03-27,14:02:00,Riverside,Merchandise,Gift Card,25.0,1,25.0
1593,2024-03-28,14:56:00,Uptown Mall,Coffee,Cappuccino,4.0,1,4.0
1594,2024-03-28,18:04:00,Riverside,Tea,Earl Grey,3.0,2,6.0
1595,2024-03-28,09:26:00,Downtown,Bakery,Bagel,2.75,1,2.75
1596,2024-03-28,13:39:00,Downtown,Coffee,Latte,4.25,1,4.25
1597,2024-03-28,10:57:00,Uptown Mall,Coffee,Latte,4.25,1,4.25
1598,2024-03-28,15:22:00,Riverside,Coffee,Latte,4.25,1,4.25
1599,2024-03-28,11:22:00,Riverside,Bakery,Bagel,2.75,1,2.75
1600,2024-03-28,12:42:00,Uptown Mall,Tea,Herbal Blend,3.1,1,3.1
1601,2024-03-28,19:50:00,Downtown,Coffee,Cold Brew,4.5,2,9.0
1602,2024-03-28,13:30:00,Uptown Mall,Tea,Herbal Blend,3.1,1,3.1
1603,2024-03-28,13:23:00,Downtown,Tea,Earl Grey,3.0,1,3.0
1604,2024-03-28,16:53:00,Uptown Mall,Bakery,Bagel,2.75,1,2.75
1605,2024-03-29,08:03:00,Downtown,Coffee,Americano,3.25,1,3.25
1606,2024-03-29,18:35:00,Uptown Mall,Tea,Chai Latte,4.1,1,4.1
1607,2024-03-29,17:42:00,Uptown Mall,Coffee,Mocha,4.75,1,4.75
1608,2024-03-29,15:09:00,Riverside,Coffee,Cappuccino,4.0,1,4.0
1609,2024-03-29,16:07:00,Uptown Mall,Coffee,Cold Brew,4.5,1,4.5
1610,2024-03-29,17:51:00,Riverside,Merchandise,Ground Coffee Bag,14.5,1,14.5
1611,2024-03-29,07:49:00,Downtown,Coffee,Latte,4.25,1,4.25
1612,2024-03-29,19:37:00,Downtown,Tea,Earl Grey,3.0,1,3.0
1613,2024-03-29,16:39:00,Uptown Mall,Tea,Herbal Blend,3.1,1,3.1
1614,2024-03-29,13:48:00,Downtown,Coffee,Cappuccino,4.0,1,4.0
1615,2024-03-29,09:23:00,Downtown,Coffee,Cold Brew,4.5,1,4.5
1616,2024-03-29,14:50:00,Downtown,Coffee,Cold Brew,4.5,1,4.5
1617,2024-03-29,15:19:00,Downtown,Merchandise,Gift Card,25.0,1,25.0
1618,2024-03-29,11:32:00,Riverside,Coffee,Cappuccino,4.0,2,8.0
1619,2024-03-29,07:16:00,Downtown,Merchandise,Ground Coffee Bag,14.5,1,14.5
1620,2024-03-29,18:33:00,Riverside,Coffee,Espresso,2.75,1,2.75
1621,2024-03-29,19:29:00,Downtown,Merchandise,Ground Coffee Bag,14.5,1,14.5
1622,2024-03-29,13:14:00,Uptown Mall,Merchandise,12oz Mug,12.0,1,12.0
1623,2024-03-29,06:20:00,Riverside,Coffee,Espresso,2.75,1,2.75
1624,2024-03-29,07:34:00,Downtown,Coffee,Latte,4.25,1,4.25
1625,2024-03-29,18:23:00,Riverside,Tea,Herbal Blend,3.1,1,3.1
1626,2024-03-29,09:43:00,Riverside,Coffee,Espresso,2.75,1,2.75
1627,2024-03-29,11:11:00,Downtown,Bakery,Bagel,2.75,2,5.5
1628,2024-03-30,18:55:00,Downtown,Bakery,Croissant,3.5,2,7.0
1629,2024-03-30,13:39:00,Riverside,Bakery,Bagel,2.75,2,5.5
1630,2024-03-30,11:25:00,Downtown,Coffee,Espresso,2.75,2,5.5
1631,2024-03-30,11:31:00,Downtown,Coffee,Americano,3.25,2,6.5
1632,2024-03-30,16:07:00,Downtown,Bakery,Croissant,3.5,1,3.5
1633,2024-03-30,09:13:00,Downtown,Coffee,Mocha,4.75,1,4.75
1634,2024-03-30,12:23:00,Downtown,Bakery,Chocolate Chip Cookie,2.5,2,5.0
1635,2024-03-30,16:10:00,Downtown,Merchandise,12oz Mug,12.0,1,12.0
1636,2024-03-30,17:00:00,Uptown Mall,Coffee,Latte,4.25,1,4.25
1637,2024-03-30,14:17:00,Uptown Mall,Tea,Herbal Blend,3.1,1,3.1
1638,2024-03-30,14:39:00,Uptown Mall,Coffee,Cold Brew,4.5,1,4.5
1639,2024-03-30,18:09:00,Downtown,Coffee,Espresso,2.75,1,2.75
1640,2024-03-30,15:29:00,Riverside,Coffee,Espresso,2.75,1,2.75
1641,2024-03-30,19:59:00,Riverside,Coffee,Cold Brew,4.5,1,4.5
1642,2024-03-30,16:42:00,Downtown,Bakery,Bagel,2.75,1,2.75
1643,2024-03-30,12:05:00,Downtown,Coffee,Cappuccino,4.0,1,4.0
1644,2024-03-30,16:49:00,Riverside,Merchandise,12oz Mug,12.0,2,24.0
1645,2024-03-30,06:22:00,Riverside,Coffee,Cold Brew,4.5,1,4.5
1646,2024-03-30,13:14:00,Downtown,Coffee,Cappuccino,4.0,1,4.0
1647,2024-03-30,14:30:00,Riverside,Coffee,Espresso,2.75,2,5.5
1648,2024-03-30,10:39:00,Riverside,Bakery,Chocolate Chip Cookie,2.5,1,2.5
1649,2024-03-30,06:21:00,Uptown Mall,Tea,Earl Grey,3.0,2,6.0
1650,2024-03-30,19:46:00,Riverside,Coffee,Espresso,2.75,1,2.75
1651,2024-03-30,17:22:00,Riverside,Coffee,Mocha,4.75,1,4.75
1652,2024-03-30,12:16:00,Downtown,Coffee,Cappuccino,4.0,1,4.0
1653,2024-03-30,13:10:00,Riverside,Merchandise,Reusable Cup,9.0,2,18.0
1654,2024-03-30,11:15:00,Downtown,Coffee,Cold Brew,4.5,1,4.5
1655,2024-03-30,06:16:00,Uptown Mall,Coffee,Espresso,2.75,2,5.5
1656,2024-03-30,15:44:00,Downtown,Coffee,Cold Brew,4.5,2,9.0
1657,2024-03-31,07:30:00,Riverside,Tea,Earl Grey,3.0,1,3.0
1658,2024-03-31,12:21:00,Riverside,Coffee,Cappuccino,4.0,1,4.0
1659,2024-03-31,06:35:00,Riverside,Bakery,Bagel,2.75,1,2.75
1660,2024-03-31,06:46:00,Riverside,Coffee,Latte,4.25,1,4.25
1661,2024-03-31,18:21:00,Downtown,Bakery,Chocolate Chip Cookie,2.5,1,2.5
1662,2024-03-31,10:17:00,Downtown,Coffee,Americano,3.25,1,3.25
1663,2024-03-31,15:46:00,Downtown,Coffee,Latte,4.25,1,4.25
1664,2024-03-31,07:41:00,Downtown,Coffee,Cold Brew,4.5,1,4.5
1665,2024-03-31,14:30:00,Uptown Mall,Coffee,Espresso,2.75,2,5.5
1666,2024-03-31,09:12:00,Downtown,Coffee,Latte,4.25,2,8.5
1667,2024-03-31,18:18:00,Riverside,Merchandise,Reusable Cup,9.0,1,9.0
1668,2024-03-31,07:34:00,Uptown Mall,Coffee,Latte,4.25,1,4.25
1669,2024-03-31,14:40:00,Uptown Mall,Coffee,Cold Brew,4.5,1,4.5
1670,2024-03-31,10:52:00,Uptown Mall,Coffee,Americano,3.25,2,6.5
1671,2024-03-31,06:26:00,Downtown,Coffee,Mocha,4.75,1,4.75
1672,2024-03-31,06:24:00,Uptown Mall,Bakery,Bagel,2.75,1,2.75
1673,2024-03-31,14:04:00,Downtown,Tea,Herbal Blend,3.1,2,6.2
1674,2024-03-31,19:42:00,Downtown,Coffee,Mocha,4.75,2,9.5
1675,2024-03-31,15:50:00,Downtown,Coffee,Espresso,2.75,1,2.75
1676,2024-03-31,13:36:00,Downtown,Bakery,Blueberry Muffin,3.25,1,3.25
1677,2024-03-31,06:22:00,Uptown Mall,Tea,Herbal Blend,3.1,1,3.1
1678,2024-03-31,17:39:00,Uptown Mall,Bakery,Croissant,3.5,1,3.5
1679,2024-03-31,11:35:00,Uptown Mall,Bakery,Blueberry Muffin,3.25,1,3.25
1680,2024-03-31,13:00:00,Uptown Mall,Merchandise,12oz Mug,12.0,1,12.0
1681,2024-03-31,11:19:00,Uptown Mall,Bakery,Bagel,2.75,1,2.75
1682,2024-03-31,16:16:00,Downtown,Bakery,Croissant,3.5,1,3.5
1683,2024-04-01,10:56:00,Riverside,Bakery,Blueberry Muffin,3.25,1,3.25
1684,2024-04-01,12:06:00,Downtown,Coffee,Mocha,4.75,1,4.75
1685,2024-04-01,06:57:00,Uptown Mall,Coffee,Cappuccino,4.0,2,8.0
1686,2024-04-01,13:42:00,Uptown Mall,Bakery,Croissant,3.5,1,3.5
1687,2024-04-01,07:47:00,Riverside,Tea,Chai Latte,4.1,1,4.1
1688,2024-04-01,07:01:00,Uptown Mall,Tea,Herbal Blend,3.1,1,3.1
1689,2024-04-01,15:28:00,Downtown,Coffee,Americano,3.25,1,3.25
1690,2024-04-01,19:42:00,Uptown Mall,Coffee,Espresso,2.75,1,2.75
1691,2024-04-01,13:12:00,Downtown,Coffee,Cappuccino,4.0,1,4.0
1692,2024-04-01,08:08:00,Riverside,Bakery,Bagel,2.75,1,2.75
1693,2024-04-01,19:28:00,Uptown Mall,Coffee,Latte,4.25,1,4.25
1694,2024-04-01,12:22:00,Riverside,Coffee,Espresso,2.75,1,2.75
1695,2024-04-01,19:36:00,Uptown Mall,Coffee,Americano,3.25,1,3.25
1696,2024-04-01,09:15:00,Uptown Mall,Coffee,Cappuccino,4.0,1,4.0
1697,2024-04-01,19:33:00,Riverside,Merchandise,Reusable Cup,9.0,3,27.0
1698,2024-04-01,15:50:00,Riverside,Bakery,Blueberry Muffin,3.25,1,3.25
1699,2024-04-02,06:01:00,Downtown,Coffee,Cold Brew,4.5,1,4.5
1700,2024-04-02,09:18:00,Riverside,Coffee,Mocha,4.75,1,4.75
1701,2024-04-02,09:34:00,Downtown,Bakery,Blueberry Muffin,3.25,1,3.25
1702,2024-04-02,13:46:00,Downtown,Coffee,Mocha,4.75,1,4.75
1703,2024-04-02,14:22:00,Riverside,Coffee,Americano,3.25,1,3.25
1704,2024-04-02,16:12:00,Downtown,Coffee,Cappuccino,4.0,1,4.0
1705,2024-04-02,09:49:00,Uptown Mall,Coffee,Latte,4.25,1,4.25
1706,2024-04-02,08:33:00,Downtown,Coffee,Cappuccino,4.0,2,8.0
1707,2024-04-02,18:07:00,Downtown,Bakery,Blueberry Muffin,3.25,1,3.25
1708,2024-04-02,08:08:00,Downtown,Tea,Chai Latte,4.1,1,4.1
1709,2024-04-02,13:23:00,Riverside,Coffee,Cappuccino,4.0,2,8.0
1710,2024-04-02,07:46:00,Riverside,Coffee,Latte,4.25,1,4.25
1711,2024-04-02,09:47:00,Riverside,Bakery,Blueberry Muffin,3.25,2,6.5
1712,2024-04-02,15:26:00,Uptown Mall,Coffee,Mocha,4.75,1,4.75
1713,2024-04-02,14:50:00,Downtown,Coffee,Mocha,4.75,2,9.5
1714,2024-04-02,07:27:00,Downtown,Merchandise,Reusable Cup,9.0,1,9.0
1715,2024-04-03,19:28:00,Downtown,Coffee,Cold Brew,4.5,1,4.5
1716,2024-04-03,07:22:00,Uptown Mall,Coffee,Americano,3.25,1,3.25
1717,2024-04-03,06:40:00,Downtown,Tea,Chai Latte,4.1,1,4.1
1718,2024-04-03,12:12:00,Uptown Mall,Tea,Herbal Blend,3.1,1,3.1
1719,2024-04-03,15:24:00,Downtown,Coffee,Americano,3.25,1,3.25
1720,2024-04-03,18:57:00,Riverside,Coffee,Americano,3.25,1,3.25
1721,2024-04-03,13:01:00,Riverside,Bakery,Chocolate Chip Cookie,2.5,1,2.5
1722,2024-04-03,18:38:00,Riverside,Coffee,Americano,3.25,1,3.25
1723,2024-04-03,18:58:00,Downtown,Coffee,Mocha,4.75,1,4.75
1724,2024-04-03,15:29:00,Downtown,Bakery,Croissant,3.5,1,3.5
1725,2024-04-03,16:58:00,Uptown Mall,Tea,Earl Grey,3.0,1,3.0
1726,2024-04-03,15:42:00,Downtown,Coffee,Espresso,2.75,1,2.75
1727,2024-04-03,10:21:00,Riverside,Tea,Earl Grey,3.0,1,3.0
1728,2024-04-03,14:34:00,Downtown,Coffee,Mocha,4.75,1,4.75
1729,2024-04-03,19:26:00,Uptown Mall,Coffee,Americano,3.25,1,3.25
1730,2024-04-03,08:58:00,Riverside,Bakery,Croissant,3.5,1,3.5
1731,2024-04-03,15:15:00,Downtown,Coffee,Cappuccino,4.0,1,4.0
1732,2024-04-03,10:19:00,Uptown Mall,Bakery,Blueberry Muffin,3.25,1,3.25
1733,2024-04-04,15:06:00,Downtown,Coffee,Latte,4.25,1,4.25
1734,2024-04-04,10:15:00,Riverside,Coffee,Mocha,4.75,1,4.75
1735,2024-04-04,18:29:00,Downtown,Bakery,Chocolate Chip Cookie,2.5,1,2.5
1736,2024-04-04,08:02:00,Uptown Mall,Bakery,Blueberry Muffin,3.25,1,3.25
1737,2024-04-04,15:07:00,Riverside,Tea,Earl Grey,3.0,1,3.0
1738,2024-04-04,12:50:00,Downtown,Bakery,Chocolate Chip Cookie,2.5,1,2.5
1739,2024-04-04,19:02:00,Downtown,Tea,Earl Grey,3.0,1,3.0
1740,2024-04-04,13:02:00,Riverside,Coffee,Cappuccino,4.0,1,4.0
1741,2024-04-04,07:16:00,Downtown,Merchandise,Gift Card,25.0,2,50.0
1742,2024-04-04,15:47:00,Downtown,Coffee,Cold Brew,4.5,1,4.5
1743,2024-04-04,12:39:00,Riverside,Coffee,Latte,4.25,1,4.25
1744,2024-04-04,07:47:00,Downtown,Merchandise,Ground Coffee Bag,14.5,1,14.5
1745,2024-04-04,16:57:00,Downtown,Tea,Earl Grey,3.0,1,3.0
1746,2024-04-04,14:30:00,Riverside,Coffee,Cold Brew,4.5,2,9.0
1747,2024-04-04,19:49:00,Riverside,Coffee,Mocha,4.75,1,4.75
1748,2024-04-04,19:25:00,Downtown,Coffee,Mocha,4.75,1,4.75
1749,2024-04-05,19:48:00,Downtown,Merchandise,Gift Card,25.0,2,50.0
1750,2024-04-05,15:23:00,Uptown Mall,Coffee,Mocha,4.75,1,4.75
1751,2024-04-05,17:43:00,Downtown,Tea,Green Tea,3.0,1,3.0
1752,2024-04-05,17:17:00,Riverside,Coffee,Cappuccino,4.0,1,4.0
1753,2024-04-05,08:08:00,Downtown,Coffee,Cold Brew,4.5,1,4.5
1754,2024-04-05,07:37:00,Downtown,Coffee,Latte,4.25,1,4.25
1755,2024-04-05,15:08:00,Riverside,Coffee,Espresso,2.75,1,2.75
1756,2024-04-05,18:17:00,Uptown Mall,Merchandise,Ground Coffee Bag,14.5,1,14.5
1757,2024-04-05,14:36:00,Downtown,Tea,Earl Grey,3.0,2,6.0
1758,2024-04-05,11:15:00,Downtown,Tea,Herbal Blend,3.1,1,3.1
1759,2024-04-05,07:53:00,Riverside,Merchandise,Reusable Cup,9.0,1,9.0
1760,2024-04-05,15:30:00,Uptown Mall,Coffee,Cold Brew,4.5,2,9.0
1761,2024-04-05,06:29:00,Downtown,Coffee,Cappuccino,4.0,1,4.0
1762,2024-04-05,15:53:00,Uptown Mall,Coffee,Americano,3.25,1,3.25
1763,2024-04-05,18:08:00,Downtown,Merchandise,Ground Coffee Bag,14.5,1,14.5
1764,2024-04-05,14:46:00,Downtown,Merchandise,Gift Card,25.0,3,75.0
1765,2024-04-05,19:11:00,Uptown Mall,Merchandise,Reusable Cup,9.0,1,9.0
1766,2024-04-05,10:51:00,Downtown,Merchandise,Reusable Cup,9.0,1,9.0
1767,2024-04-05,07:39:00,Downtown,Coffee,Cappuccino,4.0,1,4.0
1768,2024-04-05,19:16:00,Downtown,Tea,Herbal Blend,3.1,2,6.2
1769,2024-04-05,15:24:00,Uptown Mall,Bakery,Croissant,3.5,1,3.5
1770,2024-04-05,13:43:00,Riverside,Tea,Herbal Blend,3.1,2,6.2
1771,2024-04-06,13:45:00,Riverside,Coffee,Cappuccino,4.0,1,4.0
1772,2024-04-06,14:16:00,Downtown,Coffee,Americano,3.25,1,3.25
1773,2024-04-06,16:29:00,Downtown,Coffee,Mocha,4.75,1,4.75
1774,2024-04-06,19:41:00,Riverside,Bakery,Blueberry Muffin,3.25,1,3.25
1775,2024-04-06,12:00:00,Uptown Mall,Tea,Chai Latte,4.1,1,4.1
1776,2024-04-06,12:34:00,Uptown Mall,Coffee,Espresso,2.75,1,2.75
1777,2024-04-06,18:27:00,Uptown Mall,Coffee,Latte,4.25,2,8.5
1778,2024-04-06,16:29:00,Riverside,Coffee,Cold Brew,4.5,3,13.5
1779,2024-04-06,19:54:00,Riverside,Coffee,Cold Brew,4.5,1,4.5
1780,2024-04-06,14:53:00,Downtown,Merchandise,12oz Mug,12.0,1,12.0
1781,2024-04-06,08:13:00,Riverside,Bakery,Chocolate Chip Cookie,2.5,1,2.5
1782,2024-04-06,19:26:00,Downtown,Bakery,Blueberry Muffin,3.25,1,3.25
1783,2024-04-06,06:25:00,Riverside,Coffee,Cappuccino,4.0,3,12.0
1784,2024-04-06,12:45:00,Riverside,Coffee,Cappuccino,4.0,3,12.0
1785,2024-04-06,14:59:00,Downtown,Coffee,Espresso,2.75,3,8.25
1786,2024-04-06,07:32:00,Downtown,Tea,Chai Latte,4.1,1,4.1
1787,2024-04-07,08:08:00,Downtown,Merchandise,12oz Mug,12.0,1,12.0
1788,2024-04-07,18:59:00,Downtown,Coffee,Cappuccino,4.0,1,4.0
1789,2024-04-07,07:13:00,Riverside,Bakery,Blueberry Muffin,3.25,1,3.25
1790,2024-04-07,12:44:00,Riverside,Coffee,Mocha,4.75,1,4.75
1791,2024-04-07,06:11:00,Uptown Mall,Tea,Chai Latte,4.1,1,4.1
1792,2024-04-07,15:15:00,Uptown Mall,Tea,Earl Grey,3.0,1,3.0
1793,2024-04-07,07:47:00,Riverside,Bakery,Bagel,2.75,2,5.5
1794,2024-04-07,11:22:00,Riverside,Coffee,Cappuccino,4.0,1,4.0
1795,2024-04-07,08:24:00,Downtown,Bakery,Bagel,2.75,2,5.5
1796,2024-04-07,19:26:00,Riverside,Tea,Chai Latte,4.1,1,4.1
1797,2024-04-07,17:03:00,Downtown,Merchandise,12oz Mug,12.0,2,24.0
1798,2024-04-07,12:46:00,Downtown,Tea,Chai Latte,4.1,1,4.1
1799,2024-04-07,09:45:00,Downtown,Coffee,Latte,4.25,1,4.25
1800,2024-04-07,19:12:00,Uptown Mall,Tea,Earl Grey,3.0,1,3.0
1801,2024-04-07,13:31:00,Riverside,Coffee,Americano,3.25,1,3.25
1802,2024-04-07,09:52:00,Downtown,Tea,Herbal Blend,3.1,3,9.3
1803,2024-04-07,10:11:00,Riverside,Coffee,Latte,4.25,1,4.25
1804,2024-04-07,11:40:00,Riverside,Coffee,Latte,4.25,1,4.25
1805,2024-04-07,08:42:00,Uptown Mall,Merchandise,Gift Card,25.0,1,25.0
1806,2024-04-07,08:04:00,Uptown Mall,Tea,Earl Grey,3.0,1,3.0
1807,2024-04-07,14:50:00,Downtown,Tea,Green Tea,3.0,1,3.0
1808,2024-04-07,09:02:00,Downtown,Bakery,Blueberry Muffin,3.25,1,3.25
1809,2024-04-07,11:24:00,Riverside,Merchandise,Gift Card,25.0,1,25.0
1810,2024-04-07,06:06:00,Uptown Mall,Tea,Herbal Blend,3.1,2,6.2
1811,2024-04-07,13:27:00,Downtown,Merchandise,12oz Mug,12.0,1,12.0
1812,2024-04-07,08:58:00,Downtown,Coffee,Cappuccino,4.0,1,4.0
1813,2024-04-07,10:40:00,Downtown,Tea,Herbal Blend,3.1,1,3.1
1814,2024-04-08,19:45:00,Uptown Mall,Tea,Chai Latte,4.1,1,4.1
1815,2024-04-08,07:03:00,Uptown Mall,Tea,Earl Grey,3.0,1,3.0
1816,2024-04-08,11:56:00,Downtown,Tea,Green Tea,3.0,2,6.0
1817,2024-04-08,08:16:00,Downtown,Coffee,Cold Brew,4.5,2,9.0
1818,2024-04-08,08:08:00,Riverside,Tea,Green Tea,3.0,2,6.0
1819,2024-04-08,10:36:00,Uptown Mall,Coffee,Latte,4.25,2,8.5
1820,2024-04-08,18:45:00,Riverside,Coffee,Mocha,4.75,1,4.75
1821,2024-04-08,08:59:00,Downtown,Coffee,Cappuccino,4.0,2,8.0
1822,2024-04-08,08:29:00,Downtown,Merchandise,Ground Coffee Bag,14.5,1,14.5
1823,2024-04-08,07:08:00,Riverside,Coffee,Cappuccino,4.0,1,4.0
1824,2024-04-08,15:36:00,Uptown Mall,Bakery,Croissant,3.5,1,3.5
1825,2024-04-08,13:22:00,Downtown,Bakery,Croissant,3.5,1,3.5
1826,2024-04-08,19:36:00,Uptown Mall,Bakery,Blueberry Muffin,3.25,1,3.25
1827,2024-04-08,17:20:00,Riverside,Coffee,Mocha,4.75,1,4.75
1828,2024-04-08,19:39:00,Downtown,Coffee,Latte,4.25,1,4.25
1829,2024-04-08,16:55:00,Downtown,Coffee,Cappuccino,4.0,1,4.0
1830,2024-04-09,07:30:00,Downtown,Tea,Chai Latte,4.1,1,4.1
1831,2024-04-09,11:44:00,Downtown,Coffee,Espresso,2.75,2,5.5
1832,2024-04-09,07:27:00,Downtown,Bakery,Croissant,3.5,2,7.0
1833,2024-04-09,11:56:00,Downtown,Tea,Herbal Blend,3.1,1,3.1
1834,2024-04-09,08:23:00,Downtown,Coffee,Espresso,2.75,1,2.75
1835,2024-04-09,16:25:00,Riverside,Coffee,Cold Brew,4.5,1,4.5
1836,2024-04-09,17:53:00,Downtown,Coffee,Cold Brew,4.5,3,13.5
1837,2024-04-09,10:21:00,Riverside,Coffee,Latte,4.25,1,4.25
1838,2024-04-09,16:25:00,Downtown,Bakery,Bagel,2.75,1,2.75
1839,2024-04-09,06:45:00,Uptown Mall,Coffee,Mocha,4.75,2,9.5
1840,2024-04-09,15:48:00,Riverside,Tea,Green Tea,3.0,1,3.0
1841,2024-04-09,14:10:00,Riverside,Coffee,Espresso,2.75,1,2.75
1842,2024-04-09,11:06:00,Downtown,Tea,Green Tea,3.0,2,6.0
1843,2024-04-09,08:55:00,Riverside,Bakery,Blueberry Muffin,3.25,1,3.25
1844,2024-04-09,10:37:00,Downtown,Bakery,Blueberry Muffin,3.25,1,3.25
1845,2024-04-09,06:43:00,Uptown Mall,Coffee,Espresso,2.75,2,5.5
1846,2024-04-09,14:47:00,Riverside,Coffee,Cold Brew,4.5,1,4.5
1847,2024-04-09,18:42:00,Downtown,Coffee,Cappuccino,4.0,1,4.0
1848,2024-04-10,11:51:00,Uptown Mall,Coffee,Cappuccino,4.0,1,4.0
1849,2024-04-10,10:07:00,Downtown,Bakery,Croissant,3.5,1,3.5
1850,2024-04-10,08:32:00,Riverside,Coffee,Latte,4.25,1,4.25
1851,2024-04-10,11:24:00,Downtown,Bakery,Chocolate Chip Cookie,2.5,2,5.0
1852,2024-04-10,13:35:00,Downtown,Coffee,Espresso,2.75,1,2.75
1853,2024-04-10,10:34:00,Downtown,Coffee,Latte,4.25,3,12.75
1854,2024-04-10,15:04:00,Downtown,Tea,Green Tea,3.0,1,3.0
1855,2024-04-10,15:32:00,Uptown Mall,Coffee,Cold Brew,4.5,1,4.5
1856,2024-04-10,17:40:00,Downtown,Merchandise,Gift Card,25.0,1,25.0
1857,2024-04-10,19:49:00,Downtown,Bakery,Chocolate Chip Cookie,2.5,2,5.0
1858,2024-04-10,18:08:00,Riverside,Bakery,Bagel,2.75,1,2.75
1859,2024-04-10,10:05:00,Uptown Mall,Tea,Earl Grey,3.0,1,3.0
1860,2024-04-10,17:13:00,Downtown,Merchandise,Gift Card,25.0,1,25.0
1861,2024-04-10,15:58:00,Downtown,Bakery,Blueberry Muffin,3.25,1,3.25
1862,2024-04-10,17:34:00,Uptown Mall,Tea,Earl Grey,3.0,1,3.0
1863,2024-04-10,12:52:00,Riverside,Coffee,Americano,3.25,1,3.25
1864,2024-04-10,16:24:00,Uptown Mall,Bakery,Chocolate Chip Cookie,2.5,1,2.5
1865,2024-04-10,15:18:00,Downtown,Coffee,Mocha,4.75,1,4.75
1866,2024-04-10,18:37:00,Downtown,Coffee,Mocha,4.75,1,4.75
1867,2024-04-10,19:56:00,Downtown,Coffee,Cold Brew,4.5,1,4.5
1868,2024-04-10,19:18:00,Downtown,Coffee,Latte,4.25,1,4.25
1869,2024-04-10,15:33:00,Uptown Mall,Bakery,Bagel,2.75,1,2.75
1870,2024-04-11,09:39:00,Riverside,Tea,Earl Grey,3.0,2,6.0
1871,2024-04-11,13:18:00,Downtown,Coffee,Espresso,2.75,1,2.75
1872,2024-04-11,17:01:00,Downtown,Bakery,Blueberry Muffin,3.25,1,3.25
1873,2024-04-11,17:48:00,Downtown,Coffee,Americano,3.25,1,3.25
1874,2024-04-11,14:49:00,Riverside,Coffee,Cold Brew,4.5,1,4.5
1875,2024-04-11,17:17:00,Downtown,Bakery,Chocolate Chip Cookie,2.5,2,5.0
1876,2024-04-11,13:55:00,Downtown,Bakery,Bagel,2.75,1,2.75
1877,2024-04-11,14:08:00,Downtown,Bakery,Bagel,2.75,1,2.75
1878,2024-04-11,18:01:00,Uptown Mall,Tea,Herbal Blend,3.1,1,3.1
1879,2024-04-11,14:17:00,Downtown,Coffee,Mocha,4.75,1,4.75
1880,2024-04-11,13:51:00,Downtown,Coffee,Americano,3.25,2,6.5
1881,2024-04-11,13:00:00,Downtown,Coffee,Cold Brew,4.5,2,9.0
1882,2024-04-11,19:33:00,Downtown,Merchandise,Reusable Cup,9.0,1,9.0
1883,2024-04-11,11:21:00,Downtown,Tea,Green Tea,3.0,2,6.0
1884,2024-04-11,09:41:00,Riverside,Bakery,Croissant,3.5,2,7.0
1885,2024-04-11,14:58:00,Downtown,Coffee,Americano,3.25,1,3.25
1886,2024-04-11,17:06:00,Uptown Mall,Bakery,Bagel,2.75,1,2.75
1887,2024-04-12,14:00:00,Downtown,Coffee,Espresso,2.75,1,2.75
1888,2024-04-12,10:54:00,Riverside,Merchandise,Gift Card,25.0,1,25.0
1889,2024-04-12,10:36:00,Riverside,Bakery,Chocolate Chip Cookie,2.5,1,2.5
1890,2024-04-12,15:21:00,Downtown,Bakery,Chocolate Chip Cookie,2.5,1,2.5
1891,2024-04-12,18:52:00,Downtown,Bakery,Chocolate Chip Cookie,2.5,1,2.5
1892,2024-04-12,18:27:00,Downtown,Coffee,Mocha,4.75,1,4.75
1893,2024-04-12,17:41:00,Uptown Mall,Bakery,Blueberry Muffin,3.25,1,3.25
1894,2024-04-12,19:26:00,Downtown,Tea,Earl Grey,3.0,2,6.0
1895,2024-04-12,14:15:00,Riverside,Coffee,Mocha,4.75,1,4.75
1896,2024-04-12,14:18:00,Riverside,Coffee,Cappuccino,4.0,1,4.0
1897,2024-04-12,12:08:00,Downtown,Bakery,Croissant,3.5,1,3.5
1898,2024-04-12,14:23:00,Downtown,Coffee,Mocha,4.75,1,4.75
1899,2024-04-12,10:46:00,Riverside,Coffee,Mocha,4.75,1,4.75
1900,2024-04-12,11:45:00,Riverside,Tea,Earl Grey,3.0,1,3.0
1901,2024-04-12,12:39:00,Downtown,Coffee,Espresso,2.75,3,8.25
1902,2024-04-12,16:15:00,Downtown,Coffee,Espresso,2.75,1,2.75
1903,2024-04-12,18:04:00,Downtown,Bakery,Croissant,3.5,1,3.5
1904,2024-04-12,13:52:00,Downtown,Tea,Herbal Blend,3.1,1,3.1
1905,2024-04-12,07:11:00,Riverside,Merchandise,Reusable Cup,9.0,1,9.0
1906,2024-04-12,06:15:00,Uptown Mall,Coffee,Cold Brew,4.5,1,4.5
1907,2024-04-13,13:55:00,Downtown,Bakery,Croissant,3.5,1,3.5
1908,2024-04-13,15:15:00,Downtown,Coffee,Americano,3.25,1,3.25
1909,2024-04-13,06:13:00,Uptown Mall,Coffee,Latte,4.25,1,4.25
1910,2024-04-13,19:22:00,Riverside,Coffee,Espresso,2.75,1,2.75
1911,2024-04-13,12:36:00,Downtown,Coffee,Cappuccino,4.0,1,4.0
1912,2024-04-13,09:20:00,Downtown,Merchandise,Gift Card,25.0,1,25.0
1913,2024-04-13,12:19:00,Downtown,Coffee,Americano,3.25,1,3.25
1914,2024-04-13,10:55:00,Downtown,Coffee,Latte,4.25,3,12.75
1915,2024-04-13,12:14:00,Riverside,Tea,Chai Latte,4.1,1,4.1
1916,2024-04-13,14:59:00,Downtown,Coffee,Mocha,4.75,1,4.75
1917,2024-04-13,16:48:00,Riverside,Coffee,Cappuccino,4.0,1,4.0
1918,2024-04-13,11:36:00,Uptown Mall,Tea,Herbal Blend,3.1,1,3.1
1919,2024-04-13,09:46:00,Uptown Mall,Bakery,Blueberry Muffin,3.25,1,3.25
1920,2024-04-13,16:30:00,Downtown,Coffee,Latte,4.25,2,8.5
1921,2024-04-13,06:13:00,Riverside,Coffee,Cold Brew,4.5,1,4.5
1922,2024-04-13,09:06:00,Downtown,Coffee,Espresso,2.75,1,2.75
1923,2024-04-13,08:08:00,Riverside,Coffee,Cappuccino,4.0,1,4.0
1924,2024-04-13,14:02:00,Downtown,Coffee,Cappuccino,4.0,1,4.0
1925,2024-04-13,07:23:00,Riverside,Bakery,Blueberry Muffin,3.25,1,3.25
1926,2024-04-13,14:03:00,Riverside,Coffee,Espresso,2.75,1,2.75
1927,2024-04-14,17:43:00,Uptown Mall,Bakery,Croissant,3.5,1,3.5
1928,2024-04-14,18:06:00,Downtown,Coffee,Cappuccino,4.0,3,12.0
1929,2024-04-14,06:31:00,Downtown,Coffee,Espresso,2.75,1,2.75
1930,2024-04-14,16:45:00,Riverside,Coffee,Mocha,4.75,1,4.75
1931,2024-04-14,11:00:00,Riverside,Bakery,Blueberry Muffin,3.25,1,3.25
1932,2024-04-14,16:41:00,Downtown,Coffee,Cold Brew,4.5,1,4.5
1933,2024-04-14,17:32:00,Riverside,Bakery,Chocolate Chip Cookie,2.5,1,2.5
1934,2024-04-14,17:52:00,Downtown,Coffee,Cold Brew,4.5,2,9.0
1935,2024-04-14,08:23:00,Downtown,Coffee,Latte,4.25,1,4.25
1936,2024-04-14,07:50:00,Riverside,Tea,Green Tea,3.0,1,3.0
1937,2024-04-14,18:59:00,Riverside,Coffee,Cappuccino,4.0,1,4.0
1938,2024-04-14,07:29:00,Riverside,Coffee,Mocha,4.75,2,9.5
1939,2024-04-14,13:26:00,Uptown Mall,Tea,Herbal Blend,3.1,1,3.1
1940,2024-04-14,09:34:00,Downtown,Bakery,Croissant,3.5,1,3.5
1941,2024-04-14,07:13:00,Riverside,Coffee,Mocha,4.75,1,4.75
1942,2024-04-14,10:14:00,Uptown Mall,Tea,Chai Latte,4.1,2,8.2
1943,2024-04-14,14:33:00,Riverside,Coffee,Mocha,4.75,1,4.75
1944,2024-04-14,14:09:00,Downtown,Coffee,Americano,3.25,1,3.25
1945,2024-04-14,19:12:00,Uptown Mall,Coffee,Latte,4.25,1,4.25
1946,2024-04-14,06:55:00,Uptown Mall,Coffee,Cold Brew,4.5,1,4.5
1947,2024-04-14,10:35:00,Uptown Mall,Bakery,Bagel,2.75,3,8.25
1948,2024-04-14,10:12:00,Uptown Mall,Merchandise,Ground Coffee Bag,14.5,2,29.0
1949,2024-04-14,07:24:00,Riverside,Bakery,Bagel,2.75,1,2.75
1950,2024-04-14,18:31:00,Riverside,Bakery,Bagel,2.75,2,5.5
1951,2024-04-14,06:03:00,Riverside,Coffee,Mocha,4.75,2,9.5
1952,2024-04-14,13:34:00,Downtown,Coffee,Americano,3.25,1,3.25
1953,2024-04-14,14:41:00,Downtown,Bakery,Chocolate Chip Cookie,2.5,1,2.5
1954,2024-04-14,08:01:00,Uptown Mall,Coffee,Cappuccino,4.0,1,4.0
1955,2024-04-14,16:47:00,Uptown Mall,Bakery,Chocolate Chip Cookie,2.5,1,2.5
1956,2024-04-15,16:35:00,Riverside,Coffee,Cappuccino,4.0,1,4.0
1957,2024-04-15,18:19:00,Downtown,Coffee,Latte,4.25,2,8.5
1958,2024-04-15,19:51:00,Riverside,Coffee,Latte,4.25,1,4.25
1959,2024-04-15,12:28:00,Downtown,Coffee,Americano,3.25,1,3.25
1960,2024-04-15,08:52:00,Downtown,Tea,Chai Latte,4.1,1,4.1
1961,2024-04-15,06:02:00,Uptown Mall,Bakery,Blueberry Muffin,3.25,1,3.25
1962,2024-04-15,08:43:00,Uptown Mall,Coffee,Cold Brew,4.5,1,4.5
1963,2024-04-15,06:42:00,Downtown,Tea,Green Tea,3.0,1,3.0
1964,2024-04-15,13:02:00,Uptown Mall,Tea,Green Tea,3.0,1,3.0
1965,2024-04-15,16:31:00,Downtown,Bakery,Chocolate Chip Cookie,2.5,1,2.5
1966,2024-04-15,19:19:00,Downtown,Coffee,Espresso,2.75,1,2.75
1967,2024-04-15,18:20:00,Downtown,Coffee,Cappuccino,4.0,1,4.0
1968,2024-04-15,07:48:00,Downtown,Coffee,Mocha,4.75,1,4.75
1969,2024-04-15,11:44:00,Riverside,Coffee,Mocha,4.75,1,4.75
1970,2024-04-15,15:32:00,Downtown,Coffee,Cappuccino,4.0,1,4.0
1971,2024-04-16,15:44:00,Downtown,Bakery,Bagel,2.75,1,2.75
1972,2024-04-16,12:43:00,Riverside,Coffee,Cold Brew,4.5,1,4.5
1973,2024-04-16,18:36:00,Downtown,Coffee,Mocha,4.75,1,4.75
1974,2024-04-16,19:56:00,Uptown Mall,Coffee,Americano,3.25,2,6.5
1975,2024-04-16,10:56:00,Downtown,Coffee,Latte,4.25,1,4.25
1976,2024-04-16,06:29:00,Uptown Mall,Coffee,Latte,4.25,1,4.25
1977,2024-04-16,11:26:00,Downtown,Coffee,Cold Brew,4.5,1,4.5
1978,2024-04-16,13:40:00,Uptown Mall,Coffee,Espresso,2.75,1,2.75
1979,2024-04-16,16:39:00,Downtown,Coffee,Cappuccino,4.0,1,4.0
1980,2024-04-16,09:28:00,Riverside,Tea,Chai Latte,4.1,1,4.1
1981,2024-04-16,19:30:00,Downtown,Coffee,Americano,3.25,1,3.25
1982,2024-04-16,13:57:00,Downtown,Merchandise,Gift Card,25.0,2,50.0
1983,2024-04-16,16:04:00,Downtown,Coffee,Cold Brew,4.5,1,4.5
1984,2024-04-16,16:51:00,Riverside,Merchandise,Reusable Cup,9.0,1,9.0
1985,2024-04-17,17:30:00,Riverside,Tea,Herbal Blend,3.1,1,3.1
1986,2024-04-17,07:23:00,Uptown Mall,Merchandise,Ground Coffee Bag,14.5,1,14.5
1987,2024-04-17,07:49:00,Downtown,Coffee,Cold Brew,4.5,1,4.5
1988,2024-04-17,07:58:00,Riverside,Bakery,Bagel,2.75,1,2.75
1989,2024-04-17,09:39:00,Downtown,Bakery,Croissant,3.5,1,3.5
1990,2024-04-17,18:32:00,Riverside,Bakery,Croissant,3.5,1,3.5
1991,2024-04-17,12:03:00,Uptown Mall,Coffee,Cold Brew,4.5,1,4.5
1992,2024-04-17,09:39:00,Downtown,Merchandise,Ground Coffee Bag,14.5,2,29.0
1993,2024-04-17,17:36:00,Uptown Mall,Bakery,Bagel,2.75,1,2.75
1994,2024-04-17,08:31:00,Uptown Mall,Coffee,Mocha,4.75,1,4.75
1995,2024-04-17,06:31:00,Downtown,Bakery,Bagel,2.75,1,2.75
1996,2024-04-17,10:27:00,Downtown,Coffee,Mocha,4.75,2,9.5
1997,2024-04-17,13:54:00,Downtown,Merchandise,Ground Coffee Bag,14.5,1,14.5
1998,2024-04-17,15:36:00,Downtown,Coffee,Espresso,2.75,1,2.75
1999,2024-04-17,09:39:00,Uptown Mall,Coffee,Cappuccino,4.0,1,4.0
2000,2024-04-17,06:55:00,Uptown Mall,Coffee,Cappuccino,4.0,1,4.0
2001,2024-04-17,18:11:00,Uptown Mall,Bakery,Blueberry Muffin,3.25,1,3.25
2002,2024-04-17,13:55:00,Riverside,Bakery,Croissant,3.5,2,7.0
2003,2024-04-18,09:21:00,Riverside,Coffee,Cold Brew,4.5,1,4.5
2004,2024-04-18,10:40:00,Downtown,Tea,Green Tea,3.0,1,3.0
2005,2024-04-18,13:07:00,Uptown Mall,Tea,Earl Grey,3.0,1,3.0
2006,2024-04-18,06:34:00,Riverside,Tea,Earl Grey,3.0,1,3.0
2007,2024-04-18,18:01:00,Downtown,Coffee,Cappuccino,4.0,1,4.0
2008,2024-04-18,17:55:00,Downtown,Coffee,Americano,3.25,1,3.25
2009,2024-04-18,19:13:00,Downtown,Coffee,Americano,3.25,1,3.25
2010,2024-04-18,12:16:00,Riverside,Tea,Herbal Blend,3.1,1,3.1
2011,2024-04-18,08:28:00,Riverside,Coffee,Mocha,4.75,1,4.75
2012,2024-04-18,16:18:00,Downtown,Bakery,Bagel,2.75,1,2.75
2013,2024-04-18,06:21:00,Riverside,Coffee,Cold Brew,4.5,3,13.5
2014,2024-04-18,12:08:00,Downtown,Coffee,Espresso,2.75,2,5.5
2015,2024-04-18,14:36:00,Uptown Mall,Tea,Earl Grey,3.0,2,6.0
2016,2024-04-18,10:41:00,Uptown Mall,Bakery,Bagel,2.75,2,5.5
2017,2024-04-19,09:02:00,Downtown,Tea,Chai Latte,4.1,1,4.1
2018,2024-04-19,06:01:00,Riverside,Coffee,Cold Brew,4.5,1,4.5
2019,2024-04-19,14:36:00,Downtown,Coffee,Cold Brew,4.5,1,4.5
2020,2024-04-19,06:40:00,Downtown,Merchandise,Ground Coffee Bag,14.5,1,14.5
2021,2024-04-19,09:13:00,Downtown,Bakery,Blueberry Muffin,3.25,1,3.25
2022,2024-04-19,15:31:00,Uptown Mall,Coffee,Espresso,2.75,1,2.75
2023,2024-04-19,18:17:00,Downtown,Coffee,Espresso,2.75,1,2.75
2024,2024-04-19,18:51:00,Riverside,Coffee,Latte,4.25,1,4.25
2025,2024-04-19,12:25:00,Riverside,Tea,Chai Latte,4.1,1,4.1
2026,2024-04-19,09:10:00,Riverside,Coffee,Espresso,2.75,1,2.75
2027,2024-04-19,08:06:00,Uptown Mall,Coffee,Latte,4.25,2,8.5
2028,2024-04-19,10:02:00,Downtown,Coffee,Cappuccino,4.0,1,4.0
2029,2024-04-19,11:07:00,Uptown Mall,Coffee,Americano,3.25,3,9.75
2030,2024-04-19,11:45:00,Riverside,Bakery,Bagel,2.75,1,2.75
2031,2024-04-19,10:42:00,Downtown,Coffee,Espresso,2.75,1,2.75
2032,2024-04-20,13:44:00,Downtown,Coffee,Cappuccino,4.0,1,4.0
2033,2024-04-20,16:26:00,Downtown,Coffee,Cappuccino,4.0,2,8.0
2034,2024-04-20,17:15:00,Downtown,Coffee,Cold Brew,4.5,1,4.5
2035,2024-04-20,16:22:00,Downtown,Bakery,Croissant,3.5,2,7.0
2036,2024-04-20,06:57:00,Uptown Mall,Coffee,Espresso,2.75,1,2.75
2037,2024-04-20,07:58:00,Downtown,Bakery,Bagel,2.75,1,2.75
2038,2024-04-20,15:54:00,Uptown Mall,Coffee,Espresso,2.75,1,2.75
2039,2024-04-20,09:23:00,Downtown,Bakery,Bagel,2.75,1,2.75
2040,2024-04-20,14:14:00,Downtown,Bakery,Bagel,2.75,2,5.5
2041,2024-04-20,07:47:00,Uptown Mall,Coffee,Latte,4.25,1,4.25
2042,2024-04-20,12:57:00,Downtown,Coffee,Mocha,4.75,1,4.75
2043,2024-04-20,19:21:00,Riverside,Tea,Chai Latte,4.1,1,4.1
2044,2024-04-20,09:53:00,Riverside,Bakery,Croissant,3.5,1,3.5
2045,2024-04-20,11:32:00,Uptown Mall,Bakery,Bagel,2.75,1,2.75
2046,2024-04-20,12:43:00,Downtown,Coffee,Americano,3.25,3,9.75
2047,2024-04-20,08:42:00,Riverside,Bakery,Chocolate Chip Cookie,2.5,1,2.5
2048,2024-04-20,18:43:00,Downtown,Bakery,Blueberry Muffin,3.25,2,6.5
2049,2024-04-20,15:36:00,Downtown,Merchandise,Gift Card,25.0,1,25.0
2050,2024-04-20,06:33:00,Uptown Mall,Bakery,Croissant,3.5,1,3.5
2051,2024-04-20,06:10:00,Riverside,Merchandise,Gift Card,25.0,1,25.0
2052,2024-04-20,18:10:00,Downtown,Coffee,Americano,3.25,1,3.25
2053,2024-04-20,17:42:00,Downtown,Coffee,Espresso,2.75,2,5.5
2054,2024-04-21,16:56:00,Riverside,Coffee,Espresso,2.75,1,2.75
2055,2024-04-21,17:50:00,Downtown,Coffee,Latte,4.25,1,4.25
2056,2024-04-21,13:50:00,Uptown Mall,Coffee,Americano,3.25,1,3.25
2057,2024-04-21,14:06:00,Riverside,Coffee,Mocha,4.75,1,4.75
2058,2024-04-21,09:56:00,Uptown Mall,Tea,Chai Latte,4.1,1,4.1
2059,2024-04-21,16:08:00,Riverside,Coffee,Mocha,4.75,1,4.75
2060,2024-04-21,19:28:00,Riverside,Coffee,Latte,4.25,1,4.25
2061,2024-04-21,06:02:00,Riverside,Coffee,Mocha,4.75,1,4.75
2062,2024-04-21,06:36:00,Riverside,Coffee,Americano,3.25,1,3.25
2063,2024-04-21,11:38:00,Riverside,Bakery,Blueberry Muffin,3.25,1,3.25
2064,2024-04-21,14:50:00,Downtown,Coffee,Latte,4.25,1,4.25
2065,2024-04-21,14:58:00,Uptown Mall,Tea,Green Tea,3.0,1,3.0
2066,2024-04-21,11:30:00,Downtown,Coffee,Cold Brew,4.5,1,4.5
2067,2024-04-21,15:03:00,Uptown Mall,Bakery,Croissant,3.5,1,3.5
2068,2024-04-21,16:16:00,Downtown,Tea,Earl Grey,3.0,1,3.0
2069,2024-04-21,13:23:00,Downtown,Tea,Earl Grey,3.0,1,3.0
2070,2024-04-21,06:46:00,Uptown Mall,Bakery,Chocolate Chip Cookie,2.5,1,2.5
2071,2024-04-21,15:51:00,Riverside,Coffee,Espresso,2.75,2,5.5
2072,2024-04-22,08:51:00,Downtown,Merchandise,12oz Mug,12.0,1,12.0
2073,2024-04-22,12:55:00,Riverside,Coffee,Cappuccino,4.0,1,4.0
2074,2024-04-22,18:58:00,Downtown,Coffee,Mocha,4.75,2,9.5
2075,2024-04-22,09:33:00,Downtown,Tea,Green Tea,3.0,2,6.0
2076,2024-04-22,15:00:00,Uptown Mall,Bakery,Croissant,3.5,1,3.5
2077,2024-04-22,14:39:00,Riverside,Tea,Herbal Blend,3.1,1,3.1
2078,2024-04-22,15:42:00,Riverside,Coffee,Cold Brew,4.5,1,4.5
2079,2024-04-22,15:20:00,Downtown,Bakery,Croissant,3.5,1,3.5
2080,2024-04-22,19:48:00,Riverside,Coffee,Americano,3.25,2,6.5
2081,2024-04-22,12:58:00,Downtown,Bakery,Blueberry Muffin,3.25,1,3.25
2082,2024-04-22,13:57:00,Riverside,Coffee,Cappuccino,4.0,1,4.0
2083,2024-04-22,09:41:00,Uptown Mall,Coffee,Cold Brew,4.5,1,4.5
2084,2024-04-22,08:56:00,Riverside,Coffee,Cold Brew,4.5,1,4.5
2085,2024-04-22,13:45:00,Riverside,Tea,Herbal Blend,3.1,1,3.1
2086,2024-04-23,13:42:00,Downtown,Tea,Green Tea,3.0,2,6.0
2087,2024-04-23,09:15:00,Riverside,Bakery,Blueberry Muffin,3.25,1,3.25
2088,2024-04-23,10:15:00,Uptown Mall,Coffee,Latte,4.25,2,8.5
2089,2024-04-23,13:02:00,Downtown,Tea,Green Tea,3.0,1,3.0
2090,2024-04-23,11:52:00,Downtown,Tea,Green Tea,3.0,3,9.0
2091,2024-04-23,08:59:00,Downtown,Coffee,Latte,4.25,3,12.75
2092,2024-04-23,14:13:00,Riverside,Tea,Green Tea,3.0,1,3.0
2093,2024-04-23,06:17:00,Downtown,Coffee,Espresso,2.75,1,2.75
2094,2024-04-23,14:19:00,Riverside,Coffee,Mocha,4.75,1,4.75
2095,2024-04-23,11:36:00,Riverside,Merchandise,Reusable Cup,9.0,3,27.0
2096,2024-04-23,07:30:00,Uptown Mall,Coffee,Cold Brew,4.5,1,4.5
2097,2024-04-23,11:25:00,Uptown Mall,Merchandise,Reusable Cup,9.0,2,18.0
2098,2024-04-23,16:04:00,Downtown,Coffee,Americano,3.25,1,3.25
2099,2024-04-23,08:34:00,Riverside,Merchandise,Ground Coffee Bag,14.5,1,14.5
2100,2024-04-23,18:37:00,Riverside,Coffee,Americano,3.25,1,3.25
2101,2024-04-23,16:14:00,Riverside,Coffee,Cappuccino,4.0,1,4.0
2102,2024-04-23,12:10:00,Uptown Mall,Coffee,Cappuccino,4.0,2,8.0
2103,2024-04-23,11:51:00,Downtown,Bakery,Blueberry Muffin,3.25,1,3.25
2104,2024-04-24,06:55:00,Downtown,Tea,Herbal Blend,3.1,1,3.1
2105,2024-04-24,13:48:00,Downtown,Coffee,Americano,3.25,1,3.25
2106,2024-04-24,14:04:00,Riverside,Coffee,Espresso,2.75,2,5.5
2107,2024-04-24,10:14:00,Riverside,Coffee,Mocha,4.75,2,9.5
2108,2024-04-24,19:29:00,Downtown,Coffee,Espresso,2.75,2,5.5
2109,2024-04-24,10:40:00,Riverside,Tea,Earl Grey,3.0,1,3.0
2110,2024-04-24,08:09:00,Downtown,Coffee,Americano,3.25,2,6.5
2111,2024-04-24,06:01:00,Downtown,Coffee,Americano,3.25,1,3.25
2112,2024-04-24,13:12:00,Riverside,Tea,Green Tea,3.0,1,3.0
2113,2024-04-24,17:39:00,Riverside,Coffee,Espresso,2.75,1,2.75
2114,2024-04-24,17:39:00,Riverside,Coffee,Cold Brew,4.5,1,4.5
2115,2024-04-24,09:43:00,Downtown,Tea,Green Tea,3.0,1,3.0
2116,2024-04-24,08:36:00,Downtown,Tea,Earl Grey,3.0,1,3.0
2117,2024-04-24,19:13:00,Uptown Mall,Bakery,Croissant,3.5,1,3.5
2118,2024-04-24,17:53:00,Riverside,Bakery,Blueberry Muffin,3.25,1,3.25
2119,2024-04-24,12:05:00,Uptown Mall,Coffee,Cold Brew,4.5,1,4.5
2120,2024-04-24,12:48:00,Downtown,Tea,Herbal Blend,3.1,1,3.1
2121,2024-04-24,08:31:00,Downtown,Bakery,Blueberry Muffin,3.25,1,3.25
2122,2024-04-24,11:26:00,Uptown Mall,Tea,Herbal Blend,3.1,1,3.1
2123,2024-04-24,08:21:00,Uptown Mall,Coffee,Americano,3.25,3,9.75
2124,2024-04-24,14:09:00,Downtown,Tea,Herbal Blend,3.1,1,3.1
2125,2024-04-24,07:35:00,Riverside,Coffee,Cappuccino,4.0,1,4.0
2126,2024-04-25,18:44:00,Uptown Mall,Bakery,Croissant,3.5,2,7.0
2127,2024-04-25,09:26:00,Uptown Mall,Bakery,Bagel,2.75,1,2.75
2128,2024-04-25,15:13:00,Downtown,Bakery,Chocolate Chip Cookie,2.5,2,5.0
2129,2024-04-25,06:38:00,Uptown Mall,Tea,Chai Latte,4.1,1,4.1
2130,2024-04-25,08:08:00,Uptown Mall,Coffee,Americano,3.25,1,3.25
2131,2024-04-25,18:01:00,Downtown,Coffee,Mocha,4.75,1,4.75
2132,2024-04-25,06:50:00,Uptown Mall,Coffee,Americano,3.25,1,3.25
2133,2024-04-25,15:04:00,Uptown Mall,Coffee,Americano,3.25,2,6.5
2134,2024-04-25,13:23:00,Downtown,Coffee,Cappuccino,4.0,2,8.0
2135,2024-04-25,09:51:00,Downtown,Bakery,Chocolate Chip Cookie,2.5,2,5.0
2136,2024-04-25,11:55:00,Uptown Mall,Merchandise,Reusable Cup,9.0,3,27.0
2137,2024-04-25,19:04:00,Riverside,Coffee,Latte,4.25,2,8.5
2138,2024-04-26,14:07:00,Downtown,Coffee,Espresso,2.75,1,2.75
2139,2024-04-26,19:57:00,Downtown,Tea,Chai Latte,4.1,1,4.1
2140,2024-04-26,06:29:00,Uptown Mall,Coffee,Mocha,4.75,2,9.5
2141,2024-04-26,06:11:00,Riverside,Coffee,Espresso,2.75,1,2.75
2142,2024-04-26,13:14:00,Riverside,Coffee,Mocha,4.75,1,4.75
2143,2024-04-26,10:03:00,Downtown,Coffee,Cappuccino,4.0,1,4.0
2144,2024-04-26,09:25:00,Downtown,Merchandise,12oz Mug,12.0,1,12.0
2145,2024-04-26,12:36:00,Uptown Mall,Merchandise,Gift Card,25.0,1,25.0
2146,2024-04-26,18:39:00,Downtown,Coffee,Espresso,2.75,1,2.75
2147,2024-04-26,14:50:00,Downtown,Coffee,Cappuccino,4.0,1,4.0
2148,2024-04-26,19:18:00,Downtown,Bakery,Bagel,2.75,1,2.75
2149,2024-04-26,09:15:00,Riverside,Bakery,Chocolate Chip Cookie,2.5,1,2.5
2150,2024-04-26,10:23:00,Uptown Mall,Merchandise,Reusable Cup,9.0,1,9.0
2151,2024-04-26,15:01:00,Downtown,Coffee,Latte,4.25,1,4.25
2152,2024-04-26,15:07:00,Downtown,Tea,Chai Latte,4.1,1,4.1
2153,2024-04-26,06:47:00,Riverside,Tea,Earl Grey,3.0,2,6.0
2154,2024-04-27,09:57:00,Uptown Mall,Bakery,Bagel,2.75,1,2.75
2155,2024-04-27,06:58:00,Downtown,Coffee,Cold Brew,4.5,1,4.5
2156,2024-04-27,16:14:00,Uptown Mall,Coffee,Cold Brew,4.5,1,4.5
2157,2024-04-27,16:03:00,Riverside,Coffee,Espresso,2.75,1,2.75
2158,2024-04-27,11:41:00,Downtown,Coffee,Americano,3.25,1,3.25
2159,2024-04-27,16:27:00,Riverside,Coffee,Americano,3.25,1,3.25
2160,2024-04-27,09:39:00,Riverside,Coffee,Cold Brew,4.5,1,4.5
2161,2024-04-27,08:43:00,Riverside,Bakery,Blueberry Muffin,3.25,1,3.25
2162,2024-04-27,12:12:00,Downtown,Coffee,Latte,4.25,1,4.25
2163,2024-04-27,18:17:00,Downtown,Coffee,Cold Brew,4.5,1,4.5
2164,2024-04-27,08:36:00,Downtown,Coffee,Espresso,2.75,1,2.75
2165,2024-04-27,06:32:00,Downtown,Coffee,Mocha,4.75,1,4.75
2166,2024-04-27,09:13:00,Uptown Mall,Tea,Earl Grey,3.0,1,3.0
2167,2024-04-27,06:47:00,Uptown Mall,Tea,Green Tea,3.0,1,3.0
2168,2024-04-27,15:03:00,Uptown Mall,Coffee,Latte,4.25,1,4.25
2169,2024-04-27,06:05:00,Downtown,Coffee,Latte,4.25,1,4.25
2170,2024-04-27,15:32:00,Downtown,Bakery,Bagel,2.75,2,5.5
2171,2024-04-27,06:50:00,Riverside,Coffee,Cappuccino,4.0,2,8.0
2172,2024-04-27,08:13:00,Riverside,Coffee,Cappuccino,4.0,1,4.0
2173,2024-04-27,17:24:00,Downtown,Bakery,Croissant,3.5,1,3.5
2174,2024-04-27,12:35:00,Downtown,Bakery,Blueberry Muffin,3.25,2,6.5
2175,2024-04-27,14:59:00,Riverside,Coffee,Mocha,4.75,1,4.75
2176,2024-04-27,06:02:00,Downtown,Coffee,Mocha,4.75,1,4.75
2177,2024-04-27,11:31:00,Downtown,Tea,Earl Grey,3.0,1,3.0
2178,2024-04-27,10:31:00,Riverside,Tea,Green Tea,3.0,1,3.0
2179,2024-04-27,13:42:00,Uptown Mall,Coffee,Americano,3.25,1,3.25
2180,2024-04-27,10:47:00,Downtown,Coffee,Espresso,2.75,1,2.75
2181,2024-04-27,06:15:00,Riverside,Merchandise,Gift Card,25.0,2,50.0
2182,2024-04-27,08:49:00,Uptown Mall,Coffee,Latte,4.25,1,4.25
2183,2024-04-28,15:07:00,Riverside,Coffee,Latte,4.25,1,4.25
2184,2024-04-28,09:33:00,Riverside,Coffee,Cappuccino,4.0,2,8.0
2185,2024-04-28,08:34:00,Riverside,Coffee,Cold Brew,4.5,2,9.0
2186,2024-04-28,18:32:00,Uptown Mall,Coffee,Cold Brew,4.5,1,4.5
2187,2024-04-28,10:55:00,Downtown,Bakery,Chocolate Chip Cookie,2.5,1,2.5
2188,2024-04-28,15:00:00,Riverside,Coffee,Americano,3.25,1,3.25
2189,2024-04-28,13:19:00,Uptown Mall,Coffee,Cold Brew,4.5,1,4.5
2190,2024-04-28,14:59:00,Downtown,Coffee,Americano,3.25,2,6.5
2191,2024-04-28,10:24:00,Downtown,Coffee,Latte,4.25,1,4.25
2192,2024-04-28,08:43:00,Riverside,Bakery,Blueberry Muffin,3.25,1,3.25
2193,2024-04-28,16:39:00,Downtown,Coffee,Espresso,2.75,3,8.25
2194,2024-04-28,13:24:00,Riverside,Bakery,Blueberry Muffin,3.25,1,3.25
2195,2024-04-28,07:17:00,Downtown,Coffee,Cappuccino,4.0,2,8.0
2196,2024-04-28,16:48:00,Uptown Mall,Coffee,Cold Brew,4.5,1,4.5
2197,2024-04-28,11:18:00,Downtown,Bakery,Croissant,3.5,1,3.5
2198,2024-04-28,09:58:00,Riverside,Bakery,Chocolate Chip Cookie,2.5,1,2.5
2199,2024-04-28,17:29:00,Riverside,Merchandise,12oz Mug,12.0,2,24.0
2200,2024-04-28,16:07:00,Downtown,Coffee,Latte,4.25,1,4.25
2201,2024-04-28,13:08:00,Uptown Mall,Coffee,Cappuccino,4.0,1,4.0
2202,2024-04-28,06:47:00,Riverside,Coffee,Americano,3.25,1,3.25
2203,2024-04-28,15:05:00,Uptown Mall,Coffee,Latte,4.25,1,4.25
2204,2024-04-28,14:20:00,Riverside,Coffee,Americano,3.25,1,3.25
2205,2024-04-28,11:16:00,Downtown,Coffee,Mocha,4.75,1,4.75
2206,2024-04-29,16:57:00,Uptown Mall,Tea,Herbal Blend,3.1,1,3.1
2207,2024-04-29,10:29:00,Downtown,Bakery,Chocolate Chip Cookie,2.5,1,2.5
2208,2024-04-29,11:21:00,Downtown,Coffee,Cappuccino,4.0,1,4.0
2209,2024-04-29,08:02:00,Riverside,Coffee,Cold Brew,4.5,1,4.5
2210,2024-04-29,12:02:00,Downtown,Bakery,Chocolate Chip Cookie,2.5,1,2.5
2211,2024-04-29,11:32:00,Downtown,Coffee,Cappuccino,4.0,3,12.0
2212,2024-04-29,06:02:00,Downtown,Bakery,Blueberry Muffin,3.25,1,3.25
2213,2024-04-29,07:29:00,Uptown Mall,Merchandise,Gift Card,25.0,1,25.0
2214,2024-04-29,19:17:00,Downtown,Bakery,Blueberry Muffin,3.25,1,3.25
2215,2024-04-29,09:10:00,Uptown Mall,Merchandise,Reusable Cup,9.0,1,9.0
2216,2024-04-29,13:34:00,Uptown Mall,Bakery,Croissant,3.5,1,3.5
2217,2024-04-29,07:20:00,Uptown Mall,Bakery,Bagel,2.75,3,8.25
2218,2024-04-29,10:32:00,Downtown,Tea,Herbal Blend,3.1,1,3.1
2219,2024-04-29,14:41:00,Downtown,Coffee,Cappuccino,4.0,1,4.0
2220,2024-04-29,19:57:00,Riverside,Tea,Chai Latte,4.1,1,4.1
2221,2024-04-29,06:48:00,Downtown,Coffee,Americano,3.25,1,3.25
2222,2024-04-30,06:28:00,Riverside,Coffee,Americano,3.25,1,3.25
2223,2024-04-30,19:48:00,Downtown,Bakery,Bagel,2.75,1,2.75
2224,2024-04-30,18:09:00,Uptown Mall,Tea,Earl Grey,3.0,1,3.0
2225,2024-04-30,13:54:00,Downtown,Coffee,Latte,4.25,1,4.25
2226,2024-04-30,08:33:00,Riverside,Bakery,Chocolate Chip Cookie,2.5,1,2.5
2227,2024-04-30,11:30:00,Downtown,Bakery,Croissant,3.5,1,3.5
2228,2024-04-30,19:32:00,Uptown Mall,Coffee,Espresso,2.75,1,2.75
2229,2024-04-30,08:29:00,Riverside,Bakery,Chocolate Chip Cookie,2.5,1,2.5
2230,2024-04-30,08:18:00,Uptown Mall,Coffee,Latte,4.25,1,4.25
2231,2024-04-30,19:08:00,Downtown,Coffee,Americano,3.25,3,9.75
2232,2024-04-30,16:48:00,Uptown Mall,Merchandise,Gift Card,25.0,2,50.0
2233,2024-04-30,08:56:00,Uptown Mall,Coffee,Americano,3.25,1,3.25
2234,2024-04-30,11:26:00,Downtown,Coffee,Cappuccino,4.0,1,4.0
2235,2024-04-30,15:56:00,Riverside,Coffee,Mocha,4.75,1,4.75
2236,2024-04-30,10:19:00,Downtown,Coffee,Cappuccino,4.0,1,4.0
2237,2024-04-30,09:18:00,Downtown,Coffee,Espresso,2.75,1,2.75
2238,2024-04-30,07:46:00,Uptown Mall,Merchandise,Reusable Cup,9.0,1,9.0
2239,2024-04-30,10:33:00,Downtown,Coffee,Espresso,2.75,2,5.5
2240,2024-04-30,15:53:00,Downtown,Bakery,Blueberry Muffin,3.25,1,3.25
2241,2024-04-30,18:08:00,Riverside,Bakery,Croissant,3.5,1,3.5
2242,2024-04-30,06:43:00,Downtown,Merchandise,Gift Card,25.0,1,25.0
2243,2024-04-30,10:02:00,Downtown,Coffee,Cold Brew,4.5,2,9.0
2244,2024-05-01,07:47:00,Downtown,Coffee,Cappuccino,4.0,1,4.0
2245,2024-05-01,08:30:00,Downtown,Bakery,Croissant,3.5,1,3.5
2246,2024-05-01,17:54:00,Uptown Mall,Coffee,Americano,3.25,2,6.5
2247,2024-05-01,08:49:00,Downtown,Bakery,Croissant,3.5,1,3.5
2248,2024-05-01,16:41:00,Downtown,Coffee,Mocha,4.75,1,4.75
2249,2024-05-01,09:18:00,Uptown Mall,Bakery,Blueberry Muffin,3.25,1,3.25
2250,2024-05-01,11:02:00,Downtown,Coffee,Americano,3.25,1,3.25
2251,2024-05-01,10:06:00,Downtown,Tea,Herbal Blend,3.1,1,3.1
2252,2024-05-01,08:28:00,Downtown,Coffee,Mocha,4.75,1,4.75
2253,2024-05-01,07:03:00,Riverside,Merchandise,Ground Coffee Bag,14.5,1,14.5
2254,2024-05-01,09:25:00,Riverside,Tea,Herbal Blend,3.1,1,3.1
2255,2024-05-01,13:59:00,Downtown,Bakery,Croissant,3.5,1,3.5
2256,2024-05-01,12:25:00,Downtown,Coffee,Latte,4.25,1,4.25
2257,2024-05-01,15:31:00,Riverside,Tea,Green Tea,3.0,1,3.0
2258,2024-05-01,11:48:00,Riverside,Coffee,Espresso,2.75,1,2.75
2259,2024-05-01,15:50:00,Riverside,Tea,Herbal Blend,3.1,1,3.1
2260,2024-05-01,07:21:00,Riverside,Coffee,Cold Brew,4.5,1,4.5
2261,2024-05-02,18:46:00,Downtown,Coffee,Cold Brew,4.5,1,4.5
2262,2024-05-02,08:59:00,Downtown,Bakery,Croissant,3.5,1,3.5
2263,2024-05-02,16:20:00,Downtown,Coffee,Latte,4.25,1,4.25
2264,2024-05-02,06:37:00,Downtown,Bakery,Bagel,2.75,1,2.75
2265,2024-05-02,16:54:00,Downtown,Bakery,Bagel,2.75,3,8.25
2266,2024-05-02,10:27:00,Downtown,Tea,Green Tea,3.0,2,6.0
2267,2024-05-02,07:57:00,Downtown,Merchandise,Ground Coffee Bag,14.5,2,29.0
2268,2024-05-02,10:13:00,Riverside,Coffee,Mocha,4.75,1,4.75
2269,2024-05-02,16:41:00,Uptown Mall,Bakery,Blueberry Muffin,3.25,1,3.25
2270,2024-05-02,10:09:00,Downtown,Tea,Chai Latte,4.1,1,4.1
2271,2024-05-02,17:59:00,Riverside,Coffee,Cold Brew,4.5,1,4.5
2272,2024-05-02,12:19:00,Downtown,Bakery,Bagel,2.75,2,5.5
2273,2024-05-02,09:29:00,Downtown,Bakery,Croissant,3.5,2,7.0
2274,2024-05-02,16:49:00,Downtown,Coffee,Espresso,2.75,2,5.5
2275,2024-05-02,18:25:00,Riverside,Tea,Green Tea,3.0,1,3.0
2276,2024-05-02,09:55:00,Riverside,Merchandise,Gift Card,25.0,1,25.0
2277,2024-05-02,07:30:00,Downtown,Bakery,Chocolate Chip Cookie,2.5,1,2.5
2278,2024-05-02,07:37:00,Riverside,Bakery,Croissant,3.5,1,3.5
2279,2024-05-02,07:50:00,Downtown,Merchandise,Reusable Cup,9.0,1,9.0
2280,2024-05-02,19:45:00,Uptown Mall,Coffee,Cappuccino,4.0,1,4.0
2281,2024-05-02,10:13:00,Downtown,Coffee,Americano,3.25,1,3.25
2282,2024-05-02,08:45:00,Uptown Mall,Coffee,Cappuccino,4.0,1,4.0
2283,2024-05-03,13:39:00,Downtown,Bakery,Chocolate Chip Cookie,2.5,1,2.5
2284,2024-05-03,06:18:00,Riverside,Tea,Herbal Blend,3.1,2,6.2
2285,2024-05-03,19:02:00,Uptown Mall,Bakery,Blueberry Muffin,3.25,1,3.25
2286,2024-05-03,06:33:00,Downtown,Bakery,Blueberry Muffin,3.25,1,3.25
2287,2024-05-03,09:51:00,Riverside,Bakery,Blueberry Muffin,3.25,1,3.25
2288,2024-05-03,16:29:00,Riverside,Coffee,Cold Brew,4.5,1,4.5
2289,2024-05-03,15:51:00,Riverside,Tea,Herbal Blend,3.1,2,6.2
2290,2024-05-03,16:13:00,Uptown Mall,Tea,Green Tea,3.0,1,3.0
2291,2024-05-03,12:48:00,Downtown,Coffee,Espresso,2.75,3,8.25
2292,2024-05-03,10:43:00,Uptown Mall,Coffee,Espresso,2.75,1,2.75
2293,2024-05-03,09:27:00,Downtown,Tea,Chai Latte,4.1,1,4.1
2294,2024-05-03,18:49:00,Uptown Mall,Tea,Earl Grey,3.0,1,3.0
2295,2024-05-03,14:56:00,Downtown,Coffee,Espresso,2.75,1,2.75
2296,2024-05-03,14:34:00,Riverside,Tea,Green Tea,3.0,2,6.0
2297,2024-05-03,12:36:00,Downtown,Tea,Earl Grey,3.0,1,3.0
2298,2024-05-03,19:09:00,Riverside,Bakery,Bagel,2.75,2,5.5
2299,2024-05-04,07:46:00,Riverside,Coffee,Americano,3.25,1,3.25
2300,2024-05-04,09:09:00,Downtown,Tea,Chai Latte,4.1,1,4.1
2301,2024-05-04,14:57:00,Riverside,Coffee,Espresso,2.75,1,2.75
2302,2024-05-04,06:39:00,Downtown,Coffee,Mocha,4.75,1,4.75
2303,2024-05-04,19:36:00,Riverside,Coffee,Latte,4.25,1,4.25
2304,2024-05-04,16:17:00,Riverside,Coffee,Americano,3.25,1,3.25
2305,2024-05-04,08:29:00,Downtown,Tea,Green Tea,3.0,1,3.0
2306,2024-05-04,09:56:00,Uptown Mall,Merchandise,12oz Mug,12.0,2,24.0
2307,2024-05-04,06:59:00,Riverside,Coffee,Cappuccino,4.0,1,4.0
2308,2024-05-04,06:13:00,Downtown,Coffee,Cold Brew,4.5,2,9.0
2309,2024-05-04,15:53:00,Uptown Mall,Coffee,Espresso,2.75,1,2.75
2310,2024-05-04,11:24:00,Riverside,Coffee,Espresso,2.75,1,2.75
2311,2024-05-04,19:58:00,Riverside,Coffee,Latte,4.25,1,4.25
2312,2024-05-04,15:05:00,Uptown Mall,Coffee,Americano,3.25,1,3.25
2313,2024-05-04,15:15:00,Downtown,Coffee,Cappuccino,4.0,1,4.0
2314,2024-05-04,16:53:00,Downtown,Tea,Green Tea,3.0,2,6.0
2315,2024-05-04,16:11:00,Uptown Mall,Coffee,Espresso,2.75,1,2.75
2316,2024-05-04,06:48:00,Riverside,Merchandise,Ground Coffee Bag,14.5,1,14.5
2317,2024-05-04,09:04:00,Uptown Mall,Tea,Chai Latte,4.1,1,4.1
2318,2024-05-04,09:39:00,Uptown Mall,Tea,Herbal Blend,3.1,1,3.1
2319,2024-05-04,10:20:00,Riverside,Merchandise,Ground Coffee Bag,14.5,2,29.0
2320,2024-05-04,16:54:00,Downtown,Tea,Earl Grey,3.0,1,3.0
2321,2024-05-04,13:45:00,Riverside,Tea,Green Tea,3.0,1,3.0
2322,2024-05-04,06:24:00,Riverside,Coffee,Cappuccino,4.0,1,4.0
2323,2024-05-04,12:55:00,Downtown,Coffee,Cold Brew,4.5,1,4.5
2324,2024-05-04,15:17:00,Uptown Mall,Coffee,Cappuccino,4.0,1,4.0
2325,2024-05-04,16:28:00,Uptown Mall,Bakery,Bagel,2.75,1,2.75
2326,2024-05-04,19:41:00,Downtown,Coffee,Cold Brew,4.5,1,4.5
2327,2024-05-04,17:20:00,Riverside,Tea,Earl Grey,3.0,1,3.0
2328,2024-05-05,09:46:00,Riverside,Coffee,Espresso,2.75,1,2.75
2329,2024-05-05,18:55:00,Downtown,Merchandise,Reusable Cup,9.0,1,9.0
2330,2024-05-05,10:35:00,Downtown,Coffee,Cold Brew,4.5,2,9.0
2331,2024-05-05,13:12:00,Downtown,Tea,Earl Grey,3.0,2,6.0
2332,2024-05-05,14:55:00,Downtown,Coffee,Mocha,4.75,1,4.75
2333,2024-05-05,17:56:00,Downtown,Coffee,Mocha,4.75,2,9.5
2334,2024-05-05,15:37:00,Downtown,Bakery,Chocolate Chip Cookie,2.5,1,2.5
2335,2024-05-05,17:27:00,Uptown Mall,Coffee,Cold Brew,4.5,1,4.5
2336,2024-05-05,11:24:00,Uptown Mall,Coffee,Americano,3.25,1,3.25
2337,2024-05-05,16:44:00,Downtown,Tea,Chai Latte,4.1,1,4.1
2338,2024-05-05,11:30:00,Riverside,Bakery,Croissant,3.5,1,3.5
2339,2024-05-05,15:38:00,Uptown Mall,Coffee,Latte,4.25,1,4.25
2340,2024-05-05,08:48:00,Riverside,Tea,Green Tea,3.0,1,3.0
2341,2024-05-05,17:18:00,Downtown,Coffee,Cappuccino,4.0,1,4.0
2342,2024-05-05,09:43:00,Uptown Mall,Coffee,Cappuccino,4.0,2,8.0
2343,2024-05-05,17:29:00,Downtown,Bakery,Blueberry Muffin,3.25,1,3.25
2344,2024-05-05,19:46:00,Downtown,Merchandise,Ground Coffee Bag,14.5,2,29.0
2345,2024-05-05,18:02:00,Riverside,Coffee,Latte,4.25,1,4.25
2346,2024-05-06,15:54:00,Uptown Mall,Coffee,Latte,4.25,2,8.5
2347,2024-05-06,13:34:00,Riverside,Coffee,Cappuccino,4.0,2,8.0
2348,2024-05-06,09:37:00,Uptown Mall,Tea,Earl Grey,3.0,1,3.0
2349,2024-05-06,17:59:00,Riverside,Coffee,Americano,3.25,1,3.25
2350,2024-05-06,07:50:00,Uptown Mall,Tea,Chai Latte,4.1,2,8.2
2351,2024-05-06,14:50:00,Uptown Mall,Coffee,Americano,3.25,1,3.25
2352,2024-05-06,14:30:00,Riverside,Merchandise,Reusable Cup,9.0,1,9.0
2353,2024-05-06,13:43:00,Downtown,Coffee,Cold Brew,4.5,1,4.5
2354,2024-05-06,08:51:00,Downtown,Bakery,Chocolate Chip Cookie,2.5,1,2.5
2355,2024-05-06,08:28:00,Downtown,Bakery,Chocolate Chip Cookie,2.5,1,2.5
2356,2024-05-06,19:57:00,Downtown,Bakery,Chocolate Chip Cookie,2.5,1,2.5
2357,2024-05-06,07:10:00,Downtown,Coffee,Americano,3.25,1,3.25
2358,2024-05-06,17:26:00,Uptown Mall,Coffee,Cold Brew,4.5,1,4.5
2359,2024-05-06,06:45:00,Downtown,Tea,Herbal Blend,3.1,1,3.1
2360,2024-05-06,12:53:00,Uptown Mall,Coffee,Cold Brew,4.5,2,9.0
2361,2024-05-06,08:49:00,Uptown Mall,Tea,Herbal Blend,3.1,1,3.1
2362,2024-05-07,14:30:00,Downtown,Merchandise,Ground Coffee Bag,14.5,2,29.0
2363,2024-05-07,16:00:00,Riverside,Coffee,Espresso,2.75,1,2.75
2364,2024-05-07,06:45:00,Downtown,Bakery,Chocolate Chip Cookie,2.5,2,5.0
2365,2024-05-07,15:34:00,Riverside,Coffee,Cappuccino,4.0,1,4.0
2366,2024-05-07,12:40:00,Uptown Mall,Tea,Herbal Blend,3.1,1,3.1
2367,2024-05-07,12:41:00,Riverside,Coffee,Cappuccino,4.0,1,4.0
2368,2024-05-07,06:01:00,Riverside,Coffee,Latte,4.25,1,4.25
2369,2024-05-07,09:26:00,Downtown,Coffee,Cappuccino,4.0,1,4.0
2370,2024-05-07,07:36:00,Uptown Mall,Merchandise,Gift Card,25.0,1,25.0
2371,2024-05-07,13:57:00,Riverside,Bakery,Blueberry Muffin,3.25,1,3.25
2372,2024-05-07,11:21:00,Downtown,Coffee,Mocha,4.75,1,4.75
2373,2024-05-07,11:35:00,Uptown Mall,Bakery,Chocolate Chip Cookie,2.5,2,5.0
2374,2024-05-07,19:30:00,Riverside,Bakery,Croissant,3.5,1,3.5
2375,2024-05-07,11:14:00,Downtown,Bakery,Bagel,2.75,1,2.75
2376,2024-05-07,17:38:00,Riverside,Tea,Chai Latte,4.1,1,4.1
2377,2024-05-07,12:36:00,Uptown Mall,Bakery,Chocolate Chip Cookie,2.5,2,5.0
2378,2024-05-07,18:49:00,Riverside,Tea,Green Tea,3.0,1,3.0
2379,2024-05-07,09:09:00,Uptown Mall,Coffee,Americano,3.25,1,3.25
2380,2024-05-07,08:25:00,Riverside,Coffee,Cold Brew,4.5,1,4.5
2381,2024-05-07,10:23:00,Riverside,Coffee,Espresso,2.75,2,5.5
2382,2024-05-08,12:59:00,Downtown,Coffee,Mocha,4.75,1,4.75
2383,2024-05-08,16:44:00,Downtown,Merchandise,12oz Mug,12.0,2,24.0
2384,2024-05-08,08:57:00,Uptown Mall,Coffee,Mocha,4.75,2,9.5
2385,2024-05-08,11:33:00,Downtown,Merchandise,Reusable Cup,9.0,1,9.0
2386,2024-05-08,19:48:00,Downtown,Coffee,Latte,4.25,2,8.5
2387,2024-05-08,11:33:00,Riverside,Tea,Green Tea,3.0,1,3.0
2388,2024-05-08,10:39:00,Uptown Mall,Coffee,Cappuccino,4.0,1,4.0
2389,2024-05-08,06:42:00,Downtown,Tea,Chai Latte,4.1,1,4.1
2390,2024-05-08,16:42:00,Downtown,Coffee,Americano,3.25,1,3.25
2391,2024-05-08,08:10:00,Downtown,Merchandise,Ground Coffee Bag,14.5,1,14.5
2392,2024-05-08,15:55:00,Riverside,Coffee,Latte,4.25,1,4.25
2393,2024-05-08,12:02:00,Downtown,Coffee,Americano,3.25,1,3.25
2394,2024-05-08,10:06:00,Downtown,Tea,Earl Grey,3.0,1,3.0
2395,2024-05-08,09:46:00,Riverside,Coffee,Cold Brew,4.5,1,4.5
2396,2024-05-08,17:40:00,Uptown Mall,Coffee,Cold Brew,4.5,1,4.5
2397,2024-05-08,12:30:00,Riverside,Coffee,Cold Brew,4.5,1,4.5
2398,2024-05-08,14:13:00,Uptown Mall,Coffee,Espresso,2.75,1,2.75
2399,2024-05-08,17:40:00,Riverside,Tea,Chai Latte,4.1,1,4.1
2400,2024-05-08,16:24:00,Downtown,Coffee,Cappuccino,4.0,1,4.0
2401,2024-05-08,07:03:00,Riverside,Coffee,Americano,3.25,1,3.25
2402,2024-05-09,14:49:00,Downtown,Coffee,Mocha,4.75,1,4.75
2403,2024-05-09,13:11:00,Riverside,Merchandise,12oz Mug,12.0,1,12.0
2404,2024-05-09,09:51:00,Uptown Mall,Bakery,Blueberry Muffin,3.25,1,3.25
2405,2024-05-09,18:45:00,Riverside,Bakery,Blueberry Muffin,3.25,1,3.25
2406,2024-05-09,16:17:00,Downtown,Coffee,Mocha,4.75,1,4.75
2407,2024-05-09,12:21:00,Uptown Mall,Bakery,Croissant,3.5,1,3.5
2408,2024-05-09,19:06:00,Downtown,Bakery,Blueberry Muffin,3.25,1,3.25
2409,2024-05-09,11:13:00,Downtown,Coffee,Cold Brew,4.5,1,4.5
2410,2024-05-09,17:48:00,Uptown Mall,Tea,Green Tea,3.0,1,3.0
2411,2024-05-09,14:55:00,Riverside,Bakery,Blueberry Muffin,3.25,1,3.25
2412,2024-05-09,14:37:00,Uptown Mall,Merchandise,Gift Card,25.0,1,25.0
2413,2024-05-09,13:28:00,Riverside,Coffee,Latte,4.25,1,4.25
2414,2024-05-09,11:33:00,Uptown Mall,Coffee,Cappuccino,4.0,1,4.0
2415,2024-05-09,11:36:00,Uptown Mall,Bakery,Bagel,2.75,1,2.75
2416,2024-05-09,18:07:00,Uptown Mall,Coffee,Cold Brew,4.5,1,4.5
2417,2024-05-09,11:15:00,Riverside,Tea,Herbal Blend,3.1,2,6.2
2418,2024-05-09,11:56:00,Uptown Mall,Coffee,Mocha,4.75,1,4.75
2419,2024-05-09,17:02:00,Downtown,Merchandise,Reusable Cup,9.0,1,9.0
2420,2024-05-09,13:45:00,Uptown Mall,Merchandise,Ground Coffee Bag,14.5,1,14.5
2421,2024-05-09,19:21:00,Riverside,Merchandise,12oz Mug,12.0,1,12.0
2422,2024-05-09,18:57:00,Riverside,Coffee,Mocha,4.75,1,4.75
2423,2024-05-10,13:56:00,Riverside,Coffee,Americano,3.25,1,3.25
2424,2024-05-10,13:59:00,Uptown Mall,Coffee,Espresso,2.75,2,5.5
2425,2024-05-10,15:27:00,Downtown,Tea,Chai Latte,4.1,1,4.1
2426,2024-05-10,14:20:00,Downtown,Coffee,Mocha,4.75,1,4.75
2427,2024-05-10,18:13:00,Downtown,Coffee,Espresso,2.75,1,2.75
2428,2024-05-10,09:46:00,Riverside,Merchandise,Ground Coffee Bag,14.5,2,29.0
2429,2024-05-10,11:50:00,Uptown Mall,Tea,Earl Grey,3.0,1,3.0
2430,2024-05-10,16:10:00,Uptown Mall,Coffee,Espresso,2.75,1,2.75
2431,2024-05-10,09:58:00,Riverside,Coffee,Cold Brew,4.5,2,9.0
2432,2024-05-10,17:02:00,Downtown,Coffee,Cappuccino,4.0,1,4.0
2433,2024-05-10,16:40:00,Downtown,Tea,Herbal Blend,3.1,2,6.2
2434,2024-05-10,13:13:00,Downtown,Merchandise,12oz Mug,12.0,1,12.0
2435,2024-05-10,11:56:00,Uptown Mall,Tea,Green Tea,3.0,1,3.0
2436,2024-05-10,09:57:00,Downtown,Bakery,Chocolate Chip Cookie,2.5,1,2.5
2437,2024-05-10,09:22:00,Downtown,Coffee,Cold Brew,4.5,2,9.0
2438,2024-05-10,13:23:00,Uptown Mall,Merchandise,Gift Card,25.0,2,50.0
2439,2024-05-10,11:50:00,Uptown Mall,Coffee,Americano,3.25,1,3.25
2440,2024-05-10,16:33:00,Riverside,Coffee,Espresso,2.75,1,2.75
2441,2024-05-10,07:22:00,Downtown,Bakery,Bagel,2.75,1,2.75
2442,2024-05-10,11:24:00,Downtown,Coffee,Espresso,2.75,2,5.5
2443,2024-05-10,07:15:00,Uptown Mall,Bakery,Blueberry Muffin,3.25,1,3.25
2444,2024-05-11,07:13:00,Downtown,Coffee,Espresso,2.75,1,2.75
2445,2024-05-11,10:17:00,Downtown,Coffee,Espresso,2.75,2,5.5
2446,2024-05-11,11:07:00,Uptown Mall,Coffee,Cappuccino,4.0,2,8.0
2447,2024-05-11,19:50:00,Downtown,Coffee,Americano,3.25,1,3.25
2448,2024-05-11,08:39:00,Riverside,Coffee,Americano,3.25,1,3.25
2449,2024-05-11,15:10:00,Uptown Mall,Coffee,Americano,3.25,1,3.25
2450,2024-05-11,12:35:00,Riverside,Tea,Earl Grey,3.0,2,6.0
2451,2024-05-11,15:55:00,Downtown,Coffee,Mocha,4.75,1,4.75
2452,2024-05-11,13:09:00,Downtown,Coffee,Cold Brew,4.5,1,4.5
2453,2024-05-11,07:54:00,Riverside,Bakery,Chocolate Chip Cookie,2.5,1,2.5
2454,2024-05-11,09:27:00,Downtown,Coffee,Mocha,4.75,1,4.75
2455,2024-05-11,11:45:00,Downtown,Coffee,Espresso,2.75,1,2.75
2456,2024-05-11,11:09:00,Downtown,Tea,Chai Latte,4.1,1,4.1
2457,2024-05-11,15:19:00,Riverside,Coffee,Mocha,4.75,2,9.5
2458,2024-05-11,12:18:00,Downtown,Coffee,Cold Brew,4.5,2,9.0
2459,2024-05-11,07:17:00,Downtown,Coffee,Latte,4.25,1,4.25
2460,2024-05-11,10:46:00,Uptown Mall,Coffee,Latte,4.25,3,12.75
2461,2024-05-11,18:46:00,Downtown,Bakery,Chocolate Chip Cookie,2.5,1,2.5
2462,2024-05-11,07:01:00,Downtown,Coffee,Latte,4.25,1,4.25
2463,2024-05-11,07:30:00,Downtown,Tea,Earl Grey,3.0,1,3.0
2464,2024-05-11,10:13:00,Uptown Mall,Coffee,Cold Brew,4.5,1,4.5
2465,2024-05-11,06:31:00,Uptown Mall,Coffee,Espresso,2.75,2,5.5
2466,2024-05-12,08:48:00,Downtown,Coffee,Cold Brew,4.5,1,4.5
2467,2024-05-12,17:00:00,Uptown Mall,Bakery,Bagel,2.75,1,2.75
2468,2024-05-12,17:55:00,Riverside,Bakery,Blueberry Muffin,3.25,1,3.25
2469,2024-05-12,10:30:00,Downtown,Merchandise,Gift Card,25.0,1,25.0
2470,2024-05-12,18:50:00,Downtown,Bakery,Croissant,3.5,1,3.5
2471,2024-05-12,13:03:00,Downtown,Tea,Green Tea,3.0,2,6.0
2472,2024-05-12,13:00:00,Downtown,Merchandise,Ground Coffee Bag,14.5,1,14.5
2473,2024-05-12,10:35:00,Riverside,Coffee,Cappuccino,4.0,1,4.0
2474,2024-05-12,06:14:00,Downtown,Tea,Green Tea,3.0,1,3.0
2475,2024-05-12,17:40:00,Downtown,Bakery,Croissant,3.5,1,3.5
2476,2024-05-12,08:45:00,Riverside,Coffee,Cappuccino,4.0,1,4.0
2477,2024-05-12,17:46:00,Downtown,Coffee,Cold Brew,4.5,1,4.5
2478,2024-05-12,08:57:00,Uptown Mall,Coffee,Latte,4.25,1,4.25
2479,2024-05-12,13:22:00,Riverside,Coffee,Cappuccino,4.0,1,4.0
2480,2024-05-12,12:06:00,Downtown,Coffee,Cold Brew,4.5,1,4.5
2481,2024-05-12,12:44:00,Downtown,Bakery,Blueberry Muffin,3.25,1,3.25
2482,2024-05-12,06:11:00,Riverside,Merchandise,Reusable Cup,9.0,2,18.0
2483,2024-05-12,16:44:00,Downtown,Coffee,Americano,3.25,1,3.25
2484,2024-05-13,10:38:00,Uptown Mall,Coffee,Cold Brew,4.5,1,4.5
2485,2024-05-13,09:55:00,Downtown,Coffee,Mocha,4.75,1,4.75
2486,2024-05-13,10:14:00,Downtown,Coffee,Americano,3.25,1,3.25
2487,2024-05-13,06:00:00,Downtown,Coffee,Cold Brew,4.5,1,4.5
2488,2024-05-13,15:52:00,Riverside,Coffee,Cappuccino,4.0,1,4.0
2489,2024-05-13,06:38:00,Riverside,Coffee,Cold Brew,4.5,1,4.5
2490,2024-05-13,10:19:00,Downtown,Coffee,Cold Brew,4.5,1,4.5
2491,2024-05-13,08:46:00,Downtown,Merchandise,12oz Mug,12.0,1,12.0
2492,2024-05-13,18:18:00,Downtown,Coffee,Espresso,2.75,1,2.75
2493,2024-05-13,13:45:00,Uptown Mall,Tea,Chai Latte,4.1,1,4.1
2494,2024-05-13,18:26:00,Downtown,Merchandise,Ground Coffee Bag,14.5,2,29.0
2495,2024-05-13,11:59:00,Riverside,Bakery,Blueberry Muffin,3.25,1,3.25
2496,2024-05-13,15:52:00,Riverside,Bakery,Blueberry Muffin,3.25,1,3.25
2497,2024-05-14,13:57:00,Uptown Mall,Coffee,Americano,3.25,3,9.75
2498,2024-05-14,14:34:00,Uptown Mall,Bakery,Blueberry Muffin,3.25,1,3.25
2499,2024-05-14,06:35:00,Riverside,Coffee,Espresso,2.75,1,2.75
2500,2024-05-14,07:00:00,Downtown,Coffee,Mocha,4.75,1,4.75
2501,2024-05-14,15:21:00,Downtown,Tea,Green Tea,3.0,1,3.0
2502,2024-05-14,18:05:00,Downtown,Coffee,Americano,3.25,1,3.25
2503,2024-05-14,18:57:00,Riverside,Coffee,Cold Brew,4.5,2,9.0
2504,2024-05-14,11:34:00,Downtown,Merchandise,Reusable Cup,9.0,1,9.0
2505,2024-05-14,13:30:00,Downtown,Coffee,Espresso,2.75,1,2.75
2506,2024-05-14,08:16:00,Downtown,Tea,Chai Latte,4.1,1,4.1
2507,2024-05-14,08:03:00,Downtown,Coffee,Cold Brew,4.5,1,4.5
2508,2024-05-14,06:25:00,Downtown,Merchandise,12oz Mug,12.0,1,12.0
2509,2024-05-14,17:31:00,Uptown Mall,Coffee,Espresso,2.75,1,2.75
2510,2024-05-14,07:37:00,Riverside,Coffee,Cold Brew,4.5,2,9.0
2511,2024-05-14,15:55:00,Downtown,Coffee,Mocha,4.75,1,4.75
2512,2024-05-15,09:10:00,Downtown,Tea,Herbal Blend,3.1,2,6.2
2513,2024-05-15,19:07:00,Downtown,Coffee,Latte,4.25,1,4.25
2514,2024-05-15,06:17:00,Riverside,Coffee,Mocha,4.75,1,4.75
2515,2024-05-15,12:47:00,Downtown,Coffee,Cappuccino,4.0,1,4.0
2516,2024-05-15,15:10:00,Downtown,Coffee,Latte,4.25,1,4.25
2517,2024-05-15,12:49:00,Downtown,Coffee,Cappuccino,4.0,1,4.0
2518,2024-05-15,09:42:00,Downtown,Tea,Herbal Blend,3.1,2,6.2
2519,2024-05-15,17:17:00,Downtown,Merchandise,Gift Card,25.0,1,25.0
2520,2024-05-15,11:40:00,Downtown,Tea,Green Tea,3.0,1,3.0
2521,2024-05-15,08:03:00,Downtown,Coffee,Espresso,2.75,1,2.75
2522,2024-05-15,09:44:00,Uptown Mall,Tea,Herbal Blend,3.1,2,6.2
2523,2024-05-15,17:55:00,Riverside,Coffee,Cold Brew,4.5,2,9.0
2524,2024-05-15,17:04:00,Riverside,Tea,Green Tea,3.0,1,3.0
2525,2024-05-15,08:36:00,Uptown Mall,Bakery,Bagel,2.75,1,2.75
2526,2024-05-16,16:40:00,Riverside,Coffee,Cappuccino,4.0,2,8.0
2527,2024-05-16,10:45:00,Uptown Mall,Coffee,Americano,3.25,1,3.25
2528,2024-05-16,09:24:00,Downtown,Coffee,Espresso,2.75,1,2.75
2529,2024-05-16,17:15:00,Riverside,Coffee,Latte,4.25,1,4.25
2530,2024-05-16,17:19:00,Downtown,Coffee,Cappuccino,4.0,2,8.0
2531,2024-05-16,17:13:00,Downtown,Bakery,Croissant,3.5,1,3.5
2532,2024-05-16,06:52:00,Downtown,Bakery,Chocolate Chip Cookie,2.5,1,2.5
2533,2024-05-16,06:44:00,Downtown,Coffee,Americano,3.25,2,6.5
2534,2024-05-16,17:41:00,Downtown,Coffee,Latte,4.25,1,4.25
2535,2024-05-16,09:03:00,Downtown,Coffee,Cappuccino,4.0,1,4.0
2536,2024-05-16,17:33:00,Uptown Mall,Coffee,Mocha,4.75,1,4.75
2537,2024-05-16,19:41:00,Downtown,Tea,Earl Grey,3.0,1,3.0
2538,2024-05-16,19:00:00,Downtown,Coffee,Espresso,2.75,2,5.5
2539,2024-05-17,06:24:00,Downtown,Coffee,Cold Brew,4.5,1,4.5
2540,2024-05-17,12:59:00,Riverside,Coffee,Cold Brew,4.5,1,4.5
2541,2024-05-17,13:47:00,Riverside,Coffee,Cold Brew,4.5,1,4.5
2542,2024-05-17,10:29:00,Downtown,Bakery,Chocolate Chip Cookie,2.5,1,2.5
2543,2024-05-17,10:55:00,Uptown Mall,Bakery,Chocolate Chip Cookie,2.5,1,2.5
2544,2024-05-17,15:21:00,Uptown Mall,Coffee,Americano,3.25,1,3.25
2545,2024-05-17,09:38:00,Downtown,Coffee,Cappuccino,4.0,1,4.0
2546,2024-05-17,13:53:00,Uptown Mall,Bakery,Croissant,3.5,1,3.5
2547,2024-05-17,16:31:00,Riverside,Coffee,Latte,4.25,1,4.25
2548,2024-05-17,17:43:00,Downtown,Coffee,Americano,3.25,1,3.25
2549,2024-05-17,12:38:00,Uptown Mall,Coffee,Americano,3.25,1,3.25
2550,2024-05-17,10:25:00,Uptown Mall,Bakery,Bagel,2.75,1,2.75
2551,2024-05-17,15:23:00,Downtown,Coffee,Cold Brew,4.5,1,4.5
2552,2024-05-17,06:51:00,Riverside,Tea,Chai Latte,4.1,1,4.1
2553,2024-05-17,15:18:00,Downtown,Coffee,Mocha,4.75,1,4.75
2554,2024-05-17,10:50:00,Riverside,Bakery,Bagel,2.75,1,2.75
2555,2024-05-17,08:43:00,Downtown,Coffee,Cappuccino,4.0,1,4.0
2556,2024-05-17,16:35:00,Uptown Mall,Bakery,Blueberry Muffin,3.25,1,3.25
2557,2024-05-17,10:49:00,Uptown Mall,Merchandise,Reusable Cup,9.0,2,18.0
2558,2024-05-17,06:39:00,Riverside,Coffee,Espresso,2.75,1,2.75
2559,2024-05-18,18:22:00,Uptown Mall,Bakery,Blueberry Muffin,3.25,1,3.25
2560,2024-05-18,16:48:00,Downtown,Merchandise,Reusable Cup,9.0,1,9.0
2561,2024-05-18,10:54:00,Riverside,Coffee,Latte,4.25,1,4.25
2562,2024-05-18,09:44:00,Riverside,Coffee,Mocha,4.75,1,4.75
2563,2024-05-18,19:07:00,Downtown,Coffee,Cold Brew,4.5,2,9.0
2564,2024-05-18,08:04:00,Riverside,Merchandise,Reusable Cup,9.0,1,9.0
2565,2024-05-18,15:04:00,Riverside,Coffee,Cappuccino,4.0,1,4.0
2566,2024-05-18,16:54:00,Downtown,Coffee,Mocha,4.75,2,9.5
2567,2024-05-18,14:14:00,Uptown Mall,Coffee,Cappuccino,4.0,1,4.0
2568,2024-05-18,12:11:00,Uptown Mall,Coffee,Americano,3.25,1,3.25
2569,2024-05-18,08:19:00,Riverside,Coffee,Latte,4.25,3,12.75
2570,2024-05-18,13:01:00,Downtown,Tea,Green Tea,3.0,1,3.0
2571,2024-05-18,11:42:00,Uptown Mall,Coffee,Cappuccino,4.0,1,4.0
2572,2024-05-18,16:11:00,Downtown,Merchandise,Ground Coffee Bag,14.5,1,14.5
2573,2024-05-18,11:34:00,Downtown,Tea,Earl Grey,3.0,1,3.0
2574,2024-05-18,17:56:00,Riverside,Coffee,Cappuccino,4.0,1,4.0
2575,2024-05-18,08:35:00,Downtown,Tea,Earl Grey,3.0,1,3.0
2576,2024-05-18,08:01:00,Uptown Mall,Tea,Earl Grey,3.0,3,9.0
2577,2024-05-18,08:43:00,Riverside,Coffee,Cappuccino,4.0,1,4.0
2578,2024-05-19,13:40:00,Downtown,Bakery,Chocolate Chip Cookie,2.5,1,2.5
2579,2024-05-19,12:30:00,Downtown,Tea,Green Tea,3.0,1,3.0
2580,2024-05-19,09:30:00,Downtown,Coffee,Latte,4.25,2,8.5
2581,2024-05-19,12:07:00,Uptown Mall,Coffee,Mocha,4.75,2,9.5
2582,2024-05-19,11:16:00,Riverside,Bakery,Bagel,2.75,1,2.75
2583,2024-05-19,08:36:00,Downtown,Tea,Earl Grey,3.0,1,3.0
2584,2024-05-19,19:43:00,Riverside,Coffee,Latte,4.25,2,8.5
2585,2024-05-19,17:47:00,Uptown Mall,Bakery,Blueberry Muffin,3.25,1,3.25
2586,2024-05-19,16:25:00,Riverside,Coffee,Latte,4.25,1,4.25
2587,2024-05-19,12:54:00,Riverside,Coffee,Cappuccino,4.0,1,4.0
2588,2024-05-19,16:50:00,Uptown Mall,Coffee,Espresso,2.75,1,2.75
2589,2024-05-19,16:02:00,Uptown Mall,Coffee,Cappuccino,4.0,1,4.0
2590,2024-05-19,09:18:00,Downtown,Coffee,Espresso,2.75,1,2.75
2591,2024-05-19,12:07:00,Riverside,Coffee,Cold Brew,4.5,1,4.5
2592,2024-05-19,09:57:00,Downtown,Bakery,Croissant,3.5,1,3.5
2593,2024-05-19,18:52:00,Uptown Mall,Bakery,Bagel,2.75,2,5.5
2594,2024-05-19,10:25:00,Uptown Mall,Bakery,Blueberry Muffin,3.25,1,3.25
2595,2024-05-19,11:09:00,Downtown,Coffee,Mocha,4.75,2,9.5
2596,2024-05-19,06:51:00,Downtown,Coffee,Espresso,2.75,1,2.75
2597,2024-05-19,13:22:00,Riverside,Tea,Herbal Blend,3.1,1,3.1
2598,2024-05-19,08:34:00,Downtown,Coffee,Mocha,4.75,1,4.75
2599,2024-05-19,06:31:00,Uptown Mall,Coffee,Cappuccino,4.0,1,4.0
2600,2024-05-19,15:00:00,Downtown,Tea,Green Tea,3.0,1,3.0
2601,2024-05-19,13:29:00,Riverside,Coffee,Latte,4.25,1,4.25
2602,2024-05-19,15:20:00,Downtown,Coffee,Latte,4.25,1,4.25
2603,2024-05-19,06:00:00,Riverside,Merchandise,Gift Card,25.0,1,25.0
2604,2024-05-19,06:37:00,Downtown,Tea,Earl Grey,3.0,1,3.0
2605,2024-05-20,19:37:00,Riverside,Coffee,Cold Brew,4.5,1,4.5
2606,2024-05-20,15:06:00,Riverside,Coffee,Espresso,2.75,1,2.75
2607,2024-05-20,12:45:00,Downtown,Coffee,Cappuccino,4.0,1,4.0
2608,2024-05-20,16:42:00,Riverside,Bakery,Bagel,2.75,1,2.75
2609,2024-05-20,17:50:00,Uptown Mall,Coffee,Americano,3.25,1,3.25
2610,2024-05-20,19:56:00,Riverside,Coffee,Mocha,4.75,3,14.25
2611,2024-05-20,18:02:00,Riverside,Tea,Earl Grey,3.0,1,3.0
2612,2024-05-20,10:04:00,Riverside,Bakery,Croissant,3.5,1,3.5
2613,2024-05-20,15:10:00,Downtown,Coffee,Cold Brew,4.5,1,4.5
2614,2024-05-20,07:05:00,Riverside,Coffee,Espresso,2.75,1,2.75
2615,2024-05-20,18:31:00,Uptown Mall,Coffee,Cappuccino,4.0,2,8.0
2616,2024-05-20,06:56:00,Uptown Mall,Tea,Herbal Blend,3.1,2,6.2
2617,2024-05-21,12:20:00,Uptown Mall,Coffee,Cappuccino,4.0,1,4.0
2618,2024-05-21,17:07:00,Downtown,Coffee,Americano,3.25,1,3.25
2619,2024-05-21,18:47:00,Downtown,Coffee,Cold Brew,4.5,1,4.5
2620,2024-05-21,17:31:00,Uptown Mall,Coffee,Latte,4.25,1,4.25
2621,2024-05-21,17:43:00,Downtown,Merchandise,12oz Mug,12.0,2,24.0
2622,2024-05-21,17:10:00,Downtown,Coffee,Americano,3.25,1,3.25
2623,2024-05-21,14:37:00,Downtown,Coffee,Latte,4.25,1,4.25
2624,2024-05-21,08:02:00,Downtown,Coffee,Americano,3.25,1,3.25
2625,2024-05-21,14:34:00,Riverside,Tea,Chai Latte,4.1,2,8.2
2626,2024-05-21,16:58:00,Downtown,Coffee,Mocha,4.75,1,4.75
2627,2024-05-21,06:20:00,Downtown,Bakery,Croissant,3.5,1,3.5
2628,2024-05-21,15:09:00,Downtown,Bakery,Chocolate Chip Cookie,2.5,1,2.5
2629,2024-05-21,11:42:00,Downtown,Coffee,Mocha,4.75,2,9.5
2630,2024-05-21,19:16:00,Riverside,Coffee,Cappuccino,4.0,1,4.0
2631,2024-05-21,17:19:00,Riverside,Tea,Herbal Blend,3.1,1,3.1
2632,2024-05-21,08:16:00,Uptown Mall,Bakery,Bagel,2.75,2,5.5
2633,2024-05-21,17:34:00,Uptown Mall,Bakery,Chocolate Chip Cookie,2.5,1,2.5
2634,2024-05-21,19:43:00,Uptown Mall,Bakery,Blueberry Muffin,3.25,1,3.25
2635,2024-05-21,10:32:00,Riverside,Coffee,Mocha,4.75,1,4.75
2636,2024-05-22,17:28:00,Downtown,Bakery,Blueberry Muffin,3.25,1,3.25
2637,2024-05-22,08:53:00,Uptown Mall,Bakery,Chocolate Chip Cookie,2.5,1,2.5
2638,2024-05-22,16:22:00,Riverside,Coffee,Cold Brew,4.5,1,4.5
2639,2024-05-22,11:37:00,Downtown,Coffee,Latte,4.25,1,4.25
2640,2024-05-22,13:54:00,Uptown Mall,Coffee,Americano,3.25,1,3.25
2641,2024-05-22,09:50:00,Riverside,Coffee,Cappuccino,4.0,3,12.0
2642,2024-05-22,07:02:00,Downtown,Bakery,Croissant,3.5,1,3.5
2643,2024-05-22,16:14:00,Downtown,Coffee,Cappuccino,4.0,1,4.0
2644,2024-05-22,16:11:00,Riverside,Coffee,Mocha,4.75,1,4.75
2645,2024-05-22,15:56:00,Downtown,Bakery,Blueberry Muffin,3.25,1,3.25
2646,2024-05-22,09:47:00,Riverside,Coffee,Mocha,4.75,1,4.75
2647,2024-05-22,08:14:00,Riverside,Bakery,Blueberry Muffin,3.25,1,3.25
2648,2024-05-22,08:30:00,Downtown,Coffee,Cappuccino,4.0,1,4.0
2649,2024-05-22,17:55:00,Downtown,Merchandise,12oz Mug,12.0,1,12.0
2650,2024-05-22,11:33:00,Uptown Mall,Bakery,Chocolate Chip Cookie,2.5,1,2.5
2651,2024-05-22,11:37:00,Riverside,Coffee,Espresso,2.75,2,5.5
2652,2024-05-22,07:24:00,Downtown,Coffee,Mocha,4.75,3,14.25
2653,2024-05-22,07:45:00,Riverside,Coffee,Latte,4.25,2,8.5
2654,2024-05-22,06:30:00,Downtown,Merchandise,Ground Coffee Bag,14.5,2,29.0
2655,2024-05-22,06:54:00,Riverside,Coffee,Cappuccino,4.0,3,12.0
2656,2024-05-23,14:19:00,Downtown,Coffee,Latte,4.25,1,4.25
2657,2024-05-23,14:33:00,Riverside,Tea,Earl Grey,3.0,2,6.0
2658,2024-05-23,11:37:00,Uptown Mall,Coffee,Cappuccino,4.0,1,4.0
2659,2024-05-23,10:17:00,Riverside,Coffee,Cappuccino,4.0,2,8.0
2660,2024-05-23,10:04:00,Uptown Mall,Bakery,Chocolate Chip Cookie,2.5,1,2.5
2661,2024-05-23,06:26:00,Riverside,Merchandise,Ground Coffee Bag,14.5,1,14.5
2662,2024-05-23,14:42:00,Riverside,Coffee,Americano,3.25,1,3.25
2663,2024-05-23,07:45:00,Uptown Mall,Coffee,Latte,4.25,1,4.25
2664,2024-05-23,19:23:00,Riverside,Coffee,Americano,3.25,2,6.5
2665,2024-05-23,16:06:00,Uptown Mall,Coffee,Espresso,2.75,1,2.75
2666,2024-05-23,15:57:00,Downtown,Coffee,Latte,4.25,1,4.25
2667,2024-05-23,15:50:00,Downtown,Tea,Herbal Blend,3.1,1,3.1
2668,2024-05-23,14:25:00,Uptown Mall,Tea,Green Tea,3.0,3,9.0
2669,2024-05-23,11:12:00,Uptown Mall,Coffee,Americano,3.25,2,6.5
2670,2024-05-23,08:46:00,Riverside,Tea,Chai Latte,4.1,2,8.2
2671,2024-05-23,07:47:00,Riverside,Coffee,Espresso,2.75,1,2.75
2672,2024-05-23,10:29:00,Downtown,Coffee,Latte,4.25,1,4.25
2673,2024-05-23,07:44:00,Riverside,Coffee,Americano,3.25,2,6.5
2674,2024-05-23,11:36:00,Riverside,Coffee,Espresso,2.75,1,2.75
2675,2024-05-23,15:00:00,Downtown,Tea,Green Tea,3.0,1,3.0
2676,2024-05-23,15:44:00,Downtown,Coffee,Espresso,2.75,1,2.75
2677,2024-05-23,10:42:00,Riverside,Tea,Herbal Blend,3.1,1,3.1
2678,2024-05-23,13:42:00,Downtown,Coffee,Espresso,2.75,1,2.75
2679,2024-05-24,19:17:00,Riverside,Merchandise,Gift Card,25.0,2,50.0
2680,2024-05-24,18:29:00,Downtown,Coffee,Americano,3.25,1,3.25
2681,2024-05-24,08:31:00,Riverside,Bakery,Blueberry Muffin,3.25,2,6.5
2682,2024-05-24,17:34:00,Downtown,Bakery,Croissant,3.5,1,3.5
2683,2024-05-24,19:23:00,Downtown,Bakery,Chocolate Chip Cookie,2.5,1,2.5
2684,2024-05-24,16:32:00,Riverside,Coffee,Cold Brew,4.5,1,4.5
2685,2024-05-24,12:31:00,Riverside,Bakery,Croissant,3.5,2,7.0
2686,2024-05-24,17:07:00,Downtown,Coffee,Latte,4.25,1,4.25
2687,2024-05-24,18:10:00,Riverside,Coffee,Mocha,4.75,1,4.75
2688,2024-05-24,07:37:00,Uptown Mall,Coffee,Cappuccino,4.0,1,4.0
2689,2024-05-24,16:50:00,Downtown,Tea,Chai Latte,4.1,1,4.1
2690,2024-05-24,19:02:00,Downtown,Tea,Green Tea,3.0,1,3.0
2691,2024-05-24,09:18:00,Uptown Mall,Coffee,Mocha,4.75,1,4.75
2692,2024-05-24,14:08:00,Downtown,Merchandise,12oz Mug,12.0,1,12.0
2693,2024-05-24,09:06:00,Riverside,Coffee,Espresso,2.75,1,2.75
2694,2024-05-24,07:16:00,Downtown,Coffee,Americano,3.25,1,3.25
2695,2024-05-24,13:32:00,Uptown Mall,Coffee,Espresso,2.75,1,2.75
2696,2024-05-24,16:16:00,Uptown Mall,Bakery,Blueberry Muffin,3.25,1,3.25
2697,2024-05-24,06:19:00,Downtown,Tea,Earl Grey,3.0,1,3.0
2698,2024-05-24,17:55:00,Riverside,Coffee,Cold Brew,4.5,1,4.5
2699,2024-05-25,06:18:00,Downtown,Coffee,Espresso,2.75,1,2.75
2700,2024-05-25,10:30:00,Riverside,Tea,Herbal Blend,3.1,1,3.1
2701,2024-05-25,06:43:00,Downtown,Bakery,Chocolate Chip Cookie,2.5,1,2.5
2702,2024-05-25,08:30:00,Uptown Mall,Bakery,Chocolate Chip Cookie,2.5,1,2.5
2703,2024-05-25,07:21:00,Uptown Mall,Coffee,Cold Brew,4.5,2,9.0
2704,2024-05-25,07:45:00,Riverside,Coffee,Cold Brew,4.5,2,9.0
2705,2024-05-25,13:21:00,Uptown Mall,Coffee,Espresso,2.75,2,5.5
2706,2024-05-25,12:31:00,Downtown,Coffee,Americano,3.25,1,3.25
2707,2024-05-25,07:13:00,Downtown,Coffee,Mocha,4.75,1,4.75
2708,2024-05-25,17:00:00,Downtown,Merchandise,12oz Mug,12.0,1,12.0
2709,2024-05-25,11:23:00,Riverside,Bakery,Chocolate Chip Cookie,2.5,1,2.5
2710,2024-05-25,08:30:00,Downtown,Bakery,Croissant,3.5,1,3.5
2711,2024-05-25,08:55:00,Downtown,Coffee,Espresso,2.75,2,5.5
2712,2024-05-25,11:26:00,Uptown Mall,Coffee,Latte,4.25,1,4.25
2713,2024-05-25,13:51:00,Downtown,Tea,Chai Latte,4.1,1,4.1
2714,2024-05-25,14:37:00,Downtown,Merchandise,Gift Card,25.0,1,25.0
2715,2024-05-25,16:22:00,Downtown,Coffee,Espresso,2.75,2,5.5
2716,2024-05-25,18:37:00,Riverside,Bakery,Chocolate Chip Cookie,2.5,1,2.5
2717,2024-05-25,19:27:00,Downtown,Bakery,Blueberry Muffin,3.25,1,3.25
2718,2024-05-25,19:52:00,Downtown,Coffee,Espresso,2.75,1,2.75
2719,2024-05-25,11:55:00,Uptown Mall,Tea,Green Tea,3.0,1,3.0
2720,2024-05-25,18:29:00,Downtown,Coffee,Americano,3.25,2,6.5
2721,2024-05-25,15:45:00,Uptown Mall,Coffee,Americano,3.25,1,3.25
2722,2024-05-25,13:27:00,Downtown,Coffee,Americano,3.25,2,6.5
2723,2024-05-25,11:11:00,Downtown,Coffee,Cold Brew,4.5,1,4.5
2724,2024-05-25,16:33:00,Downtown,Coffee,Americano,3.25,1,3.25
2725,2024-05-25,15:15:00,Downtown,Tea,Chai Latte,4.1,1,4.1
2726,2024-05-25,16:43:00,Riverside,Coffee,Cappuccino,4.0,1,4.0
2727,2024-05-26,14:52:00,Uptown Mall,Merchandise,Ground Coffee Bag,14.5,1,14.5
2728,2024-05-26,08:59:00,Uptown Mall,Coffee,Mocha,4.75,1,4.75
2729,2024-05-26,08:27:00,Riverside,Bakery,Croissant,3.5,1,3.5
2730,2024-05-26,11:55:00,Downtown,Coffee,Americano,3.25,2,6.5
2731,2024-05-26,10:31:00,Downtown,Merchandise,Gift Card,25.0,1,25.0
2732,2024-05-26,19:46:00,Uptown Mall,Tea,Earl Grey,3.0,2,6.0
2733,2024-05-26,09:53:00,Downtown,Coffee,Latte,4.25,1,4.25
2734,2024-05-26,06:11:00,Downtown,Coffee,Cappuccino,4.0,1,4.0
2735,2024-05-26,13:15:00,Uptown Mall,Bakery,Croissant,3.5,1,3.5
2736,2024-05-26,16:30:00,Riverside,Coffee,Espresso,2.75,1,2.75
2737,2024-05-26,16:45:00,Uptown Mall,Coffee,Cappuccino,4.0,1,4.0
2738,2024-05-26,13:29:00,Downtown,Coffee,Cappuccino,4.0,1,4.0
2739,2024-05-26,13:22:00,Downtown,Coffee,Espresso,2.75,1,2.75
2740,2024-05-26,15:17:00,Riverside,Tea,Earl Grey,3.0,1,3.0
2741,2024-05-26,13:31:00,Downtown,Merchandise,Ground Coffee Bag,14.5,1,14.5
2742,2024-05-26,14:43:00,Uptown Mall,Tea,Earl Grey,3.0,1,3.0
2743,2024-05-26,19:57:00,Uptown Mall,Merchandise,Gift Card,25.0,1,25.0
2744,2024-05-26,14:25:00,Downtown,Coffee,Mocha,4.75,1,4.75
2745,2024-05-26,19:14:00,Downtown,Coffee,Latte,4.25,1,4.25
2746,2024-05-26,18:03:00,Downtown,Tea,Green Tea,3.0,3,9.0
2747,2024-05-26,07:58:00,Riverside,Bakery,Blueberry Muffin,3.25,1,3.25
2748,2024-05-26,07:53:00,Riverside,Coffee,Mocha,4.75,1,4.75
2749,2024-05-26,12:25:00,Downtown,Bakery,Blueberry Muffin,3.25,1,3.25
2750,2024-05-26,08:31:00,Riverside,Coffee,Cold Brew,4.5,1,4.5
2751,2024-05-26,12:50:00,Riverside,Coffee,Cold Brew,4.5,1,4.5
2752,2024-05-26,13:57:00,Downtown,Bakery,Chocolate Chip Cookie,2.5,2,5.0
2753,2024-05-26,07:48:00,Downtown,Bakery,Blueberry Muffin,3.25,1,3.25
2754,2024-05-26,07:20:00,Uptown Mall,Coffee,Mocha,4.75,2,9.5
2755,2024-05-27,09:32:00,Riverside,Coffee,Latte,4.25,1,4.25
2756,2024-05-27,14:35:00,Riverside,Coffee,Latte,4.25,1,4.25
2757,2024-05-27,13:28:00,Riverside,Tea,Green Tea,3.0,2,6.0
2758,2024-05-27,16:48:00,Riverside,Tea,Herbal Blend,3.1,1,3.1
2759,2024-05-27,08:50:00,Uptown Mall,Tea,Herbal Blend,3.1,1,3.1
2760,2024-05-27,14:29:00,Uptown Mall,Coffee,Latte,4.25,1,4.25
2761,2024-05-27,18:58:00,Downtown,Tea,Green Tea,3.0,1,3.0
2762,2024-05-27,11:04:00,Downtown,Coffee,Latte,4.25,1,4.25
2763,2024-05-27,14:57:00,Riverside,Bakery,Croissant,3.5,1,3.5
2764,2024-05-27,19:00:00,Downtown,Bakery,Chocolate Chip Cookie,2.5,1,2.5
2765,2024-05-27,15:57:00,Riverside,Coffee,Espresso,2.75,1,2.75
2766,2024-05-27,09:12:00,Downtown,Coffee,Americano,3.25,1,3.25
2767,2024-05-27,19:00:00,Riverside,Tea,Earl Grey,3.0,1,3.0
2768,2024-05-27,16:39:00,Downtown,Bakery,Croissant,3.5,1,3.5
2769,2024-05-27,13:40:00,Riverside,Coffee,Americano,3.25,1,3.25
2770,2024-05-28,10:17:00,Uptown Mall,Merchandise,12oz Mug,12.0,1,12.0
2771,2024-05-28,06:04:00,Riverside,Coffee,Americano,3.25,1,3.25
2772,2024-05-28,16:24:00,Downtown,Coffee,Cappuccino,4.0,2,8.0
2773,2024-05-28,07:22:00,Riverside,Coffee,Espresso,2.75,1,2.75
2774,2024-05-28,19:19:00,Downtown,Coffee,Cappuccino,4.0,1,4.0
2775,2024-05-28,13:16:00,Downtown,Tea,Chai Latte,4.1,1,4.1
2776,2024-05-28,19:02:00,Downtown,Bakery,Croissant,3.5,1,3.5
2777,2024-05-28,19:27:00,Riverside,Coffee,Cappuccino,4.0,3,12.0
2778,2024-05-28,14:26:00,Riverside,Merchandise,Gift Card,25.0,1,25.0
2779,2024-05-28,10:16:00,Riverside,Coffee,Cappuccino,4.0,3,12.0
2780,2024-05-28,08:24:00,Uptown Mall,Coffee,Latte,4.25,1,4.25
2781,2024-05-28,11:28:00,Riverside,Coffee,Americano,3.25,1,3.25
2782,2024-05-28,14:48:00,Uptown Mall,Bakery,Croissant,3.5,2,7.0
2783,2024-05-28,16:57:00,Downtown,Tea,Chai Latte,4.1,1,4.1
2784,2024-05-28,11:08:00,Uptown Mall,Tea,Herbal Blend,3.1,1,3.1
2785,2024-05-29,08:24:00,Riverside,Coffee,Espresso,2.75,1,2.75
2786,2024-05-29,13:41:00,Downtown,Coffee,Mocha,4.75,2,9.5
2787,2024-05-29,15:06:00,Uptown Mall,Coffee,Cold Brew,4.5,1,4.5
2788,2024-05-29,13:59:00,Riverside,Coffee,Americano,3.25,1,3.25
2789,2024-05-29,16:43:00,Uptown Mall,Bakery,Blueberry Muffin,3.25,1,3.25
2790,2024-05-29,17:16:00,Riverside,Coffee,Americano,3.25,1,3.25
2791,2024-05-29,16:13:00,Downtown,Coffee,Americano,3.25,2,6.5
2792,2024-05-29,15:47:00,Riverside,Tea,Green Tea,3.0,1,3.0
2793,2024-05-29,13:36:00,Downtown,Coffee,Americano,3.25,1,3.25
2794,2024-05-29,14:08:00,Downtown,Coffee,Latte,4.25,2,8.5
2795,2024-05-29,11:21:00,Uptown Mall,Coffee,Mocha,4.75,1,4.75
2796,2024-05-29,06:28:00,Downtown,Tea,Green Tea,3.0,1,3.0
2797,2024-05-29,19:35:00,Uptown Mall,Bakery,Blueberry Muffin,3.25,1,3.25
2798,2024-05-29,07:11:00,Downtown,Tea,Chai Latte,4.1,1,4.1
2799,2024-05-29,15:47:00,Uptown Mall,Coffee,Americano,3.25,1,3.25
2800,2024-05-29,10:36:00,Downtown,Merchandise,Ground Coffee Bag,14.5,1,14.5
2801,2024-05-29,07:31:00,Downtown,Coffee,Cappuccino,4.0,1,4.0
2802,2024-05-29,19:02:00,Downtown,Merchandise,Reusable Cup,9.0,1,9.0
2803,2024-05-29,12:07:00,Downtown,Coffee,Espresso,2.75,1,2.75
2804,2024-05-29,18:34:00,Uptown Mall,Tea,Green Tea,3.0,1,3.0
2805,2024-05-29,13:20:00,Riverside,Coffee,Cold Brew,4.5,2,9.0
2806,2024-05-29,06:32:00,Riverside,Bakery,Bagel,2.75,1,2.75
2807,2024-05-29,15:04:00,Uptown Mall,Tea,Chai Latte,4.1,1,4.1
2808,2024-05-30,10:28:00,Riverside,Coffee,Mocha,4.75,1,4.75
2809,2024-05-30,15:09:00,Downtown,Tea,Green Tea,3.0,1,3.0
2810,2024-05-30,16:49:00,Downtown,Coffee,Mocha,4.75,1,4.75
2811,2024-05-30,17:58:00,Downtown,Coffee,Latte,4.25,1,4.25
2812,2024-05-30,18:55:00,Downtown,Coffee,Cappuccino,4.0,1,4.0
2813,2024-05-30,11:14:00,Uptown Mall,Merchandise,Reusable Cup,9.0,1,9.0
2814,2024-05-30,19:24:00,Uptown Mall,Bakery,Bagel,2.75,1,2.75
2815,2024-05-30,18:10:00,Downtown,Bakery,Blueberry Muffin,3.25,2,6.5
2816,2024-05-30,17:58:00,Uptown Mall,Tea,Herbal Blend,3.1,1,3.1
2817,2024-05-30,09:54:00,Downtown,Coffee,Cappuccino,4.0,1,4.0
2818,2024-05-30,08:07:00,Uptown Mall,Tea,Earl Grey,3.0,2,6.0
2819,2024-05-30,14:24:00,Uptown Mall,Coffee,Latte,4.25,1,4.25
2820,2024-05-30,11:33:00,Riverside,Tea,Herbal Blend,3.1,1,3.1
2821,2024-05-30,10:36:00,Downtown,Coffee,Espresso,2.75,1,2.75
2822,2024-05-31,09:01:00,Riverside,Coffee,Americano,3.25,1,3.25
2823,2024-05-31,10:37:00,Riverside,Coffee,Mocha,4.75,1,4.75
2824,2024-05-31,14:35:00,Riverside,Coffee,Cold Brew,4.5,1,4.5
2825,2024-05-31,10:39:00,Uptown Mall,Tea,Earl Grey,3.0,1,3.0
2826,2024-05-31,16:08:00,Riverside,Coffee,Cold Brew,4.5,1,4.5
2827,2024-05-31,08:00:00,Uptown Mall,Coffee,Mocha,4.75,1,4.75
2828,2024-05-31,09:55:00,Riverside,Tea,Green Tea,3.0,1,3.0
2829,2024-05-31,08:17:00,Downtown,Coffee,Americano,3.25,1,3.25
2830,2024-05-31,17:17:00,Riverside,Merchandise,Gift Card,25.0,2,50.0
2831,2024-05-31,06:32:00,Downtown,Tea,Chai Latte,4.1,1,4.1
2832,2024-05-31,16:17:00,Riverside,Merchandise,Ground Coffee Bag,14.5,2,29.0
2833,2024-05-31,09:31:00,Riverside,Coffee,Cold Brew,4.5,1,4.5
2834,2024-05-31,19:09:00,Riverside,Bakery,Chocolate Chip Cookie,2.5,2,5.0
2835,2024-05-31,11:17:00,Downtown,Coffee,Cappuccino,4.0,1,4.0
2836,2024-05-31,12:56:00,Downtown,Coffee,Espresso,2.75,1,2.75
2837,2024-05-31,19:30:00,Downtown,Coffee,Latte,4.25,1,4.25
2838,2024-05-31,12:32:00,Downtown,Coffee,Mocha,4.75,1,4.75
2839,2024-05-31,06:10:00,Riverside,Bakery,Chocolate Chip Cookie,2.5,1,2.5
2840,2024-06-01,09:14:00,Riverside,Coffee,Latte,4.25,2,8.5
2841,2024-06-01,08:34:00,Riverside,Coffee,Espresso,2.75,1,2.75
2842,2024-06-01,09:39:00,Riverside,Bakery,Bagel,2.75,1,2.75
2843,2024-06-01,11:09:00,Downtown,Coffee,Mocha,4.75,1,4.75
2844,2024-06-01,07:24:00,Uptown Mall,Merchandise,12oz Mug,12.0,1,12.0
2845,2024-06-01,08:10:00,Riverside,Coffee,Cappuccino,4.0,1,4.0
2846,2024-06-01,07:27:00,Downtown,Coffee,Cappuccino,4.0,1,4.0
2847,2024-06-01,06:19:00,Downtown,Merchandise,Gift Card,25.0,2,50.0
2848,2024-06-01,12:11:00,Uptown Mall,Bakery,Chocolate Chip Cookie,2.5,1,2.5
2849,2024-06-01,17:35:00,Downtown,Coffee,Latte,4.25,1,4.25
2850,2024-06-01,17:00:00,Downtown,Tea,Green Tea,3.0,1,3.0
2851,2024-06-01,16:08:00,Uptown Mall,Bakery,Chocolate Chip Cookie,2.5,2,5.0
2852,2024-06-01,15:18:00,Downtown,Bakery,Chocolate Chip Cookie,2.5,1,2.5
2853,2024-06-01,18:55:00,Downtown,Coffee,Americano,3.25,1,3.25
2854,2024-06-01,13:30:00,Downtown,Merchandise,12oz Mug,12.0,2,24.0
2855,2024-06-01,13:10:00,Downtown,Tea,Earl Grey,3.0,2,6.0
2856,2024-06-01,07:58:00,Downtown,Merchandise,Ground Coffee Bag,14.5,1,14.5
2857,2024-06-01,11:34:00,Riverside,Tea,Green Tea,3.0,1,3.0
2858,2024-06-01,19:21:00,Downtown,Bakery,Croissant,3.5,1,3.5
2859,2024-06-01,09:40:00,Downtown,Bakery,Blueberry Muffin,3.25,1,3.25
2860,2024-06-01,17:26:00,Riverside,Tea,Green Tea,3.0,1,3.0
2861,2024-06-01,12:50:00,Downtown,Coffee,Latte,4.25,1,4.25
2862,2024-06-01,09:48:00,Uptown Mall,Coffee,Americano,3.25,1,3.25
2863,2024-06-01,17:58:00,Uptown Mall,Coffee,Latte,4.25,1,4.25
2864,2024-06-01,14:52:00,Uptown Mall,Coffee,Mocha,4.75,1,4.75
2865,2024-06-01,10:12:00,Downtown,Bakery,Blueberry Muffin,3.25,1,3.25
2866,2024-06-01,06:35:00,Uptown Mall,Coffee,Cold Brew,4.5,1,4.5
2867,2024-06-01,18:40:00,Riverside,Coffee,Mocha,4.75,1,4.75
2868,2024-06-01,17:15:00,Downtown,Coffee,Espresso,2.75,1,2.75
2869,2024-06-02,11:46:00,Uptown Mall,Tea,Herbal Blend,3.1,1,3.1
2870,2024-06-02,16:28:00,Downtown,Tea,Green Tea,3.0,1,3.0
2871,2024-06-02,08:51:00,Downtown,Coffee,Espresso,2.75,2,5.5
2872,2024-06-02,15:32:00,Downtown,Coffee,Mocha,4.75,2,9.5
2873,2024-06-02,17:50:00,Downtown,Bakery,Bagel,2.75,1,2.75
2874,2024-06-02,10:45:00,Downtown,Tea,Earl Grey,3.0,1,3.0
2875,2024-06-02,14:50:00,Downtown,Coffee,Mocha,4.75,3,14.25
2876,2024-06-02,13:26:00,Downtown,Coffee,Latte,4.25,1,4.25
2877,2024-06-02,18:35:00,Riverside,Coffee,Espresso,2.75,1,2.75
2878,2024-06-02,13:22:00,Riverside,Coffee,Espresso,2.75,1,2.75
2879,2024-06-02,10:43:00,Downtown,Coffee,Mocha,4.75,1,4.75
2880,2024-06-02,17:41:00,Uptown Mall,Coffee,Espresso,2.75,1,2.75
2881,2024-06-02,07:30:00,Uptown Mall,Tea,Herbal Blend,3.1,3,9.3
2882,2024-06-02,11:57:00,Uptown Mall,Coffee,Cappuccino,4.0,1,4.0
2883,2024-06-02,14:03:00,Downtown,Tea,Green Tea,3.0,3,9.0
2884,2024-06-02,06:22:00,Downtown,Bakery,Croissant,3.5,1,3.5
2885,2024-06-02,06:04:00,Downtown,Coffee,Cold Brew,4.5,1,4.5
2886,2024-06-02,09:35:00,Uptown Mall,Coffee,Americano,3.25,2,6.5
2887,2024-06-02,06:08:00,Uptown Mall,Coffee,Espresso,2.75,1,2.75
2888,2024-06-02,18:08:00,Riverside,Tea,Green Tea,3.0,1,3.0
2889,2024-06-02,06:43:00,Riverside,Coffee,Latte,4.25,2,8.5
2890,2024-06-02,18:26:00,Downtown,Bakery,Bagel,2.75,3,8.25
2891,2024-06-02,14:26:00,Riverside,Coffee,Cold Brew,4.5,1,4.5
2892,2024-06-02,10:49:00,Downtown,Coffee,Cappuccino,4.0,2,8.0
2893,2024-06-02,12:27:00,Downtown,Tea,Herbal Blend,3.1,1,3.1
2894,2024-06-02,13:46:00,Downtown,Coffee,Americano,3.25,1,3.25
2895,2024-06-03,06:43:00,Downtown,Coffee,Espresso,2.75,1,2.75
2896,2024-06-03,18:39:00,Uptown Mall,Bakery,Blueberry Muffin,3.25,1,3.25
2897,2024-06-03,19:03:00,Downtown,Coffee,Espresso,2.75,1,2.75
2898,2024-06-03,17:22:00,Uptown Mall,Coffee,Cappuccino,4.0,1,4.0
2899,2024-06-03,12:32:00,Downtown,Tea,Earl Grey,3.0,1,3.0
2900,2024-06-03,19:51:00,Riverside,Merchandise,Gift Card,25.0,1,25.0
2901,2024-06-03,13:39:00,Uptown Mall,Tea,Earl Grey,3.0,1,3.0
2902,2024-06-03,13:02:00,Uptown Mall,Coffee,Mocha,4.75,1,4.75
2903,2024-06-03,14:49:00,Riverside,Coffee,Espresso,2.75,1,2.75
2904,2024-06-03,08:39:00,Downtown,Coffee,Mocha,4.75,1,4.75
2905,2024-06-03,15:30:00,Downtown,Merchandise,12oz Mug,12.0,1,12.0
2906,2024-06-03,16:17:00,Riverside,Bakery,Blueberry Muffin,3.25,1,3.25
2907,2024-06-03,12:26:00,Uptown Mall,Bakery,Bagel,2.75,1,2.75
2908,2024-06-03,06:07:00,Uptown Mall,Coffee,Espresso,2.75,1,2.75
2909,2024-06-03,16:11:00,Downtown,Coffee,Espresso,2.75,1,2.75
2910,2024-06-03,09:17:00,Downtown,Coffee,Cold Brew,4.5,3,13.5
2911,2024-06-03,06:07:00,Riverside,Coffee,Mocha,4.75,1,4.75
2912,2024-06-03,09:09:00,Riverside,Coffee,Latte,4.25,2,8.5
2913,2024-06-03,07:35:00,Downtown,Coffee,Mocha,4.75,1,4.75
2914,2024-06-03,07:47:00,Uptown Mall,Coffee,Cold Brew,4.5,1,4.5
2915,2024-06-03,06:21:00,Downtown,Merchandise,Ground Coffee Bag,14.5,1,14.5
2916,2024-06-03,18:18:00,Downtown,Coffee,Mocha,4.75,2,9.5
2917,2024-06-03,13:32:00,Downtown,Bakery,Blueberry Muffin,3.25,1,3.25
2918,2024-06-04,13:53:00,Riverside,Coffee,Cappuccino,4.0,1,4.0
2919,2024-06-04,16:39:00,Riverside,Merchandise,12oz Mug,12.0,1,12.0
2920,2024-06-04,18:56:00,Riverside,Bakery,Blueberry Muffin,3.25,1,3.25
2921,2024-06-04,13:23:00,Riverside,Tea,Earl Grey,3.0,1,3.0
2922,2024-06-04,06:21:00,Riverside,Coffee,Americano,3.25,1,3.25
2923,2024-06-04,08:43:00,Riverside,Coffee,Espresso,2.75,1,2.75
2924,2024-06-04,10:44:00,Downtown,Tea,Earl Grey,3.0,1,3.0
2925,2024-06-04,15:37:00,Downtown,Coffee,Cappuccino,4.0,1,4.0
2926,2024-06-04,07:09:00,Downtown,Coffee,Espresso,2.75,3,8.25
2927,2024-06-04,19:33:00,Uptown Mall,Merchandise,12oz Mug,12.0,1,12.0
2928,2024-06-04,13:24:00,Downtown,Bakery,Croissant,3.5,1,3.5
2929,2024-06-04,06:10:00,Riverside,Bakery,Croissant,3.5,1,3.5
2930,2024-06-04,14:09:00,Downtown,Bakery,Croissant,3.5,1,3.5
2931,2024-06-04,08:45:00,Riverside,Coffee,Cold Brew,4.5,1,4.5
2932,2024-06-04,15:18:00,Riverside,Coffee,Cappuccino,4.0,1,4.0
2933,2024-06-04,09:36:00,Uptown Mall,Bakery,Chocolate Chip Cookie,2.5,1,2.5
2934,2024-06-04,10:33:00,Downtown,Merchandise,Reusable Cup,9.0,1,9.0
2935,2024-06-04,19:39:00,Uptown Mall,Coffee,Cappuccino,4.0,1,4.0
2936,2024-06-04,19:34:00,Uptown Mall,Merchandise,Reusable Cup,9.0,2,18.0
2937,2024-06-04,13:16:00,Downtown,Bakery,Chocolate Chip Cookie,2.5,1,2.5
2938,2024-06-04,10:13:00,Riverside,Coffee,Espresso,2.75,1,2.75
2939,2024-06-05,18:57:00,Uptown Mall,Tea,Earl Grey,3.0,2,6.0
2940,2024-06-05,08:36:00,Downtown,Tea,Earl Grey,3.0,2,6.0
2941,2024-06-05,12:40:00,Downtown,Coffee,Espresso,2.75,1,2.75
2942,2024-06-05,08:57:00,Downtown,Bakery,Blueberry Muffin,3.25,1,3.25
2943,2024-06-05,07:11:00,Downtown,Bakery,Blueberry Muffin,3.25,1,3.25
2944,2024-06-05,19:06:00,Riverside,Bakery,Chocolate Chip Cookie,2.5,1,2.5
2945,2024-06-05,17:30:00,Downtown,Coffee,Mocha,4.75,1,4.75
2946,2024-06-05,12:28:00,Riverside,Coffee,Cappuccino,4.0,1,4.0
2947,2024-06-05,06:42:00,Downtown,Coffee,Cappuccino,4.0,2,8.0
2948,2024-06-05,07:45:00,Downtown,Coffee,Latte,4.25,1,4.25
2949,2024-06-05,10:46:00,Riverside,Bakery,Croissant,3.5,2,7.0
2950,2024-06-05,16:47:00,Riverside,Bakery,Blueberry Muffin,3.25,2,6.5
2951,2024-06-05,10:12:00,Downtown,Bakery,Chocolate Chip Cookie,2.5,1,2.5
2952,2024-06-05,07:03:00,Downtown,Coffee,Cappuccino,4.0,1,4.0
2953,2024-06-05,17:14:00,Downtown,Merchandise,Ground Coffee Bag,14.5,1,14.5
2954,2024-06-05,15:52:00,Downtown,Coffee,Espresso,2.75,1,2.75
2955,2024-06-05,11:56:00,Uptown Mall,Coffee,Americano,3.25,1,3.25
2956,2024-06-06,12:51:00,Downtown,Bakery,Croissant,3.5,1,3.5
2957,2024-06-06,09:15:00,Riverside,Coffee,Americano,3.25,1,3.25
2958,2024-06-06,19:29:00,Uptown Mall,Coffee,Cappuccino,4.0,2,8.0
2959,2024-06-06,18:05:00,Downtown,Bakery,Croissant,3.5,1,3.5
2960,2024-06-06,12:23:00,Riverside,Merchandise,12oz Mug,12.0,1,12.0
2961,2024-06-06,09:07:00,Downtown,Coffee,Espresso,2.75,1,2.75
2962,2024-06-06,14:10:00,Riverside,Coffee,Cold Brew,4.5,1,4.5
2963,2024-06-06,08:08:00,Downtown,Coffee,Cappuccino,4.0,2,8.0
2964,2024-06-06,18:17:00,Uptown Mall,Coffee,Cold Brew,4.5,1,4.5
2965,2024-06-06,09:47:00,Downtown,Coffee,Mocha,4.75,1,4.75
2966,2024-06-06,11:27:00,Downtown,Merchandise,Gift Card,25.0,1,25.0
2967,2024-06-06,12:28:00,Uptown Mall,Merchandise,12oz Mug,12.0,1,12.0
2968,2024-06-06,13:40:00,Uptown Mall,Coffee,Mocha,4.75,1,4.75
2969,2024-06-06,10:40:00,Downtown,Coffee,Americano,3.25,1,3.25
2970,2024-06-06,09:23:00,Uptown Mall,Bakery,Croissant,3.5,1,3.5
2971,2024-06-06,10:11:00,Downtown,Coffee,Latte,4.25,2,8.5
2972,2024-06-06,13:37:00,Downtown,Coffee,Mocha,4.75,1,4.75
2973,2024-06-06,08:04:00,Downtown,Coffee,Latte,4.25,1,4.25
2974,2024-06-06,09:03:00,Riverside,Tea,Herbal Blend,3.1,1,3.1
2975,2024-06-06,09:51:00,Downtown,Tea,Earl Grey,3.0,1,3.0
2976,2024-06-06,17:14:00,Riverside,Bakery,Croissant,3.5,1,3.5
2977,2024-06-07,09:26:00,Riverside,Coffee,Cold Brew,4.5,1,4.5
2978,2024-06-07,15:23:00,Uptown Mall,Coffee,Cappuccino,4.0,1,4.0
2979,2024-06-07,18:08:00,Downtown,Coffee,Cappuccino,4.0,1,4.0
2980,2024-06-07,10:01:00,Riverside,Bakery,Croissant,3.5,1,3.5
2981,2024-06-07,13:49:00,Downtown,Coffee,Mocha,4.75,1,4.75
2982,2024-06-07,12:27:00,Downtown,Tea,Earl Grey,3.0,1,3.0
2983,2024-06-07,14:18:00,Riverside,Bakery,Croissant,3.5,2,7.0
2984,2024-06-07,07:23:00,Downtown,Coffee,Espresso,2.75,1,2.75
2985,2024-06-07,12:22:00,Downtown,Coffee,Cold Brew,4.5,2,9.0
2986,2024-06-07,13:17:00,Uptown Mall,Bakery,Blueberry Muffin,3.25,1,3.25
2987,2024-06-07,19:34:00,Riverside,Coffee,Cappuccino,4.0,1,4.0
2988,2024-06-07,13:50:00,Downtown,Bakery,Croissant,3.5,1,3.5
2989,2024-06-07,07:36:00,Riverside,Bakery,Croissant,3.5,1,3.5
2990,2024-06-07,07:06:00,Uptown Mall,Bakery,Blueberry Muffin,3.25,1,3.25
2991,2024-06-07,07:54:00,Downtown,Coffee,Americano,3.25,1,3.25
2992,2024-06-07,07:09:00,Downtown,Merchandise,12oz Mug,12.0,3,36.0
2993,2024-06-07,08:59:00,Downtown,Coffee,Latte,4.25,2,8.5
2994,2024-06-07,09:03:00,Uptown Mall,Coffee,Latte,4.25,1,4.25
2995,2024-06-07,18:07:00,Riverside,Merchandise,12oz Mug,12.0,2,24.0
2996,2024-06-07,17:38:00,Downtown,Merchandise,Reusable Cup,9.0,1,9.0
2997,2024-06-07,10:40:00,Riverside,Bakery,Croissant,3.5,1,3.5
2998,2024-06-08,19:52:00,Downtown,Coffee,Cappuccino,4.0,1,4.0
2999,2024-06-08,19:52:00,Riverside,Coffee,Cappuccino,4.0,1,4.0
3000,2024-06-08,19:51:00,Downtown,Coffee,Cold Brew,4.5,3,13.5
3001,2024-06-08,09:42:00,Riverside,Coffee,Cappuccino,4.0,1,4.0
3002,2024-06-08,09:47:00,Riverside,Merchandise,Reusable Cup,9.0,1,9.0
3003,2024-06-08,06:53:00,Riverside,Coffee,Cold Brew,4.5,1,4.5
3004,2024-06-08,19:19:00,Uptown Mall,Bakery,Croissant,3.5,1,3.5
3005,2024-06-08,14:58:00,Downtown,Coffee,Americano,3.25,1,3.25
3006,2024-06-08,16:39:00,Downtown,Coffee,Cappuccino,4.0,1,4.0
3007,2024-06-08,11:13:00,Uptown Mall,Merchandise,Gift Card,25.0,1,25.0
3008,2024-06-08,19:52:00,Downtown,Tea,Chai Latte,4.1,1,4.1
3009,2024-06-08,19:19:00,Riverside,Coffee,Cappuccino,4.0,1,4.0
3010,2024-06-08,09:59:00,Downtown,Tea,Earl Grey,3.0,1,3.0
3011,2024-06-08,16:31:00,Uptown Mall,Tea,Herbal Blend,3.1,1,3.1
3012,2024-06-08,09:56:00,Downtown,Coffee,Cappuccino,4.0,2,8.0
3013,2024-06-08,09:18:00,Downtown,Bakery,Blueberry Muffin,3.25,1,3.25
3014,2024-06-08,10:44:00,Downtown,Coffee,Mocha,4.75,1,4.75
3015,2024-06-08,09:45:00,Riverside,Coffee,Espresso,2.75,1,2.75
3016,2024-06-08,13:47:00,Downtown,Coffee,Cold Brew,4.5,1,4.5
3017,2024-06-08,11:35:00,Downtown,Coffee,Espresso,2.75,1,2.75
3018,2024-06-09,14:03:00,Riverside,Coffee,Mocha,4.75,1,4.75
3019,2024-06-09,19:46:00,Downtown,Merchandise,Reusable Cup,9.0,1,9.0
3020,2024-06-09,18:32:00,Riverside,Tea,Earl Grey,3.0,1,3.0
3021,2024-06-09,08:11:00,Riverside,Merchandise,Gift Card,25.0,1,25.0
3022,2024-06-09,12:49:00,Riverside,Merchandise,Reusable Cup,9.0,1,9.0
3023,2024-06-09,07:01:00,Riverside,Coffee,Espresso,2.75,1,2.75
3024,2024-06-09,08:19:00,Downtown,Coffee,Mocha,4.75,1,4.75
3025,2024-06-09,14:41:00,Downtown,Coffee,Cappuccino,4.0,1,4.0
3026,2024-06-09,08:39:00,Downtown,Coffee,Mocha,4.75,1,4.75
3027,2024-06-09,06:52:00,Downtown,Coffee,Cappuccino,4.0,1,4.0
3028,2024-06-09,13:22:00,Uptown Mall,Coffee,Americano,3.25,1,3.25
3029,2024-06-09,13:09:00,Downtown,Coffee,Espresso,2.75,2,5.5
3030,2024-06-09,19:16:00,Riverside,Tea,Chai Latte,4.1,1,4.1
3031,2024-06-09,09:36:00,Downtown,Tea,Green Tea,3.0,1,3.0
3032,2024-06-09,09:05:00,Riverside,Coffee,Espresso,2.75,1,2.75
3033,2024-06-09,16:40:00,Downtown,Merchandise,Gift Card,25.0,1,25.0
3034,2024-06-09,14:37:00,Downtown,Merchandise,Gift Card,25.0,1,25.0
3035,2024-06-09,15:30:00,Downtown,Bakery,Bagel,2.75,2,5.5
3036,2024-06-09,14:30:00,Riverside,Merchandise,12oz Mug,12.0,1,12.0
3037,2024-06-09,16:52:00,Uptown Mall,Bakery,Chocolate Chip Cookie,2.5,1,2.5
3038,2024-06-09,08:31:00,Riverside,Coffee,Cold Brew,4.5,1,4.5
3039,2024-06-09,13:17:00,Uptown Mall,Bakery,Chocolate Chip Cookie,2.5,1,2.5
3040,2024-06-09,11:37:00,Downtown,Merchandise,Ground Coffee Bag,14.5,1,14.5
3041,2024-06-09,11:18:00,Riverside,Coffee,Cappuccino,4.0,1,4.0
3042,2024-06-09,15:41:00,Downtown,Tea,Green Tea,3.0,1,3.0
3043,2024-06-09,10:36:00,Riverside,Merchandise,Ground Coffee Bag,14.5,1,14.5
3044,2024-06-09,11:18:00,Uptown Mall,Bakery,Bagel,2.75,1,2.75
3045,2024-06-09,09:59:00,Riverside,Tea,Green Tea,3.0,1,3.0
3046,2024-06-09,17:34:00,Riverside,Coffee,Latte,4.25,1,4.25
3047,2024-06-10,14:40:00,Uptown Mall,Coffee,Latte,4.25,1,4.25
3048,2024-06-10,14:38:00,Downtown,Tea,Chai Latte,4.1,1,4.1
3049,2024-06-10,08:43:00,Downtown,Coffee,Americano,3.25,1,3.25
3050,2024-06-10,15:35:00,Downtown,Coffee,Cold Brew,4.5,1,4.5
3051,2024-06-10,10:25:00,Uptown Mall,Coffee,Cappuccino,4.0,1,4.0
3052,2024-06-10,11:40:00,Riverside,Bakery,Croissant,3.5,1,3.5
3053,2024-06-10,13:00:00,Downtown,Merchandise,Gift Card,25.0,2,50.0
3054,2024-06-10,15:18:00,Uptown Mall,Merchandise,Gift Card,25.0,2,50.0
3055,2024-06-10,15:21:00,Riverside,Coffee,Cold Brew,4.5,1,4.5
3056,2024-06-10,18:02:00,Downtown,Coffee,Cappuccino,4.0,1,4.0
3057,2024-06-10,16:43:00,Uptown Mall,Bakery,Blueberry Muffin,3.25,1,3.25
3058,2024-06-10,18:06:00,Riverside,Coffee,Cappuccino,4.0,1,4.0
3059,2024-06-10,14:23:00,Downtown,Bakery,Croissant,3.5,1,3.5
3060,2024-06-10,10:14:00,Riverside,Coffee,Cold Brew,4.5,2,9.0
3061,2024-06-11,13:11:00,Riverside,Coffee,Cappuccino,4.0,1,4.0
3062,2024-06-11,10:06:00,Uptown Mall,Merchandise,Gift Card,25.0,1,25.0
3063,2024-06-11,17:26:00,Downtown,Bakery,Blueberry Muffin,3.25,1,3.25
3064,2024-06-11,14:49:00,Downtown,Coffee,Cappuccino,4.0,2,8.0
3065,2024-06-11,12:53:00,Uptown Mall,Coffee,Mocha,4.75,1,4.75
3066,2024-06-11,09:09:00,Downtown,Coffee,Espresso,2.75,1,2.75
3067,2024-06-11,17:11:00,Riverside,Coffee,Cold Brew,4.5,1,4.5
3068,2024-06-11,13:30:00,Uptown Mall,Coffee,Americano,3.25,1,3.25
3069,2024-06-11,13:55:00,Uptown Mall,Tea,Herbal Blend,3.1,1,3.1
3070,2024-06-11,12:28:00,Uptown Mall,Bakery,Chocolate Chip Cookie,2.5,1,2.5
3071,2024-06-11,12:33:00,Downtown,Coffee,Cappuccino,4.0,1,4.0
3072,2024-06-11,15:05:00,Downtown,Tea,Earl Grey,3.0,1,3.0
3073,2024-06-11,19:27:00,Downtown,Coffee,Mocha,4.75,1,4.75
3074,2024-06-11,06:56:00,Downtown,Tea,Chai Latte,4.1,2,8.2
3075,2024-06-11,10:33:00,Downtown,Tea,Herbal Blend,3.1,1,3.1
3076,2024-06-11,16:40:00,Downtown,Merchandise,Reusable Cup,9.0,1,9.0
3077,2024-06-11,19:23:00,Downtown,Tea,Herbal Blend,3.1,1,3.1
3078,2024-06-11,14:03:00,Riverside,Bakery,Blueberry Muffin,3.25,2,6.5
3079,2024-06-12,16:29:00,Uptown Mall,Coffee,Americano,3.25,1,3.25
3080,2024-06-12,16:46:00,Downtown,Tea,Chai Latte,4.1,2,8.2
3081,2024-06-12,08:47:00,Uptown Mall,Bakery,Chocolate Chip Cookie,2.5,1,2.5
3082,2024-06-12,17:26:00,Uptown Mall,Coffee,Cold Brew,4.5,2,9.0
3083,2024-06-12,18:21:00,Uptown Mall,Bakery,Bagel,2.75,2,5.5
3084,2024-06-12,11:45:00,Downtown,Coffee,Americano,3.25,1,3.25
3085,2024-06-12,08:36:00,Riverside,Merchandise,Reusable Cup,9.0,2,18.0
3086,2024-06-12,12:41:00,Downtown,Merchandise,Gift Card,25.0,1,25.0
3087,2024-06-12,17:15:00,Downtown,Bakery,Bagel,2.75,1,2.75
3088,2024-06-12,08:15:00,Uptown Mall,Coffee,Cappuccino,4.0,2,8.0
3089,2024-06-12,18:07:00,Downtown,Merchandise,Ground Coffee Bag,14.5,1,14.5
3090,2024-06-12,16:22:00,Downtown,Bakery,Bagel,2.75,3,8.25
3091,2024-06-12,17:19:00,Riverside,Merchandise,Gift Card,25.0,1,25.0
3092,2024-06-12,19:22:00,Downtown,Tea,Green Tea,3.0,1,3.0
3093,2024-06-12,12:16:00,Riverside,Coffee,Cold Brew,4.5,1,4.5
3094,2024-06-12,19:14:00,Downtown,Bakery,Chocolate Chip Cookie,2.5,1,2.5
3095,2024-06-12,18:23:00,Uptown Mall,Bakery,Blueberry Muffin,3.25,3,9.75
3096,2024-06-12,14:47:00,Uptown Mall,Bakery,Chocolate Chip Cookie,2.5,1,2.5
3097,2024-06-13,14:17:00,Downtown,Coffee,Cold Brew,4.5,1,4.5
3098,2024-06-13,15:53:00,Riverside,Bakery,Bagel,2.75,1,2.75
3099,2024-06-13,09:31:00,Riverside,Tea,Chai Latte,4.1,1,4.1
3100,2024-06-13,16:14:00,Riverside,Bakery,Croissant,3.5,1,3.5
3101,2024-06-13,14:41:00,Uptown Mall,Coffee,Latte,4.25,1,4.25
3102,2024-06-13,17:30:00,Riverside,Coffee,Latte,4.25,1,4.25
3103,2024-06-13,19:48:00,Downtown,Bakery,Bagel,2.75,2,5.5
3104,2024-06-13,19:47:00,Downtown,Merchandise,Reusable Cup,9.0,1,9.0
3105,2024-06-13,13:49:00,Downtown,Bakery,Blueberry Muffin,3.25,2,6.5
3106,2024-06-13,13:54:00,Downtown,Coffee,Mocha,4.75,1,4.75
3107,2024-06-13,11:45:00,Downtown,Coffee,Espresso,2.75,1,2.75
3108,2024-06-13,14:14:00,Uptown Mall,Coffee,Latte,4.25,2,8.5
3109,2024-06-13,06:41:00,Riverside,Bakery,Chocolate Chip Cookie,2.5,1,2.5
3110,2024-06-13,12:31:00,Downtown,Tea,Herbal Blend,3.1,1,3.1
3111,2024-06-13,14:29:00,Downtown,Coffee,Cappuccino,4.0,1,4.0
3112,2024-06-13,11:44:00,Downtown,Coffee,Americano,3.25,1,3.25
3113,2024-06-13,10:11:00,Riverside,Coffee,Espresso,2.75,1,2.75
3114,2024-06-13,19:37:00,Downtown,Tea,Chai Latte,4.1,1,4.1
3115,2024-06-13,16:55:00,Riverside,Bakery,Blueberry Muffin,3.25,1,3.25
3116,2024-06-13,09:30:00,Uptown Mall,Coffee,Cappuccino,4.0,2,8.0
3117,2024-06-14,16:09:00,Downtown,Coffee,Latte,4.25,1,4.25
3118,2024-06-14,13:29:00,Downtown,Merchandise,Reusable Cup,9.0,1,9.0
3119,2024-06-14,06:50:00,Downtown,Coffee,Espresso,2.75,2,5.5
3120,2024-06-14,07:16:00,Downtown,Coffee,Cold Brew,4.5,1,4.5
3121,2024-06-14,14:02:00,Downtown,Coffee,Latte,4.25,2,8.5
3122,2024-06-14,10:51:00,Uptown Mall,Merchandise,Reusable Cup,9.0,1,9.0
3123,2024-06-14,13:27:00,Riverside,Bakery,Chocolate Chip Cookie,2.5,1,2.5
3124,2024-06-14,17:47:00,Riverside,Merchandise,Reusable Cup,9.0,1,9.0
3125,2024-06-14,15:51:00,Riverside,Coffee,Mocha,4.75,1,4.75
3126,2024-06-14,16:38:00,Uptown Mall,Coffee,Mocha,4.75,2,9.5
3127,2024-06-14,12:56:00,Downtown,Coffee,Cappuccino,4.0,2,8.0
3128,2024-06-14,15:51:00,Riverside,Bakery,Blueberry Muffin,3.25,1,3.25
3129,2024-06-14,12:31:00,Uptown Mall,Merchandise,12oz Mug,12.0,1,12.0
3130,2024-06-14,18:33:00,Uptown Mall,Coffee,Cold Brew,4.5,1,4.5
3131,2024-06-14,16:51:00,Downtown,Coffee,Cold Brew,4.5,2,9.0
3132,2024-06-14,10:29:00,Riverside,Tea,Earl Grey,3.0,1,3.0
3133,2024-06-14,12:44:00,Riverside,Bakery,Bagel,2.75,1,2.75
3134,2024-06-14,08:55:00,Downtown,Tea,Herbal Blend,3.1,1,3.1
3135,2024-06-14,12:18:00,Uptown Mall,Coffee,Latte,4.25,1,4.25
3136,2024-06-14,12:53:00,Uptown Mall,Bakery,Croissant,3.5,1,3.5
3137,2024-06-14,08:12:00,Uptown Mall,Bakery,Chocolate Chip Cookie,2.5,1,2.5
3138,2024-06-14,19:52:00,Riverside,Coffee,Americano,3.25,2,6.5
3139,2024-06-15,07:57:00,Downtown,Coffee,Mocha,4.75,1,4.75
3140,2024-06-15,17:55:00,Downtown,Coffee,Latte,4.25,1,4.25
3141,2024-06-15,13:52:00,Riverside,Coffee,Latte,4.25,1,4.25
3142,2024-06-15,06:15:00,Downtown,Bakery,Bagel,2.75,1,2.75
3143,2024-06-15,14:58:00,Downtown,Merchandise,Gift Card,25.0,1,25.0
3144,2024-06-15,16:36:00,Uptown Mall,Coffee,Mocha,4.75,1,4.75
3145,2024-06-15,09:11:00,Downtown,Bakery,Croissant,3.5,1,3.5
3146,2024-06-15,14:20:00,Downtown,Merchandise,Reusable Cup,9.0,1,9.0
3147,2024-06-15,19:14:00,Downtown,Coffee,Espresso,2.75,2,5.5
3148,2024-06-15,14:02:00,Downtown,Tea,Earl Grey,3.0,1,3.0
3149,2024-06-15,19:42:00,Downtown,Bakery,Blueberry Muffin,3.25,1,3.25
3150,2024-06-15,19:41:00,Riverside,Merchandise,Gift Card,25.0,1,25.0
3151,2024-06-15,09:36:00,Downtown,Bakery,Blueberry Muffin,3.25,1,3.25
3152,2024-06-15,15:14:00,Uptown Mall,Coffee,Cappuccino,4.0,1,4.0
3153,2024-06-15,15:54:00,Uptown Mall,Tea,Herbal Blend,3.1,1,3.1
3154,2024-06-15,19:50:00,Riverside,Bakery,Croissant,3.5,1,3.5
3155,2024-06-15,15:25:00,Riverside,Coffee,Cold Brew,4.5,1,4.5
3156,2024-06-15,16:58:00,Riverside,Coffee,Cold Brew,4.5,1,4.5
3157,2024-06-16,07:25:00,Downtown,Tea,Chai Latte,4.1,1,4.1
3158,2024-06-16,09:52:00,Downtown,Coffee,Mocha,4.75,1,4.75
3159,2024-06-16,07:07:00,Downtown,Bakery,Blueberry Muffin,3.25,1,3.25
3160,2024-06-16,10:37:00,Downtown,Merchandise,Reusable Cup,9.0,1,9.0
3161,2024-06-16,12:48:00,Uptown Mall,Merchandise,Reusable Cup,9.0,1,9.0
3162,2024-06-16,15:10:00,Uptown Mall,Coffee,Cappuccino,4.0,1,4.0
3163,2024-06-16,19:20:00,Riverside,Coffee,Mocha,4.75,1,4.75
3164,2024-06-16,08:34:00,Riverside,Tea,Earl Grey,3.0,1,3.0
3165,2024-06-16,10:07:00,Riverside,Bakery,Blueberry Muffin,3.25,1,3.25
3166,2024-06-16,19:11:00,Downtown,Coffee,Latte,4.25,2,8.5
3167,2024-06-16,07:26:00,Downtown,Tea,Herbal Blend,3.1,1,3.1
3168,2024-06-16,19:20:00,Downtown,Coffee,Espresso,2.75,2,5.5
3169,2024-06-16,10:25:00,Downtown,Tea,Earl Grey,3.0,1,3.0
3170,2024-06-16,10:53:00,Uptown Mall,Coffee,Cappuccino,4.0,1,4.0
3171,2024-06-16,06:52:00,Riverside,Bakery,Blueberry Muffin,3.25,1,3.25
3172,2024-06-16,13:08:00,Uptown Mall,Merchandise,12oz Mug,12.0,1,12.0
3173,2024-06-17,19:09:00,Uptown Mall,Coffee,Espresso,2.75,1,2.75
3174,2024-06-17,09:11:00,Uptown Mall,Tea,Chai Latte,4.1,1,4.1
3175,2024-06-17,18:38:00,Downtown,Merchandise,Gift Card,25.0,2,50.0
3176,2024-06-17,07:49:00,Downtown,Merchandise,Reusable Cup,9.0,1,9.0
3177,2024-06-17,07:29:00,Riverside,Tea,Chai Latte,4.1,2,8.2
3178,2024-06-17,15:21:00,Downtown,Coffee,Cold Brew,4.5,1,4.5
3179,2024-06-17,19:20:00,Downtown,Coffee,Americano,3.25,1,3.25
3180,2024-06-17,11:40:00,Uptown Mall,Tea,Earl Grey,3.0,1,3.0
3181,2024-06-17,15:07:00,Downtown,Coffee,Cold Brew,4.5,1,4.5
3182,2024-06-17,07:20:00,Uptown Mall,Bakery,Blueberry Muffin,3.25,1,3.25
3183,2024-06-17,17:18:00,Riverside,Merchandise,Reusable Cup,9.0,2,18.0
3184,2024-06-17,15:00:00,Downtown,Coffee,Latte,4.25,1,4.25
3185,2024-06-17,19:35:00,Uptown Mall,Bakery,Croissant,3.5,1,3.5
3186,2024-06-18,08:55:00,Riverside,Coffee,Cold Brew,4.5,1,4.5
3187,2024-06-18,19:42:00,Downtown,Coffee,Latte,4.25,1,4.25
3188,2024-06-18,09:41:00,Downtown,Coffee,Espresso,2.75,1,2.75
3189,2024-06-18,17:59:00,Downtown,Tea,Chai Latte,4.1,2,8.2
3190,2024-06-18,18:22:00,Riverside,Coffee,Cold Brew,4.5,1,4.5
3191,2024-06-18,15:13:00,Downtown,Coffee,Mocha,4.75,1,4.75
3192,2024-06-18,14:41:00,Riverside,Coffee,Americano,3.25,1,3.25
3193,2024-06-18,17:32:00,Downtown,Bakery,Bagel,2.75,2,5.5
3194,2024-06-18,14:15:00,Downtown,Bakery,Chocolate Chip Cookie,2.5,1,2.5
3195,2024-06-18,11:59:00,Riverside,Tea,Chai Latte,4.1,1,4.1
3196,2024-06-18,19:39:00,Downtown,Coffee,Americano,3.25,1,3.25
3197,2024-06-18,10:55:00,Downtown,Coffee,Americano,3.25,2,6.5
3198,2024-06-18,07:24:00,Uptown Mall,Coffee,Espresso,2.75,1,2.75
3199,2024-06-18,17:46:00,Riverside,Coffee,Cappuccino,4.0,1,4.0
3200,2024-06-18,15:16:00,Riverside,Tea,Herbal Blend,3.1,2,6.2
3201,2024-06-19,17:18:00,Downtown,Coffee,Cold Brew,4.5,2,9.0
3202,2024-06-19,15:52:00,Uptown Mall,Bakery,Croissant,3.5,2,7.0
3203,2024-06-19,08:14:00,Riverside,Tea,Chai Latte,4.1,3,12.3
3204,2024-06-19,07:54:00,Riverside,Merchandise,12oz Mug,12.0,2,24.0
3205,2024-06-19,15:46:00,Downtown,Tea,Herbal Blend,3.1,1,3.1
3206,2024-06-19,18:08:00,Uptown Mall,Tea,Herbal Blend,3.1,2,6.2
3207,2024-06-19,07:36:00,Riverside,Tea,Earl Grey,3.0,1,3.0
3208,2024-06-19,07:17:00,Downtown,Coffee,Americano,3.25,1,3.25
3209,2024-06-19,07:57:00,Riverside,Coffee,Latte,4.25,2,8.5
3210,2024-06-19,18:06:00,Downtown,Merchandise,Reusable Cup,9.0,1,9.0
3211,2024-06-19,08:16:00,Uptown Mall,Coffee,Latte,4.25,1,4.25
3212,2024-06-19,11:49:00,Uptown Mall,Tea,Chai Latte,4.1,3,12.3
3213,2024-06-19,18:36:00,Uptown Mall,Bakery,Bagel,2.75,3,8.25
3214,2024-06-19,13:17:00,Downtown,Coffee,Mocha,4.75,1,4.75
3215,2024-06-19,16:03:00,Downtown,Coffee,Espresso,2.75,1,2.75
3216,2024-06-19,14:25:00,Downtown,Bakery,Chocolate Chip Cookie,2.5,1,2.5
3217,2024-06-20,10:41:00,Uptown Mall,Coffee,Americano,3.25,1,3.25
3218,2024-06-20,07:31:00,Riverside,Bakery,Bagel,2.75,1,2.75
3219,2024-06-20,09:35:00,Uptown Mall,Coffee,Espresso,2.75,3,8.25
3220,2024-06-20,08:29:00,Downtown,Coffee,Latte,4.25,1,4.25
3221,2024-06-20,07:51:00,Downtown,Tea,Herbal Blend,3.1,1,3.1
3222,2024-06-20,12:39:00,Uptown Mall,Coffee,Cold Brew,4.5,1,4.5
3223,2024-06-20,16:07:00,Riverside,Coffee,Latte,4.25,1,4.25
3224,2024-06-20,14:46:00,Uptown Mall,Merchandise,Ground Coffee Bag,14.5,3,43.5
3225,2024-06-20,15:36:00,Downtown,Coffee,Espresso,2.75,1,2.75
3226,2024-06-20,18:52:00,Riverside,Bakery,Chocolate Chip Cookie,2.5,1,2.5
3227,2024-06-20,18:15:00,Downtown,Merchandise,Gift Card,25.0,2,50.0
3228,2024-06-20,17:00:00,Downtown,Bakery,Chocolate Chip Cookie,2.5,3,7.5
3229,2024-06-20,10:19:00,Downtown,Coffee,Mocha,4.75,2,9.5
3230,2024-06-20,13:08:00,Riverside,Bakery,Blueberry Muffin,3.25,1,3.25
3231,2024-06-20,19:06:00,Uptown Mall,Coffee,Espresso,2.75,1,2.75
3232,2024-06-20,08:42:00,Riverside,Bakery,Croissant,3.5,1,3.5
3233,2024-06-20,06:54:00,Uptown Mall,Coffee,Cold Brew,4.5,2,9.0
3234,2024-06-20,14:33:00,Downtown,Tea,Green Tea,3.0,1,3.0
3235,2024-06-20,14:25:00,Riverside,Bakery,Bagel,2.75,1,2.75
3236,2024-06-20,07:17:00,Uptown Mall,Coffee,Cold Brew,4.5,2,9.0
3237,2024-06-20,15:49:00,Downtown,Bakery,Bagel,2.75,1,2.75
3238,2024-06-20,06:06:00,Uptown Mall,Tea,Chai Latte,4.1,1,4.1
3239,2024-06-21,13:38:00,Riverside,Coffee,Latte,4.25,1,4.25
3240,2024-06-21,13:15:00,Riverside,Bakery,Croissant,3.5,1,3.5
3241,2024-06-21,06:13:00,Riverside,Bakery,Croissant,3.5,1,3.5
3242,2024-06-21,13:18:00,Uptown Mall,Coffee,Cappuccino,4.0,1,4.0
3243,2024-06-21,19:07:00,Riverside,Tea,Green Tea,3.0,1,3.0
3244,2024-06-21,17:29:00,Riverside,Bakery,Blueberry Muffin,3.25,2,6.5
3245,2024-06-21,18:35:00,Uptown Mall,Merchandise,Ground Coffee Bag,14.5,1,14.5
3246,2024-06-21,18:18:00,Riverside,Bakery,Blueberry Muffin,3.25,1,3.25
3247,2024-06-21,09:10:00,Uptown Mall,Bakery,Croissant,3.5,1,3.5
3248,2024-06-21,13:30:00,Riverside,Coffee,Espresso,2.75,3,8.25
3249,2024-06-21,14:01:00,Downtown,Coffee,Americano,3.25,1,3.25
3250,2024-06-21,13:52:00,Downtown,Coffee,Cappuccino,4.0,1,4.0
3251,2024-06-21,08:39:00,Downtown,Merchandise,Reusable Cup,9.0,1,9.0
3252,2024-06-21,16:33:00,Downtown,Coffee,Mocha,4.75,1,4.75
3253,2024-06-21,18:36:00,Downtown,Coffee,Mocha,4.75,1,4.75
3254,2024-06-21,13:02:00,Uptown Mall,Bakery,Bagel,2.75,1,2.75
3255,2024-06-21,19:08:00,Riverside,Bakery,Blueberry Muffin,3.25,1,3.25
3256,2024-06-21,09:46:00,Riverside,Tea,Chai Latte,4.1,1,4.1
3257,2024-06-21,08:30:00,Uptown Mall,Bakery,Blueberry Muffin,3.25,1,3.25
3258,2024-06-21,19:22:00,Downtown,Coffee,Americano,3.25,2,6.5
3259,2024-06-21,14:11:00,Downtown,Merchandise,Ground Coffee Bag,14.5,2,29.0
3260,2024-06-21,18:03:00,Uptown Mall,Coffee,Americano,3.25,2,6.5
3261,2024-06-21,06:25:00,Downtown,Bakery,Blueberry Muffin,3.25,1,3.25
3262,2024-06-22,15:12:00,Uptown Mall,Tea,Earl Grey,3.0,1,3.0
3263,2024-06-22,12:42:00,Downtown,Coffee,Mocha,4.75,1,4.75
3264,2024-06-22,06:17:00,Uptown Mall,Bakery,Blueberry Muffin,3.25,1,3.25
3265,2024-06-22,16:51:00,Uptown Mall,Coffee,Latte,4.25,1,4.25
3266,2024-06-22,15:34:00,Uptown Mall,Tea,Green Tea,3.0,1,3.0
3267,2024-06-22,11:03:00,Uptown Mall,Coffee,Espresso,2.75,2,5.5
3268,2024-06-22,07:46:00,Uptown Mall,Tea,Chai Latte,4.1,1,4.1
3269,2024-06-22,11:27:00,Riverside,Bakery,Blueberry Muffin,3.25,1,3.25
3270,2024-06-22,10:03:00,Riverside,Bakery,Croissant,3.5,1,3.5
3271,2024-06-22,06:50:00,Riverside,Coffee,Latte,4.25,1,4.25
3272,2024-06-22,10:00:00,Uptown Mall,Coffee,Americano,3.25,1,3.25
3273,2024-06-22,18:24:00,Downtown,Coffee,Americano,3.25,1,3.25
3274,2024-06-22,09:31:00,Downtown,Bakery,Blueberry Muffin,3.25,2,6.5
3275,2024-06-22,14:14:00,Uptown Mall,Coffee,Cappuccino,4.0,1,4.0
3276,2024-06-22,07:05:00,Downtown,Bakery,Blueberry Muffin,3.25,2,6.5
3277,2024-06-22,11:05:00,Uptown Mall,Bakery,Bagel,2.75,1,2.75
3278,2024-06-22,06:35:00,Downtown,Bakery,Croissant,3.5,1,3.5
3279,2024-06-22,06:52:00,Downtown,Coffee,Espresso,2.75,1,2.75
3280,2024-06-22,07:10:00,Downtown,Tea,Chai Latte,4.1,1,4.1
3281,2024-06-22,09:04:00,Riverside,Coffee,Mocha,4.75,1,4.75
3282,2024-06-22,12:51:00,Riverside,Tea,Earl Grey,3.0,1,3.0
3283,2024-06-22,08:37:00,Riverside,Tea,Green Tea,3.0,1,3.0
3284,2024-06-22,19:09:00,Downtown,Tea,Green Tea,3.0,1,3.0
3285,2024-06-22,12:14:00,Riverside,Coffee,Americano,3.25,1,3.25
3286,2024-06-22,11:52:00,Riverside,Tea,Chai Latte,4.1,2,8.2
3287,2024-06-22,15:11:00,Riverside,Coffee,Espresso,2.75,2,5.5
3288,2024-06-22,10:45:00,Downtown,Bakery,Croissant,3.5,1,3.5
3289,2024-06-22,16:16:00,Riverside,Coffee,Cold Brew,4.5,1,4.5
3290,2024-06-23,12:38:00,Downtown,Bakery,Chocolate Chip Cookie,2.5,3,7.5
3291,2024-06-23,11:52:00,Downtown,Bakery,Croissant,3.5,1,3.5
3292,2024-06-23,06:58:00,Uptown Mall,Coffee,Mocha,4.75,1,4.75
3293,2024-06-23,18:20:00,Riverside,Coffee,Cappuccino,4.0,1,4.0
3294,2024-06-23,07:40:00,Riverside,Tea,Chai Latte,4.1,1,4.1
3295,2024-06-23,11:24:00,Downtown,Coffee,Latte,4.25,1,4.25
3296,2024-06-23,16:38:00,Uptown Mall,Coffee,Cold Brew,4.5,1,4.5
3297,2024-06-23,08:22:00,Downtown,Coffee,Cappuccino,4.0,1,4.0
3298,2024-06-23,15:31:00,Uptown Mall,Coffee,Espresso,2.75,1,2.75
3299,2024-06-23,08:11:00,Uptown Mall,Coffee,Cappuccino,4.0,1,4.0
3300,2024-06-23,18:51:00,Riverside,Coffee,Americano,3.25,1,3.25
3301,2024-06-23,06:33:00,Uptown Mall,Bakery,Croissant,3.5,1,3.5
3302,2024-06-23,08:15:00,Downtown,Tea,Herbal Blend,3.1,1,3.1
3303,2024-06-23,07:25:00,Uptown Mall,Coffee,Espresso,2.75,2,5.5
3304,2024-06-23,12:04:00,Riverside,Bakery,Croissant,3.5,1,3.5
3305,2024-06-23,12:52:00,Downtown,Coffee,Cappuccino,4.0,1,4.0
3306,2024-06-23,07:20:00,Uptown Mall,Coffee,Cappuccino,4.0,1,4.0
3307,2024-06-23,08:21:00,Uptown Mall,Bakery,Chocolate Chip Cookie,2.5,1,2.5
3308,2024-06-23,16:48:00,Downtown,Merchandise,12oz Mug,12.0,1,12.0
3309,2024-06-23,18:21:00,Riverside,Coffee,Mocha,4.75,1,4.75
3310,2024-06-23,14:19:00,Riverside,Bakery,Blueberry Muffin,3.25,1,3.25
3311,2024-06-23,16:49:00,Uptown Mall,Tea,Herbal Blend,3.1,2,6.2
3312,2024-06-23,12:00:00,Uptown Mall,Coffee,Mocha,4.75,2,9.5
3313,2024-06-23,08:46:00,Uptown Mall,Coffee,Espresso,2.75,1,2.75
3314,2024-06-23,07:13:00,Uptown Mall,Tea,Herbal Blend,3.1,1,3.1
3315,2024-06-23,14:48:00,Riverside,Coffee,Cappuccino,4.0,1,4.0
3316,2024-06-23,10:19:00,Downtown,Coffee,Mocha,4.75,2,9.5
3317,2024-06-24,10:54:00,Uptown Mall,Coffee,Latte,4.25,2,8.5
3318,2024-06-24,10:51:00,Downtown,Bakery,Blueberry Muffin,3.25,1,3.25
3319,2024-06-24,17:16:00,Uptown Mall,Coffee,Mocha,4.75,2,9.5
3320,2024-06-24,11:15:00,Riverside,Bakery,Chocolate Chip Cookie,2.5,1,2.5
3321,2024-06-24,14:42:00,Riverside,Tea,Chai Latte,4.1,2,8.2
3322,2024-06-24,08:00:00,Uptown Mall,Coffee,Latte,4.25,2,8.5
3323,2024-06-24,11:19:00,Downtown,Coffee,Americano,3.25,2,6.5
3324,2024-06-24,07:34:00,Uptown Mall,Coffee,Cold Brew,4.5,1,4.5
3325,2024-06-24,10:26:00,Uptown Mall,Coffee,Cold Brew,4.5,1,4.5
3326,2024-06-24,13:33:00,Uptown Mall,Bakery,Bagel,2.75,1,2.75
3327,2024-06-24,17:54:00,Uptown Mall,Bakery,Croissant,3.5,2,7.0
3328,2024-06-24,15:32:00,Downtown,Coffee,Espresso,2.75,3,8.25
3329,2024-06-24,15:28:00,Uptown Mall,Coffee,Latte,4.25,2,8.5
3330,2024-06-24,18:53:00,Downtown,Coffee,Espresso,2.75,1,2.75
3331,2024-06-24,13:40:00,Riverside,Tea,Green Tea,3.0,1,3.0
3332,2024-06-24,17:22:00,Riverside,Tea,Earl Grey,3.0,1,3.0
3333,2024-06-24,16:50:00,Uptown Mall,Coffee,Cappuccino,4.0,1,4.0
3334,2024-06-25,08:08:00,Downtown,Bakery,Croissant,3.5,1,3.5
3335,2024-06-25,13:34:00,Uptown Mall,Coffee,Americano,3.25,1,3.25
3336,2024-06-25,14:12:00,Downtown,Bakery,Bagel,2.75,2,5.5
3337,2024-06-25,13:01:00,Downtown,Coffee,Americano,3.25,1,3.25
3338,2024-06-25,12:55:00,Riverside,Tea,Chai Latte,4.1,1,4.1
3339,2024-06-25,18:59:00,Uptown Mall,Coffee,Mocha,4.75,1,4.75
3340,2024-06-25,13:41:00,Uptown Mall,Coffee,Mocha,4.75,1,4.75
3341,2024-06-25,07:34:00,Downtown,Coffee,Cappuccino,4.0,1,4.0
3342,2024-06-25,12:43:00,Uptown Mall,Bakery,Chocolate Chip Cookie,2.5,1,2.5
3343,2024-06-25,11:47:00,Downtown,Coffee,Latte,4.25,1,4.25
3344,2024-06-25,13:40:00,Riverside,Bakery,Chocolate Chip Cookie,2.5,1,2.5
3345,2024-06-25,11:24:00,Riverside,Coffee,Espresso,2.75,1,2.75
3346,2024-06-25,06:11:00,Downtown,Merchandise,Reusable Cup,9.0,1,9.0
3347,2024-06-26,19:33:00,Uptown Mall,Merchandise,Ground Coffee Bag,14.5,1,14.5
3348,2024-06-26,19:12:00,Riverside,Merchandise,12oz Mug,12.0,2,24.0
3349,2024-06-26,10:11:00,Riverside,Bakery,Croissant,3.5,1,3.5
3350,2024-06-26,07:44:00,Downtown,Coffee,Espresso,2.75,1,2.75
3351,2024-06-26,08:28:00,Riverside,Coffee,Cappuccino,4.0,1,4.0
3352,2024-06-26,16:40:00,Downtown,Tea,Green Tea,3.0,1,3.0
3353,2024-06-26,06:30:00,Downtown,Bakery,Bagel,2.75,2,5.5
3354,2024-06-26,10:27:00,Uptown Mall,Tea,Green Tea,3.0,1,3.0
3355,2024-06-26,14:24:00,Riverside,Bakery,Bagel,2.75,3,8.25
3356,2024-06-26,18:10:00,Downtown,Bakery,Croissant,3.5,1,3.5
3357,2024-06-26,10:49:00,Riverside,Coffee,Cold Brew,4.5,1,4.5
3358,2024-06-26,12:09:00,Riverside,Merchandise,Gift Card,25.0,1,25.0
3359,2024-06-26,11:15:00,Uptown Mall,Coffee,Mocha,4.75,1,4.75
3360,2024-06-27,15:41:00,Downtown,Tea,Chai Latte,4.1,2,8.2
3361,2024-06-27,17:37:00,Riverside,Bakery,Bagel,2.75,1,2.75
3362,2024-06-27,12:32:00,Uptown Mall,Coffee,Cappuccino,4.0,1,4.0
3363,2024-06-27,12:38:00,Riverside,Coffee,Espresso,2.75,1,2.75
3364,2024-06-27,13:44:00,Downtown,Coffee,Cappuccino,4.0,1,4.0
3365,2024-06-27,12:39:00,Uptown Mall,Coffee,Cold Brew,4.5,1,4.5
3366,2024-06-27,13:36:00,Uptown Mall,Coffee,Cappuccino,4.0,1,4.0
3367,2024-06-27,07:17:00,Riverside,Tea,Earl Grey,3.0,1,3.0
3368,2024-06-27,07:03:00,Uptown Mall,Bakery,Croissant,3.5,2,7.0
3369,2024-06-27,10:34:00,Downtown,Bakery,Bagel,2.75,1,2.75
3370,2024-06-27,08:40:00,Downtown,Bakery,Bagel,2.75,2,5.5
3371,2024-06-27,08:11:00,Downtown,Coffee,Espresso,2.75,1,2.75
3372,2024-06-27,10:33:00,Riverside,Coffee,Latte,4.25,2,8.5
3373,2024-06-27,12:21:00,Downtown,Coffee,Latte,4.25,1,4.25
3374,2024-06-28,12:45:00,Downtown,Coffee,Espresso,2.75,1,2.75
3375,2024-06-28,14:09:00,Downtown,Tea,Herbal Blend,3.1,2,6.2
3376,2024-06-28,18:48:00,Downtown,Bakery,Bagel,2.75,3,8.25
3377,2024-06-28,17:28:00,Downtown,Merchandise,Ground Coffee Bag,14.5,1,14.5
3378,2024-06-28,12:24:00,Riverside,Coffee,Mocha,4.75,1,4.75
3379,2024-06-28,16:40:00,Uptown Mall,Coffee,Americano,3.25,1,3.25
3380,2024-06-28,14:04:00,Uptown Mall,Coffee,Latte,4.25,1,4.25
3381,2024-06-28,08:14:00,Downtown,Coffee,Cold Brew,4.5,2,9.0
3382,2024-06-28,06:50:00,Riverside,Tea,Green Tea,3.0,1,3.0
3383,2024-06-28,14:24:00,Downtown,Coffee,Latte,4.25,2,8.5
3384,2024-06-28,12:44:00,Downtown,Coffee,Cold Brew,4.5,1,4.5
3385,2024-06-28,07:27:00,Riverside,Coffee,Latte,4.25,1,4.25
3386,2024-06-28,18:18:00,Downtown,Coffee,Latte,4.25,2,8.5
3387,2024-06-28,14:28:00,Uptown Mall,Coffee,Latte,4.25,1,4.25
3388,2024-06-28,06:13:00,Downtown,Coffee,Cold Brew,4.5,1,4.5
3389,2024-06-28,08:03:00,Riverside,Tea,Earl Grey,3.0,2,6.0
3390,2024-06-28,15:09:00,Riverside,Merchandise,12oz Mug,12.0,1,12.0
3391,2024-06-28,11:42:00,Riverside,Merchandise,12oz Mug,12.0,1,12.0
3392,2024-06-28,19:53:00,Riverside,Coffee,Latte,4.25,1,4.25
3393,2024-06-28,11:59:00,Downtown,Coffee,Cold Brew,4.5,1,4.5
3394,2024-06-28,16:28:00,Riverside,Coffee,Cold Brew,4.5,2,9.0
3395,2024-06-28,15:41:00,Uptown Mall,Bakery,Croissant,3.5,2,7.0
3396,2024-06-28,07:52:00,Downtown,Coffee,Americano,3.25,1,3.25
3397,2024-06-29,09:19:00,Uptown Mall,Coffee,Mocha,4.75,1,4.75
3398,2024-06-29,10:06:00,Downtown,Coffee,Latte,4.25,2,8.5
3399,2024-06-29,15:06:00,Riverside,Bakery,Blueberry Muffin,3.25,2,6.5
3400,2024-06-29,09:39:00,Downtown,Coffee,Cappuccino,4.0,1,4.0
3401,2024-06-29,17:33:00,Downtown,Coffee,Cappuccino,4.0,2,8.0
3402,2024-06-29,17:59:00,Uptown Mall,Merchandise,12oz Mug,12.0,1,12.0
3403,2024-06-29,06:09:00,Riverside,Coffee,Latte,4.25,1,4.25
3404,2024-06-29,18:08:00,Downtown,Tea,Herbal Blend,3.1,1,3.1
3405,2024-06-29,15:43:00,Uptown Mall,Coffee,Cappuccino,4.0,2,8.0
3406,2024-06-29,09:46:00,Downtown,Bakery,Blueberry Muffin,3.25,1,3.25
3407,2024-06-29,19:39:00,Downtown,Coffee,Cold Brew,4.5,1,4.5
3408,2024-06-29,06:05:00,Downtown,Coffee,Latte,4.25,1,4.25
3409,2024-06-29,06:47:00,Uptown Mall,Bakery,Bagel,2.75,1,2.75
3410,2024-06-29,19:06:00,Downtown,Tea,Herbal Blend,3.1,2,6.2
3411,2024-06-29,12:57:00,Riverside,Coffee,Cappuccino,4.0,1,4.0
3412,2024-06-29,19:24:00,Downtown,Coffee,Mocha,4.75,1,4.75
3413,2024-06-29,16:28:00,Uptown Mall,Coffee,Mocha,4.75,1,4.75
3414,2024-06-29,10:15:00,Uptown Mall,Coffee,Latte,4.25,1,4.25
3415,2024-06-29,15:46:00,Downtown,Coffee,Espresso,2.75,2,5.5
3416,2024-06-29,12:45:00,Riverside,Coffee,Mocha,4.75,1,4.75
3417,2024-06-29,09:03:00,Uptown Mall,Coffee,Cold Brew,4.5,2,9.0
3418,2024-06-29,07:32:00,Downtown,Coffee,Espresso,2.75,1,2.75
3419,2024-06-29,08:31:00,Riverside,Tea,Chai Latte,4.1,2,8.2
3420,2024-06-29,17:19:00,Downtown,Coffee,Mocha,4.75,1,4.75
3421,2024-06-29,19:07:00,Downtown,Coffee,Espresso,2.75,1,2.75
3422,2024-06-29,07:14:00,Downtown,Bakery,Blueberry Muffin,3.25,1,3.25
3423,2024-06-29,09:53:00,Downtown,Bakery,Bagel,2.75,1,2.75
3424,2024-06-30,08:18:00,Downtown,Tea,Chai Latte,4.1,1,4.1
3425,2024-06-30,14:01:00,Downtown,Coffee,Mocha,4.75,2,9.5
3426,2024-06-30,11:55:00,Riverside,Coffee,Mocha,4.75,1,4.75
3427,2024-06-30,10:52:00,Riverside,Coffee,Americano,3.25,1,3.25
3428,2024-06-30,12:16:00,Riverside,Coffee,Mocha,4.75,1,4.75
3429,2024-06-30,09:33:00,Downtown,Tea,Chai Latte,4.1,1,4.1
3430,2024-06-30,10:38:00,Riverside,Coffee,Americano,3.25,1,3.25
3431,2024-06-30,17:10:00,Downtown,Coffee,Espresso,2.75,1,2.75
3432,2024-06-30,18:56:00,Uptown Mall,Merchandise,Gift Card,25.0,1,25.0
3433,2024-06-30,13:51:00,Riverside,Coffee,Americano,3.25,1,3.25
3434,2024-06-30,14:13:00,Riverside,Coffee,Mocha,4.75,1,4.75
3435,2024-06-30,09:55:00,Downtown,Bakery,Bagel,2.75,1,2.75
3436,2024-06-30,15:22:00,Riverside,Bakery,Chocolate Chip Cookie,2.5,1,2.5
3437,2024-06-30,15:15:00,Uptown Mall,Tea,Herbal Blend,3.1,1,3.1
3438,2024-06-30,14:03:00,Uptown Mall,Coffee,Latte,4.25,2,8.5
3439,2024-06-30,18:30:00,Uptown Mall,Tea,Chai Latte,4.1,1,4.1
3440,2024-07-01,11:48:00,Downtown,Coffee,Cold Brew,4.5,1,4.5
3441,2024-07-01,13:30:00,Downtown,Coffee,Mocha,4.75,1,4.75
3442,2024-07-01,06:57:00,Riverside,Merchandise,12oz Mug,12.0,1,12.0
3443,2024-07-01,08:06:00,Uptown Mall,Coffee,Espresso,2.75,1,2.75
3444,2024-07-01,07:40:00,Downtown,Tea,Earl Grey,3.0,1,3.0
3445,2024-07-01,16:32:00,Riverside,Coffee,Cold Brew,4.5,1,4.5
3446,2024-07-01,06:03:00,Downtown,Tea,Herbal Blend,3.1,1,3.1
3447,2024-07-01,14:12:00,Riverside,Tea,Earl Grey,3.0,1,3.0
3448,2024-07-01,13:51:00,Downtown,Coffee,Americano,3.25,1,3.25
3449,2024-07-01,13:08:00,Downtown,Coffee,Americano,3.25,1,3.25
3450,2024-07-01,06:50:00,Uptown Mall,Coffee,Cold Brew,4.5,1,4.5
3451,2024-07-01,18:18:00,Uptown Mall,Coffee,Mocha,4.75,1,4.75
3452,2024-07-01,10:38:00,Downtown,Coffee,Latte,4.25,1,4.25
3453,2024-07-01,16:43:00,Downtown,Coffee,Americano,3.25,1,3.25
3454,2024-07-01,13:43:00,Uptown Mall,Tea,Earl Grey,3.0,1,3.0
3455,2024-07-01,06:14:00,Downtown,Merchandise,Gift Card,25.0,1,25.0
3456,2024-07-01,06:24:00,Downtown,Coffee,Espresso,2.75,1,2.75
3457,2024-07-01,16:30:00,Uptown Mall,Bakery,Croissant,3.5,1,3.5
3458,2024-07-01,08:37:00,Uptown Mall,Tea,Earl Grey,3.0,1,3.0
3459,2024-07-01,10:36:00,Downtown,Coffee,Mocha,4.75,1,4.75
3460,2024-07-02,09:58:00,Riverside,Tea,Herbal Blend,3.1,1,3.1
3461,2024-07-02,14:16:00,Uptown Mall,Merchandise,12oz Mug,12.0,1,12.0
3462,2024-07-02,18:19:00,Uptown Mall,Merchandise,Reusable Cup,9.0,1,9.0
3463,2024-07-02,14:07:00,Downtown,Coffee,Mocha,4.75,1,4.75
3464,2024-07-02,12:44:00,Riverside,Bakery,Croissant,3.5,1,3.5
3465,2024-07-02,11:13:00,Uptown Mall,Tea,Green Tea,3.0,1,3.0
3466,2024-07-02,17:18:00,Downtown,Coffee,Espresso,2.75,2,5.5
3467,2024-07-02,07:01:00,Downtown,Merchandise,Reusable Cup,9.0,1,9.0
3468,2024-07-02,18:58:00,Downtown,Bakery,Bagel,2.75,1,2.75
3469,2024-07-02,07:48:00,Uptown Mall,Tea,Green Tea,3.0,2,6.0
3470,2024-07-02,19:06:00,Riverside,Bakery,Blueberry Muffin,3.25,1,3.25
3471,2024-07-02,10:02:00,Uptown Mall,Merchandise,Reusable Cup,9.0,1,9.0
3472,2024-07-02,19:36:00,Downtown,Coffee,Cappuccino,4.0,1,4.0
3473,2024-07-02,17:03:00,Riverside,Coffee,Espresso,2.75,1,2.75
3474,2024-07-03,18:16:00,Uptown Mall,Coffee,Espresso,2.75,1,2.75
3475,2024-07-03,08:55:00,Uptown Mall,Coffee,Latte,4.25,1,4.25
3476,2024-07-03,13:57:00,Riverside,Coffee,Latte,4.25,1,4.25
3477,2024-07-03,18:57:00,Downtown,Bakery,Bagel,2.75,1,2.75
3478,2024-07-03,13:53:00,Uptown Mall,Coffee,Americano,3.25,1,3.25
3479,2024-07-03,11:31:00,Riverside,Coffee,Americano,3.25,1,3.25
3480,2024-07-03,10:07:00,Uptown Mall,Coffee,Cappuccino,4.0,1,4.0
3481,2024-07-03,16:15:00,Downtown,Coffee,Cappuccino,4.0,1,4.0
3482,2024-07-03,15:16:00,Downtown,Coffee,Latte,4.25,1,4.25
3483,2024-07-03,13:23:00,Downtown,Coffee,Mocha,4.75,1,4.75
3484,2024-07-03,17:38:00,Riverside,Coffee,Cappuccino,4.0,1,4.0
3485,2024-07-03,17:07:00,Riverside,Coffee,Mocha,4.75,1,4.75
3486,2024-07-03,07:10:00,Riverside,Bakery,Croissant,3.5,3,10.5
3487,2024-07-03,06:29:00,Downtown,Coffee,Cappuccino,4.0,1,4.0
3488,2024-07-03,06:44:00,Downtown,Coffee,Cold Brew,4.5,3,13.5
3489,2024-07-03,11:53:00,Uptown Mall,Bakery,Blueberry Muffin,3.25,1,3.25
3490,2024-07-03,11:04:00,Downtown,Coffee,Mocha,4.75,1,4.75
3491,2024-07-03,14:43:00,Riverside,Coffee,Cold Brew,4.5,2,9.0
3492,2024-07-03,19:40:00,Uptown Mall,Coffee,Americano,3.25,1,3.25
3493,2024-07-03,10:11:00,Riverside,Coffee,Cold Brew,4.5,1,4.5
3494,2024-07-03,10:26:00,Downtown,Tea,Earl Grey,3.0,3,9.0
3495,2024-07-03,15:01:00,Riverside,Coffee,Cold Brew,4.5,1,4.5
3496,2024-07-04,08:36:00,Downtown,Coffee,Cold Brew,4.5,1,4.5
3497,2024-07-04,12:48:00,Riverside,Tea,Earl Grey,3.0,2,6.0
3498,2024-07-04,17:56:00,Riverside,Bakery,Croissant,3.5,1,3.5
3499,2024-07-04,16:45:00,Uptown Mall,Coffee,Cold Brew,4.5,1,4.5
3500,2024-07-04,16:36:00,Downtown,Tea,Herbal Blend,3.1,1,3.1
3501,2024-07-04,19:06:00,Downtown,Coffee,Americano,3.25,1,3.25
3502,2024-07-04,15:20:00,Downtown,Merchandise,12oz Mug,12.0,2,24.0
3503,2024-07-04,11:54:00,Uptown Mall,Bakery,Chocolate Chip Cookie,2.5,2,5.0
3504,2024-07-04,11:59:00,Downtown,Coffee,Cold Brew,4.5,1,4.5
3505,2024-07-04,11:09:00,Riverside,Bakery,Croissant,3.5,3,10.5
3506,2024-07-04,15:23:00,Uptown Mall,Coffee,Espresso,2.75,1,2.75
3507,2024-07-04,19:53:00,Riverside,Coffee,Cappuccino,4.0,1,4.0
3508,2024-07-04,19:59:00,Riverside,Tea,Herbal Blend,3.1,2,6.2
3509,2024-07-05,18:17:00,Uptown Mall,Coffee,Cold Brew,4.5,1,4.5
3510,2024-07-05,14:44:00,Downtown,Tea,Chai Latte,4.1,2,8.2
3511,2024-07-05,17:37:00,Downtown,Coffee,Mocha,4.75,1,4.75
3512,2024-07-05,16:29:00,Downtown,Tea,Green Tea,3.0,2,6.0
3513,2024-07-05,06:08:00,Downtown,Coffee,Latte,4.25,1,4.25
3514,2024-07-05,19:53:00,Downtown,Bakery,Croissant,3.5,2,7.0
3515,2024-07-05,12:25:00,Uptown Mall,Coffee,Americano,3.25,1,3.25
3516,2024-07-05,09:14:00,Uptown Mall,Tea,Herbal Blend,3.1,1,3.1
3517,2024-07-05,18:09:00,Uptown Mall,Bakery,Croissant,3.5,1,3.5
3518,2024-07-05,16:39:00,Riverside,Coffee,Cappuccino,4.0,1,4.0
3519,2024-07-05,19:41:00,Downtown,Bakery,Chocolate Chip Cookie,2.5,2,5.0
3520,2024-07-05,14:52:00,Downtown,Coffee,Latte,4.25,1,4.25
3521,2024-07-05,07:54:00,Riverside,Coffee,Mocha,4.75,1,4.75
3522,2024-07-05,08:00:00,Riverside,Bakery,Blueberry Muffin,3.25,1,3.25
3523,2024-07-05,09:12:00,Downtown,Bakery,Blueberry Muffin,3.25,1,3.25
3524,2024-07-05,09:03:00,Riverside,Coffee,Cappuccino,4.0,1,4.0
3525,2024-07-05,08:25:00,Uptown Mall,Tea,Green Tea,3.0,1,3.0
3526,2024-07-05,15:07:00,Downtown,Bakery,Croissant,3.5,1,3.5
3527,2024-07-05,14:58:00,Downtown,Tea,Herbal Blend,3.1,1,3.1
3528,2024-07-05,13:04:00,Downtown,Bakery,Blueberry Muffin,3.25,1,3.25
3529,2024-07-05,07:42:00,Riverside,Coffee,Americano,3.25,1,3.25
3530,2024-07-05,14:20:00,Uptown Mall,Coffee,Espresso,2.75,1,2.75
3531,2024-07-05,19:12:00,Riverside,Merchandise,12oz Mug,12.0,1,12.0
3532,2024-07-06,18:43:00,Riverside,Coffee,Espresso,2.75,1,2.75
3533,2024-07-06,12:20:00,Uptown Mall,Coffee,Cold Brew,4.5,1,4.5
3534,2024-07-06,19:34:00,Uptown Mall,Tea,Green Tea,3.0,1,3.0
3535,2024-07-06,16:54:00,Riverside,Coffee,Latte,4.25,1,4.25
3536,2024-07-06,16:06:00,Uptown Mall,Coffee,Cappuccino,4.0,1,4.0
3537,2024-07-06,09:42:00,Riverside,Bakery,Blueberry Muffin,3.25,1,3.25
3538,2024-07-06,08:13:00,Riverside,Coffee,Cappuccino,4.0,1,4.0
3539,2024-07-06,06:21:00,Riverside,Coffee,Cold Brew,4.5,1,4.5
3540,2024-07-06,10:56:00,Riverside,Coffee,Mocha,4.75,1,4.75
3541,2024-07-06,19:45:00,Uptown Mall,Merchandise,Reusable Cup,9.0,2,18.0
3542,2024-07-06,11:49:00,Downtown,Coffee,Americano,3.25,2,6.5
3543,2024-07-06,09:17:00,Downtown,Coffee,Espresso,2.75,2,5.5
3544,2024-07-06,07:57:00,Riverside,Coffee,Latte,4.25,1,4.25
3545,2024-07-06,09:54:00,Riverside,Coffee,Espresso,2.75,1,2.75
3546,2024-07-06,14:46:00,Riverside,Coffee,Cappuccino,4.0,2,8.0
3547,2024-07-06,19:55:00,Downtown,Coffee,Americano,3.25,1,3.25
3548,2024-07-06,13:46:00,Downtown,Bakery,Bagel,2.75,1,2.75
3549,2024-07-06,08:42:00,Downtown,Coffee,Cold Brew,4.5,1,4.5
3550,2024-07-06,09:49:00,Downtown,Merchandise,Ground Coffee Bag,14.5,1,14.5
3551,2024-07-07,09:27:00,Downtown,Coffee,Espresso,2.75,1,2.75
3552,2024-07-07,12:17:00,Downtown,Tea,Herbal Blend,3.1,1,3.1
3553,2024-07-07,06:42:00,Riverside,Coffee,Espresso,2.75,1,2.75
3554,2024-07-07,16:41:00,Downtown,Bakery,Blueberry Muffin,3.25,1,3.25
3555,2024-07-07,15:15:00,Uptown Mall,Tea,Green Tea,3.0,1,3.0
3556,2024-07-07,06:00:00,Downtown,Coffee,Mocha,4.75,2,9.5
3557,2024-07-07,10:58:00,Riverside,Coffee,Cappuccino,4.0,1,4.0
3558,2024-07-07,10:21:00,Riverside,Coffee,Espresso,2.75,1,2.75
3559,2024-07-07,14:52:00,Uptown Mall,Coffee,Latte,4.25,1,4.25
3560,2024-07-07,13:18:00,Uptown Mall,Bakery,Croissant,3.5,1,3.5
3561,2024-07-07,07:59:00,Uptown Mall,Coffee,Espresso,2.75,1,2.75
3562,2024-07-07,10:50:00,Downtown,Bakery,Chocolate Chip Cookie,2.5,2,5.0
3563,2024-07-07,18:53:00,Downtown,Tea,Green Tea,3.0,1,3.0
3564,2024-07-07,12:49:00,Uptown Mall,Coffee,Cold Brew,4.5,1,4.5
3565,2024-07-07,18:42:00,Uptown Mall,Coffee,Cappuccino,4.0,1,4.0
3566,2024-07-07,08:21:00,Riverside,Coffee,Latte,4.25,2,8.5
3567,2024-07-07,17:43:00,Downtown,Coffee,Cappuccino,4.0,3,12.0
3568,2024-07-07,08:41:00,Downtown,Coffee,Espresso,2.75,1,2.75
3569,2024-07-07,14:29:00,Riverside,Coffee,Latte,4.25,1,4.25
3570,2024-07-07,09:45:00,Uptown Mall,Bakery,Chocolate Chip Cookie,2.5,2,5.0
3571,2024-07-07,12:37:00,Downtown,Coffee,Mocha,4.75,1,4.75
3572,2024-07-07,07:31:00,Uptown Mall,Coffee,Cappuccino,4.0,1,4.0
3573,2024-07-08,17:15:00,Downtown,Merchandise,Gift Card,25.0,1,25.0
3574,2024-07-08,07:41:00,Riverside,Merchandise,12oz Mug,12.0,1,12.0
3575,2024-07-08,19:28:00,Riverside,Coffee,Espresso,2.75,2,5.5
3576,2024-07-08,11:08:00,Riverside,Coffee,Cappuccino,4.0,1,4.0
3577,2024-07-08,19:36:00,Downtown,Bakery,Bagel,2.75,1,2.75
3578,2024-07-08,14:28:00,Riverside,Merchandise,12oz Mug,12.0,1,12.0
3579,2024-07-08,09:27:00,Downtown,Tea,Green Tea,3.0,1,3.0
3580,2024-07-08,14:43:00,Riverside,Tea,Green Tea,3.0,1,3.0
3581,2024-07-08,19:25:00,Riverside,Coffee,Americano,3.25,1,3.25
3582,2024-07-08,13:12:00,Downtown,Bakery,Croissant,3.5,1,3.5
3583,2024-07-08,15:36:00,Downtown,Bakery,Bagel,2.75,1,2.75
3584,2024-07-08,10:31:00,Riverside,Tea,Earl Grey,3.0,1,3.0
3585,2024-07-08,12:22:00,Uptown Mall,Bakery,Chocolate Chip Cookie,2.5,1,2.5
3586,2024-07-08,19:08:00,Uptown Mall,Coffee,Mocha,4.75,2,9.5
3587,2024-07-08,11:20:00,Downtown,Coffee,Americano,3.25,3,9.75
3588,2024-07-09,07:40:00,Riverside,Coffee,Espresso,2.75,2,5.5
3589,2024-07-09,12:15:00,Downtown,Bakery,Bagel,2.75,1,2.75
3590,2024-07-09,07:54:00,Uptown Mall,Coffee,Mocha,4.75,1,4.75
3591,2024-07-09,10:04:00,Downtown,Bakery,Croissant,3.5,1,3.5
3592,2024-07-09,14:23:00,Uptown Mall,Coffee,Cold Brew,4.5,1,4.5
3593,2024-07-09,18:57:00,Downtown,Coffee,Cold Brew,4.5,2,9.0
3594,2024-07-09,09:58:00,Downtown,Merchandise,Gift Card,25.0,1,25.0
3595,2024-07-09,08:59:00,Downtown,Bakery,Bagel,2.75,3,8.25
3596,2024-07-09,09:57:00,Downtown,Tea,Green Tea,3.0,1,3.0
3597,2024-07-09,11:59:00,Uptown Mall,Tea,Herbal Blend,3.1,1,3.1
3598,2024-07-09,12:48:00,Riverside,Coffee,Cold Brew,4.5,1,4.5
3599,2024-07-09,11:30:00,Downtown,Coffee,Cappuccino,4.0,1,4.0
3600,2024-07-09,09:45:00,Downtown,Coffee,Americano,3.25,1,3.25
3601,2024-07-09,09:13:00,Downtown,Coffee,Cappuccino,4.0,2,8.0
3602,2024-07-09,15:38:00,Downtown,Coffee,Cappuccino,4.0,1,4.0
3603,2024-07-09,14:28:00,Uptown Mall,Bakery,Bagel,2.75,1,2.75
3604,2024-07-09,15:42:00,Uptown Mall,Merchandise,Gift Card,25.0,1,25.0
3605,2024-07-09,15:42:00,Riverside,Coffee,Mocha,4.75,3,14.25
3606,2024-07-09,10:13:00,Riverside,Coffee,Espresso,2.75,2,5.5
3607,2024-07-09,06:29:00,Riverside,Tea,Green Tea,3.0,1,3.0
3608,2024-07-09,08:48:00,Downtown,Tea,Green Tea,3.0,1,3.0
3609,2024-07-09,18:44:00,Downtown,Merchandise,Reusable Cup,9.0,1,9.0
3610,2024-07-10,10:06:00,Riverside,Bakery,Croissant,3.5,1,3.5
3611,2024-07-10,10:22:00,Riverside,Tea,Green Tea,3.0,1,3.0
3612,2024-07-10,14:59:00,Downtown,Coffee,Espresso,2.75,2,5.5
3613,2024-07-10,12:39:00,Uptown Mall,Coffee,Mocha,4.75,1,4.75
3614,2024-07-10,09:20:00,Riverside,Coffee,Cold Brew,4.5,1,4.5
3615,2024-07-10,08:15:00,Uptown Mall,Merchandise,Reusable Cup,9.0,1,9.0
3616,2024-07-10,19:25:00,Riverside,Coffee,Cappuccino,4.0,1,4.0
3617,2024-07-10,09:49:00,Riverside,Coffee,Espresso,2.75,1,2.75
3618,2024-07-10,07:49:00,Downtown,Tea,Herbal Blend,3.1,1,3.1
3619,2024-07-10,06:15:00,Uptown Mall,Coffee,Cappuccino,4.0,1,4.0
3620,2024-07-10,07:27:00,Downtown,Bakery,Blueberry Muffin,3.25,1,3.25
3621,2024-07-10,11:56:00,Riverside,Coffee,Americano,3.25,1,3.25
3622,2024-07-10,18:58:00,Downtown,Merchandise,Gift Card,25.0,1,25.0
3623,2024-07-10,11:19:00,Riverside,Coffee,Latte,4.25,1,4.25
3624,2024-07-10,18:49:00,Riverside,Bakery,Chocolate Chip Cookie,2.5,1,2.5
3625,2024-07-10,10:32:00,Downtown,Coffee,Espresso,2.75,1,2.75
3626,2024-07-10,07:45:00,Riverside,Coffee,Cold Brew,4.5,1,4.5
3627,2024-07-10,13:19:00,Riverside,Merchandise,Ground Coffee Bag,14.5,1,14.5
3628,2024-07-10,11:59:00,Riverside,Coffee,Cold Brew,4.5,1,4.5
3629,2024-07-10,12:48:00,Downtown,Tea,Earl Grey,3.0,1,3.0
3630,2024-07-10,07:01:00,Uptown Mall,Coffee,Latte,4.25,1,4.25
3631,2024-07-10,17:08:00,Downtown,Coffee,Cappuccino,4.0,2,8.0
3632,2024-07-11,18:46:00,Downtown,Coffee,Cappuccino,4.0,1,4.0
3633,2024-07-11,11:49:00,Downtown,Merchandise,Ground Coffee Bag,14.5,1,14.5
3634,2024-07-11,12:24:00,Downtown,Tea,Herbal Blend,3.1,1,3.1
3635,2024-07-11,13:12:00,Riverside,Bakery,Blueberry Muffin,3.25,1,3.25
3636,2024-07-11,16:12:00,Uptown Mall,Coffee,Mocha,4.75,1,4.75
3637,2024-07-11,12:53:00,Downtown,Coffee,Mocha,4.75,1,4.75
3638,2024-07-11,10:45:00,Riverside,Coffee,Americano,3.25,1,3.25
3639,2024-07-11,17:22:00,Uptown Mall,Coffee,Mocha,4.75,1,4.75
3640,2024-07-11,19:23:00,Uptown Mall,Coffee,Latte,4.25,1,4.25
3641,2024-07-11,10:21:00,Uptown Mall,Coffee,Cold Brew,4.5,1,4.5
3642,2024-07-11,13:22:00,Uptown Mall,Bakery,Blueberry Muffin,3.25,1,3.25
3643,2024-07-11,13:30:00,Downtown,Tea,Herbal Blend,3.1,3,9.3
3644,2024-07-11,06:25:00,Riverside,Coffee,Cold Brew,4.5,1,4.5
3645,2024-07-11,12:47:00,Uptown Mall,Coffee,Espresso,2.75,1,2.75
3646,2024-07-11,17:16:00,Downtown,Coffee,Cappuccino,4.0,1,4.0
3647,2024-07-11,19:16:00,Downtown,Coffee,Cold Brew,4.5,1,4.5
3648,2024-07-11,07:55:00,Downtown,Coffee,Americano,3.25,1,3.25
3649,2024-07-11,09:36:00,Riverside,Bakery,Blueberry Muffin,3.25,1,3.25
3650,2024-07-11,12:27:00,Uptown Mall,Coffee,Espresso,2.75,1,2.75
3651,2024-07-11,15:28:00,Riverside,Bakery,Croissant,3.5,1,3.5
3652,2024-07-12,06:02:00,Riverside,Coffee,Latte,4.25,1,4.25
3653,2024-07-12,17:02:00,Downtown,Coffee,Mocha,4.75,2,9.5
3654,2024-07-12,16:23:00,Downtown,Coffee,Espresso,2.75,2,5.5
3655,2024-07-12,12:22:00,Uptown Mall,Merchandise,Reusable Cup,9.0,1,9.0
3656,2024-07-12,19:28:00,Downtown,Coffee,Mocha,4.75,1,4.75
3657,2024-07-12,09:28:00,Uptown Mall,Coffee,Americano,3.25,1,3.25
3658,2024-07-12,15:12:00,Riverside,Bakery,Bagel,2.75,1,2.75
3659,2024-07-12,06:30:00,Downtown,Coffee,Americano,3.25,1,3.25
3660,2024-07-12,13:40:00,Downtown,Coffee,Espresso,2.75,3,8.25
3661,2024-07-12,18:35:00,Riverside,Coffee,Mocha,4.75,1,4.75
3662,2024-07-12,07:54:00,Downtown,Bakery,Chocolate Chip Cookie,2.5,1,2.5
3663,2024-07-12,07:19:00,Downtown,Coffee,Mocha,4.75,1,4.75
3664,2024-07-12,07:48:00,Uptown Mall,Bakery,Bagel,2.75,1,2.75
3665,2024-07-12,16:50:00,Uptown Mall,Coffee,Latte,4.25,3,12.75
3666,2024-07-12,11:17:00,Downtown,Bakery,Chocolate Chip Cookie,2.5,1,2.5
3667,2024-07-12,11:23:00,Downtown,Coffee,Cappuccino,4.0,1,4.0
3668,2024-07-12,16:14:00,Downtown,Bakery,Bagel,2.75,1,2.75
3669,2024-07-12,14:35:00,Uptown Mall,Coffee,Mocha,4.75,1,4.75
3670,2024-07-12,14:22:00,Downtown,Coffee,Latte,4.25,2,8.5
3671,2024-07-12,15:21:00,Uptown Mall,Coffee,Americano,3.25,1,3.25
3672,2024-07-12,07:46:00,Riverside,Bakery,Chocolate Chip Cookie,2.5,1,2.5
3673,2024-07-12,15:34:00,Downtown,Coffee,Espresso,2.75,1,2.75
3674,2024-07-12,08:06:00,Downtown,Coffee,Cold Brew,4.5,1,4.5
3675,2024-07-13,14:07:00,Riverside,Coffee,Espresso,2.75,1,2.75
3676,2024-07-13,19:14:00,Downtown,Coffee,Espresso,2.75,2,5.5
3677,2024-07-13,09:29:00,Riverside,Coffee,Cappuccino,4.0,1,4.0
3678,2024-07-13,10:48:00,Downtown,Tea,Chai Latte,4.1,1,4.1
3679,2024-07-13,15:47:00,Uptown Mall,Merchandise,Gift Card,25.0,1,25.0
3680,2024-07-13,07:31:00,Downtown,Coffee,Mocha,4.75,1,4.75
3681,2024-07-13,07:05:00,Uptown Mall,Tea,Green Tea,3.0,1,3.0
3682,2024-07-13,13:27:00,Downtown,Coffee,Cold Brew,4.5,1,4.5
3683,2024-07-13,15:31:00,Uptown Mall,Tea,Earl Grey,3.0,1,3.0
3684,2024-07-13,07:15:00,Riverside,Merchandise,Reusable Cup,9.0,1,9.0
3685,2024-07-13,06:53:00,Downtown,Bakery,Bagel,2.75,1,2.75
3686,2024-07-13,14:00:00,Riverside,Coffee,Espresso,2.75,1,2.75
3687,2024-07-13,06:16:00,Riverside,Bakery,Blueberry Muffin,3.25,2,6.5
3688,2024-07-13,08:05:00,Riverside,Bakery,Chocolate Chip Cookie,2.5,1,2.5
3689,2024-07-13,14:10:00,Downtown,Bakery,Croissant,3.5,1,3.5
3690,2024-07-13,19:56:00,Downtown,Bakery,Croissant,3.5,1,3.5
3691,2024-07-13,18:25:00,Downtown,Tea,Green Tea,3.0,1,3.0
3692,2024-07-13,15:59:00,Downtown,Coffee,Cappuccino,4.0,1,4.0
3693,2024-07-13,19:06:00,Downtown,Coffee,Cappuccino,4.0,1,4.0
3694,2024-07-13,09:18:00,Downtown,Coffee,Mocha,4.75,1,4.75
3695,2024-07-13,09:09:00,Uptown Mall,Tea,Green Tea,3.0,1,3.0
3696,2024-07-13,18:37:00,Uptown Mall,Coffee,Americano,3.25,1,3.25
3697,2024-07-13,09:39:00,Riverside,Coffee,Cold Brew,4.5,1,4.5
3698,2024-07-13,19:59:00,Uptown Mall,Coffee,Americano,3.25,1,3.25
3699,2024-07-13,14:38:00,Uptown Mall,Bakery,Bagel,2.75,1,2.75
3700,2024-07-13,07:14:00,Downtown,Tea,Earl Grey,3.0,1,3.0
3701,2024-07-14,13:18:00,Riverside,Tea,Chai Latte,4.1,1,4.1
3702,2024-07-14,09:29:00,Downtown,Tea,Chai Latte,4.1,1,4.1
3703,2024-07-14,12:24:00,Uptown Mall,Coffee,Mocha,4.75,2,9.5
3704,2024-07-14,16:55:00,Uptown Mall,Coffee,Cold Brew,4.5,1,4.5
3705,2024-07-14,15:41:00,Downtown,Coffee,Cold Brew,4.5,1,4.5
3706,2024-07-14,13:08:00,Riverside,Merchandise,Gift Card,25.0,3,75.0
3707,2024-07-14,15:45:00,Riverside,Bakery,Croissant,3.5,1,3.5
3708,2024-07-14,14:00:00,Downtown,Tea,Green Tea,3.0,2,6.0
3709,2024-07-14,13:41:00,Downtown,Coffee,Cappuccino,4.0,1,4.0
3710,2024-07-14,14:33:00,Downtown,Coffee,Cold Brew,4.5,1,4.5
3711,2024-07-14,15:15:00,Riverside,Tea,Herbal Blend,3.1,1,3.1
3712,2024-07-14,19:27:00,Downtown,Coffee,Cappuccino,4.0,1,4.0
3713,2024-07-14,16:17:00,Uptown Mall,Coffee,Mocha,4.75,1,4.75
3714,2024-07-14,08:21:00,Uptown Mall,Coffee,Americano,3.25,1,3.25
3715,2024-07-14,17:44:00,Uptown Mall,Merchandise,Gift Card,25.0,1,25.0
3716,2024-07-14,18:54:00,Riverside,Bakery,Chocolate Chip Cookie,2.5,1,2.5
3717,2024-07-14,19:55:00,Uptown Mall,Coffee,Cold Brew,4.5,1,4.5
3718,2024-07-14,13:00:00,Uptown Mall,Tea,Green Tea,3.0,1,3.0
3719,2024-07-14,09:23:00,Downtown,Tea,Chai Latte,4.1,1,4.1
3720,2024-07-14,19:30:00,Downtown,Bakery,Bagel,2.75,1,2.75
3721,2024-07-14,18:45:00,Downtown,Coffee,Cappuccino,4.0,1,4.0
3722,2024-07-14,10:09:00,Downtown,Tea,Chai Latte,4.1,2,8.2
3723,2024-07-14,08:37:00,Uptown Mall,Coffee,Cold Brew,4.5,1,4.5
3724,2024-07-14,16:47:00,Downtown,Coffee,Americano,3.25,1,3.25
3725,2024-07-14,16:13:00,Uptown Mall,Coffee,Cold Brew,4.5,1,4.5
3726,2024-07-14,15:06:00,Uptown Mall,Bakery,Bagel,2.75,1,2.75
3727,2024-07-14,11:36:00,Downtown,Coffee,Latte,4.25,1,4.25
3728,2024-07-14,08:27:00,Uptown Mall,Merchandise,Reusable Cup,9.0,1,9.0
3729,2024-07-14,06:56:00,Downtown,Tea,Earl Grey,3.0,1,3.0
3730,2024-07-15,09:18:00,Riverside,Tea,Green Tea,3.0,1,3.0
3731,2024-07-15,14:41:00,Uptown Mall,Coffee,Latte,4.25,1,4.25
3732,2024-07-15,17:17:00,Downtown,Coffee,Latte,4.25,1,4.25
3733,2024-07-15,08:46:00,Uptown Mall,Coffee,Cappuccino,4.0,1,4.0
3734,2024-07-15,19:30:00,Downtown,Merchandise,12oz Mug,12.0,1,12.0
3735,2024-07-15,19:16:00,Downtown,Coffee,Espresso,2.75,2,5.5
3736,2024-07-15,18:14:00,Riverside,Coffee,Mocha,4.75,1,4.75
3737,2024-07-15,06:46:00,Uptown Mall,Coffee,Cappuccino,4.0,1,4.0
3738,2024-07-15,09:19:00,Downtown,Coffee,Espresso,2.75,1,2.75
3739,2024-07-15,10:49:00,Riverside,Coffee,Espresso,2.75,1,2.75
3740,2024-07-15,19:56:00,Downtown,Bakery,Bagel,2.75,2,5.5
3741,2024-07-15,17:06:00,Downtown,Coffee,Espresso,2.75,2,5.5
3742,2024-07-15,14:15:00,Uptown Mall,Coffee,Espresso,2.75,1,2.75
3743,2024-07-15,12:51:00,Riverside,Bakery,Chocolate Chip Cookie,2.5,1,2.5
3744,2024-07-15,19:37:00,Uptown Mall,Coffee,Cappuccino,4.0,2,8.0
3745,2024-07-16,09:22:00,Uptown Mall,Coffee,Espresso,2.75,1,2.75
3746,2024-07-16,11:37:00,Downtown,Merchandise,Gift Card,25.0,2,50.0
3747,2024-07-16,12:28:00,Downtown,Coffee,Cold Brew,4.5,1,4.5
3748,2024-07-16,12:53:00,Riverside,Tea,Herbal Blend,3.1,1,3.1
3749,2024-07-16,11:11:00,Downtown,Bakery,Blueberry Muffin,3.25,1,3.25
3750,2024-07-16,09:53:00,Downtown,Bakery,Chocolate Chip Cookie,2.5,2,5.0
3751,2024-07-16,08:03:00,Riverside,Merchandise,Reusable Cup,9.0,1,9.0
3752,2024-07-16,09:12:00,Downtown,Merchandise,Gift Card,25.0,2,50.0
3753,2024-07-16,14:59:00,Downtown,Coffee,Cappuccino,4.0,1,4.0
3754,2024-07-16,11:24:00,Downtown,Tea,Chai Latte,4.1,1,4.1
3755,2024-07-16,15:10:00,Downtown,Tea,Green Tea,3.0,1,3.0
3756,2024-07-16,12:33:00,Riverside,Bakery,Bagel,2.75,1,2.75
3757,2024-07-16,08:22:00,Riverside,Coffee,Latte,4.25,2,8.5
3758,2024-07-16,06:38:00,Downtown,Bakery,Croissant,3.5,1,3.5
3759,2024-07-16,08:04:00,Riverside,Coffee,Mocha,4.75,3,14.25
3760,2024-07-16,18:29:00,Riverside,Coffee,Cold Brew,4.5,1,4.5
3761,2024-07-16,14:23:00,Downtown,Coffee,Latte,4.25,1,4.25
3762,2024-07-16,06:54:00,Downtown,Coffee,Cold Brew,4.5,1,4.5
3763,2024-07-16,17:55:00,Downtown,Tea,Earl Grey,3.0,1,3.0
3764,2024-07-16,12:45:00,Uptown Mall,Coffee,Americano,3.25,1,3.25
3765,2024-07-16,08:59:00,Riverside,Coffee,Cold Brew,4.5,1,4.5
3766,2024-07-16,09:41:00,Uptown Mall,Coffee,Cold Brew,4.5,1,4.5
3767,2024-07-17,19:01:00,Riverside,Bakery,Croissant,3.5,1,3.5
3768,2024-07-17,15:14:00,Riverside,Coffee,Cold Brew,4.5,1,4.5
3769,2024-07-17,15:24:00,Downtown,Bakery,Croissant,3.5,2,7.0
3770,2024-07-17,07:14:00,Riverside,Merchandise,Gift Card,25.0,2,50.0
3771,2024-07-17,09:19:00,Downtown,Coffee,Mocha,4.75,1,4.75
3772,2024-07-17,19:24:00,Downtown,Coffee,Americano,3.25,1,3.25
3773,2024-07-17,19:04:00,Uptown Mall,Coffee,Latte,4.25,1,4.25
3774,2024-07-17,08:36:00,Downtown,Bakery,Croissant,3.5,1,3.5
3775,2024-07-17,13:22:00,Riverside,Merchandise,Ground Coffee Bag,14.5,2,29.0
3776,2024-07-17,13:26:00,Downtown,Coffee,Mocha,4.75,1,4.75
3777,2024-07-17,07:52:00,Riverside,Bakery,Bagel,2.75,1,2.75
3778,2024-07-17,13:14:00,Uptown Mall,Coffee,Latte,4.25,2,8.5
3779,2024-07-17,16:59:00,Downtown,Tea,Chai Latte,4.1,2,8.2
3780,2024-07-17,18:27:00,Downtown,Coffee,Cold Brew,4.5,1,4.5
3781,2024-07-17,14:03:00,Uptown Mall,Coffee,Americano,3.25,1,3.25
3782,2024-07-17,17:41:00,Downtown,Coffee,Americano,3.25,1,3.25
3783,2024-07-17,13:16:00,Riverside,Bakery,Bagel,2.75,1,2.75
3784,2024-07-17,10:58:00,Downtown,Merchandise,12oz Mug,12.0,2,24.0
3785,2024-07-17,08:56:00,Downtown,Coffee,Cold Brew,4.5,1,4.5
3786,2024-07-17,07:16:00,Uptown Mall,Merchandise,Gift Card,25.0,1,25.0
3787,2024-07-17,19:10:00,Uptown Mall,Coffee,Americano,3.25,1,3.25
3788,2024-07-17,13:50:00,Riverside,Coffee,Espresso,2.75,1,2.75
3789,2024-07-17,10:14:00,Downtown,Bakery,Bagel,2.75,1,2.75
3790,2024-07-18,11:22:00,Uptown Mall,Coffee,Mocha,4.75,1,4.75
3791,2024-07-18,13:09:00,Uptown Mall,Coffee,Latte,4.25,2,8.5
3792,2024-07-18,08:25:00,Downtown,Bakery,Chocolate Chip Cookie,2.5,1,2.5
3793,2024-07-18,15:06:00,Downtown,Bakery,Bagel,2.75,1,2.75
3794,2024-07-18,12:43:00,Downtown,Coffee,Cold Brew,4.5,1,4.5
3795,2024-07-18,11:28:00,Riverside,Coffee,Cold Brew,4.5,1,4.5
3796,2024-07-18,16:43:00,Downtown,Bakery,Chocolate Chip Cookie,2.5,1,2.5
3797,2024-07-18,07:48:00,Riverside,Bakery,Bagel,2.75,1,2.75
3798,2024-07-18,10:08:00,Riverside,Merchandise,Ground Coffee Bag,14.5,1,14.5
3799,2024-07-18,09:16:00,Downtown,Coffee,Mocha,4.75,1,4.75
3800,2024-07-18,19:23:00,Uptown Mall,Tea,Herbal Blend,3.1,1,3.1
3801,2024-07-18,06:18:00,Downtown,Bakery,Blueberry Muffin,3.25,1,3.25
3802,2024-07-18,11:04:00,Uptown Mall,Bakery,Croissant,3.5,2,7.0
3803,2024-07-18,16:58:00,Riverside,Bakery,Blueberry Muffin,3.25,1,3.25
3804,2024-07-18,15:19:00,Uptown Mall,Coffee,Mocha,4.75,1,4.75
3805,2024-07-18,12:24:00,Downtown,Coffee,Latte,4.25,1,4.25
3806,2024-07-18,17:17:00,Downtown,Coffee,Latte,4.25,1,4.25
3807,2024-07-18,19:20:00,Downtown,Coffee,Cappuccino,4.0,1,4.0
3808,2024-07-18,16:31:00,Downtown,Bakery,Bagel,2.75,1,2.75
3809,2024-07-18,13:12:00,Downtown,Bakery,Croissant,3.5,1,3.5
3810,2024-07-18,07:39:00,Uptown Mall,Tea,Green Tea,3.0,1,3.0
3811,2024-07-19,08:21:00,Uptown Mall,Coffee,Latte,4.25,1,4.25
3812,2024-07-19,18:11:00,Downtown,Tea,Green Tea,3.0,3,9.0
3813,2024-07-19,12:19:00,Downtown,Coffee,Cold Brew,4.5,1,4.5
3814,2024-07-19,14:11:00,Downtown,Tea,Earl Grey,3.0,1,3.0
3815,2024-07-19,07:00:00,Downtown,Bakery,Chocolate Chip Cookie,2.5,1,2.5
3816,2024-07-19,16:28:00,Riverside,Bakery,Blueberry Muffin,3.25,1,3.25
3817,2024-07-19,12:37:00,Uptown Mall,Tea,Chai Latte,4.1,1,4.1
3818,2024-07-19,10:25:00,Downtown,Coffee,Mocha,4.75,1,4.75
3819,2024-07-19,06:54:00,Downtown,Merchandise,Gift Card,25.0,1,25.0
3820,2024-07-19,15:59:00,Riverside,Tea,Earl Grey,3.0,1,3.0
3821,2024-07-19,07:12:00,Downtown,Coffee,Americano,3.25,3,9.75
3822,2024-07-19,12:45:00,Downtown,Merchandise,12oz Mug,12.0,1,12.0
3823,2024-07-19,06:31:00,Riverside,Coffee,Espresso,2.75,1,2.75
3824,2024-07-19,18:26:00,Uptown Mall,Bakery,Bagel,2.75,1,2.75
3825,2024-07-19,17:11:00,Downtown,Merchandise,Gift Card,25.0,1,25.0
3826,2024-07-19,13:07:00,Riverside,Merchandise,12oz Mug,12.0,2,24.0
3827,2024-07-19,19:01:00,Riverside,Coffee,Latte,4.25,2,8.5
3828,2024-07-19,07:11:00,Riverside,Merchandise,Reusable Cup,9.0,1,9.0
3829,2024-07-19,09:07:00,Downtown,Coffee,Mocha,4.75,1,4.75
3830,2024-07-19,09:19:00,Downtown,Coffee,Americano,3.25,2,6.5
3831,2024-07-19,12:37:00,Downtown,Merchandise,Gift Card,25.0,1,25.0
3832,2024-07-20,08:34:00,Downtown,Coffee,Americano,3.25,1,3.25
3833,2024-07-20,15:51:00,Downtown,Coffee,Espresso,2.75,1,2.75
3834,2024-07-20,11:32:00,Downtown,Coffee,Espresso,2.75,1,2.75
3835,2024-07-20,19:14:00,Riverside,Tea,Earl Grey,3.0,1,3.0
3836,2024-07-20,08:02:00,Downtown,Bakery,Chocolate Chip Cookie,2.5,2,5.0
3837,2024-07-20,16:00:00,Uptown Mall,Coffee,Americano,3.25,1,3.25
3838,2024-07-20,10:28:00,Downtown,Tea,Green Tea,3.0,1,3.0
3839,2024-07-20,12:49:00,Riverside,Bakery,Bagel,2.75,1,2.75
3840,2024-07-20,06:29:00,Uptown Mall,Bakery,Bagel,2.75,1,2.75
3841,2024-07-20,19:01:00,Downtown,Coffee,Mocha,4.75,2,9.5
3842,2024-07-20,07:36:00,Uptown Mall,Bakery,Croissant,3.5,1,3.5
3843,2024-07-20,10:13:00,Downtown,Coffee,Cappuccino,4.0,1,4.0
3844,2024-07-20,12:50:00,Uptown Mall,Merchandise,Reusable Cup,9.0,1,9.0
3845,2024-07-20,17:57:00,Riverside,Coffee,Latte,4.25,1,4.25
3846,2024-07-20,08:14:00,Downtown,Coffee,Latte,4.25,1,4.25
3847,2024-07-20,16:34:00,Uptown Mall,Merchandise,Gift Card,25.0,1,25.0
3848,2024-07-20,06:26:00,Downtown,Coffee,Espresso,2.75,1,2.75
3849,2024-07-20,06:14:00,Riverside,Bakery,Blueberry Muffin,3.25,1,3.25
3850,2024-07-20,11:53:00,Uptown Mall,Coffee,Americano,3.25,1,3.25
3851,2024-07-20,06:29:00,Downtown,Coffee,Latte,4.25,1,4.25
3852,2024-07-21,08:56:00,Downtown,Coffee,Mocha,4.75,1,4.75
3853,2024-07-21,12:08:00,Uptown Mall,Coffee,Mocha,4.75,1,4.75
3854,2024-07-21,09:49:00,Riverside,Coffee,Cold Brew,4.5,1,4.5
3855,2024-07-21,11:17:00,Riverside,Coffee,Cold Brew,4.5,1,4.5
3856,2024-07-21,10:40:00,Uptown Mall,Coffee,Cold Brew,4.5,1,4.5
3857,2024-07-21,17:44:00,Riverside,Coffee,Espresso,2.75,2,5.5
3858,2024-07-21,07:58:00,Downtown,Tea,Earl Grey,3.0,2,6.0
3859,2024-07-21,18:32:00,Downtown,Coffee,Mocha,4.75,1,4.75
3860,2024-07-21,16:29:00,Uptown Mall,Coffee,Latte,4.25,1,4.25
3861,2024-07-21,16:28:00,Riverside,Tea,Chai Latte,4.1,1,4.1
3862,2024-07-21,14:33:00,Riverside,Bakery,Croissant,3.5,1,3.5
3863,2024-07-21,08:36:00,Uptown Mall,Coffee,Cappuccino,4.0,1,4.0
3864,2024-07-21,13:40:00,Riverside,Coffee,Latte,4.25,1,4.25
3865,2024-07-21,10:46:00,Downtown,Bakery,Chocolate Chip Cookie,2.5,1,2.5
3866,2024-07-21,09:15:00,Uptown Mall,Coffee,Cappuccino,4.0,2,8.0
3867,2024-07-21,15:57:00,Downtown,Coffee,Espresso,2.75,1,2.75
3868,2024-07-21,10:00:00,Riverside,Tea,Earl Grey,3.0,1,3.0
3869,2024-07-21,18:49:00,Downtown,Bakery,Croissant,3.5,1,3.5
3870,2024-07-22,15:16:00,Riverside,Coffee,Americano,3.25,1,3.25
3871,2024-07-22,11:19:00,Riverside,Coffee,Latte,4.25,2,8.5
3872,2024-07-22,15:52:00,Downtown,Tea,Chai Latte,4.1,1,4.1
3873,2024-07-22,18:44:00,Downtown,Merchandise,Gift Card,25.0,1,25.0
3874,2024-07-22,13:14:00,Downtown,Bakery,Chocolate Chip Cookie,2.5,1,2.5
3875,2024-07-22,16:05:00,Riverside,Bakery,Blueberry Muffin,3.25,1,3.25
3876,2024-07-22,17:18:00,Downtown,Merchandise,Gift Card,25.0,1,25.0
3877,2024-07-22,07:31:00,Uptown Mall,Tea,Green Tea,3.0,1,3.0
3878,2024-07-22,12:08:00,Downtown,Coffee,Americano,3.25,1,3.25
3879,2024-07-22,07:21:00,Uptown Mall,Coffee,Cappuccino,4.0,1,4.0
3880,2024-07-22,15:05:00,Uptown Mall,Coffee,Mocha,4.75,1,4.75
3881,2024-07-22,14:46:00,Downtown,Bakery,Chocolate Chip Cookie,2.5,1,2.5
3882,2024-07-22,19:40:00,Riverside,Coffee,Latte,4.25,1,4.25
3883,2024-07-22,14:01:00,Riverside,Coffee,Americano,3.25,1,3.25
3884,2024-07-22,12:37:00,Downtown,Bakery,Chocolate Chip Cookie,2.5,1,2.5
3885,2024-07-22,19:26:00,Downtown,Coffee,Espresso,2.75,1,2.75
3886,2024-07-22,17:04:00,Riverside,Merchandise,12oz Mug,12.0,2,24.0
3887,2024-07-23,07:06:00,Riverside,Bakery,Croissant,3.5,1,3.5
3888,2024-07-23,10:05:00,Uptown Mall,Merchandise,12oz Mug,12.0,1,12.0
3889,2024-07-23,15:14:00,Downtown,Coffee,Espresso,2.75,1,2.75
3890,2024-07-23,06:30:00,Uptown Mall,Coffee,Mocha,4.75,1,4.75
3891,2024-07-23,11:02:00,Riverside,Bakery,Croissant,3.5,1,3.5
3892,2024-07-23,14:03:00,Riverside,Coffee,Cappuccino,4.0,1,4.0
3893,2024-07-23,06:12:00,Downtown,Coffee,Mocha,4.75,2,9.5
3894,2024-07-23,17:04:00,Uptown Mall,Coffee,Cappuccino,4.0,1,4.0
3895,2024-07-23,06:57:00,Uptown Mall,Coffee,Cold Brew,4.5,2,9.0
3896,2024-07-23,17:12:00,Uptown Mall,Tea,Herbal Blend,3.1,1,3.1
3897,2024-07-23,12:08:00,Uptown Mall,Tea,Herbal Blend,3.1,1,3.1
3898,2024-07-23,16:02:00,Riverside,Bakery,Chocolate Chip Cookie,2.5,2,5.0
3899,2024-07-23,12:30:00,Downtown,Coffee,Mocha,4.75,1,4.75
3900,2024-07-24,16:43:00,Downtown,Bakery,Blueberry Muffin,3.25,1,3.25
3901,2024-07-24,08:29:00,Riverside,Bakery,Croissant,3.5,1,3.5
3902,2024-07-24,16:21:00,Downtown,Coffee,Cappuccino,4.0,1,4.0
3903,2024-07-24,16:10:00,Downtown,Coffee,Cold Brew,4.5,1,4.5
3904,2024-07-24,10:39:00,Riverside,Coffee,Cappuccino,4.0,1,4.0
3905,2024-07-24,11:31:00,Riverside,Coffee,Cappuccino,4.0,1,4.0
3906,2024-07-24,16:38:00,Riverside,Bakery,Blueberry Muffin,3.25,1,3.25
3907,2024-07-24,11:38:00,Uptown Mall,Merchandise,Ground Coffee Bag,14.5,1,14.5
3908,2024-07-24,13:14:00,Uptown Mall,Coffee,Americano,3.25,1,3.25
3909,2024-07-24,06:51:00,Uptown Mall,Coffee,Latte,4.25,1,4.25
3910,2024-07-24,07:21:00,Uptown Mall,Coffee,Americano,3.25,2,6.5
3911,2024-07-24,12:20:00,Uptown Mall,Bakery,Chocolate Chip Cookie,2.5,1,2.5
3912,2024-07-25,17:08:00,Riverside,Coffee,Espresso,2.75,1,2.75
3913,2024-07-25,08:57:00,Riverside,Bakery,Croissant,3.5,1,3.5
3914,2024-07-25,13:49:00,Riverside,Merchandise,Gift Card,25.0,1,25.0
3915,2024-07-25,19:21:00,Riverside,Tea,Chai Latte,4.1,1,4.1
3916,2024-07-25,15:32:00,Downtown,Coffee,Mocha,4.75,1,4.75
3917,2024-07-25,14:59:00,Riverside,Coffee,Cold Brew,4.5,2,9.0
3918,2024-07-25,07:20:00,Downtown,Coffee,Cappuccino,4.0,1,4.0
3919,2024-07-25,13:40:00,Riverside,Merchandise,Gift Card,25.0,1,25.0
3920,2024-07-25,08:33:00,Downtown,Coffee,Latte,4.25,1,4.25
3921,2024-07-25,13:55:00,Riverside,Coffee,Mocha,4.75,1,4.75
3922,2024-07-25,11:27:00,Downtown,Coffee,Latte,4.25,1,4.25
3923,2024-07-25,10:46:00,Downtown,Coffee,Mocha,4.75,1,4.75
3924,2024-07-25,09:03:00,Riverside,Bakery,Bagel,2.75,1,2.75
3925,2024-07-25,14:08:00,Downtown,Merchandise,Reusable Cup,9.0,1,9.0
3926,2024-07-26,15:33:00,Uptown Mall,Tea,Chai Latte,4.1,1,4.1
3927,2024-07-26,15:05:00,Uptown Mall,Coffee,Americano,3.25,1,3.25
3928,2024-07-26,08:04:00,Downtown,Tea,Chai Latte,4.1,1,4.1
3929,2024-07-26,18:40:00,Uptown Mall,Coffee,Latte,4.25,1,4.25
3930,2024-07-26,16:11:00,Uptown Mall,Coffee,Cappuccino,4.0,1,4.0
3931,2024-07-26,18:35:00,Downtown,Coffee,Cold Brew,4.5,1,4.5
3932,2024-07-26,09:56:00,Downtown,Tea,Green Tea,3.0,1,3.0
3933,2024-07-26,16:37:00,Uptown Mall,Coffee,Espresso,2.75,1,2.75
3934,2024-07-26,12:59:00,Downtown,Bakery,Blueberry Muffin,3.25,1,3.25
3935,2024-07-26,08:30:00,Uptown Mall,Bakery,Croissant,3.5,1,3.5
3936,2024-07-26,14:50:00,Riverside,Coffee,Mocha,4.75,1,4.75
3937,2024-07-26,09:36:00,Downtown,Tea,Chai Latte,4.1,1,4.1
3938,2024-07-26,12:50:00,Riverside,Coffee,Americano,3.25,1,3.25
3939,2024-07-26,09:13:00,Riverside,Bakery,Croissant,3.5,1,3.5
3940,2024-07-27,08:04:00,Downtown,Tea,Green Tea,3.0,1,3.0
3941,2024-07-27,14:27:00,Riverside,Bakery,Chocolate Chip Cookie,2.5,1,2.5
3942,2024-07-27,07:26:00,Uptown Mall,Bakery,Croissant,3.5,1,3.5
3943,2024-07-27,08:55:00,Downtown,Bakery,Chocolate Chip Cookie,2.5,1,2.5
3944,2024-07-27,13:39:00,Riverside,Coffee,Mocha,4.75,1,4.75
3945,2024-07-27,07:17:00,Riverside,Coffee,Latte,4.25,1,4.25
3946,2024-07-27,07:42:00,Uptown Mall,Tea,Chai Latte,4.1,1,4.1
3947,2024-07-27,17:54:00,Riverside,Coffee,Cold Brew,4.5,1,4.5
3948,2024-07-27,08:08:00,Uptown Mall,Coffee,Espresso,2.75,1,2.75
3949,2024-07-27,14:36:00,Downtown,Merchandise,Gift Card,25.0,1,25.0
3950,2024-07-27,07:30:00,Downtown,Coffee,Espresso,2.75,2,5.5
3951,2024-07-27,18:32:00,Downtown,Coffee,Cappuccino,4.0,1,4.0
3952,2024-07-27,12:38:00,Riverside,Coffee,Latte,4.25,2,8.5
3953,2024-07-27,12:24:00,Uptown Mall,Coffee,Mocha,4.75,1,4.75
3954,2024-07-27,08:08:00,Uptown Mall,Coffee,Cold Brew,4.5,2,9.0
3955,2024-07-27,17:29:00,Riverside,Bakery,Croissant,3.5,1,3.5
3956,2024-07-27,08:06:00,Downtown,Merchandise,Reusable Cup,9.0,1,9.0
3957,2024-07-27,14:55:00,Uptown Mall,Tea,Earl Grey,3.0,1,3.0
3958,2024-07-27,09:00:00,Riverside,Bakery,Chocolate Chip Cookie,2.5,3,7.5
3959,2024-07-27,07:35:00,Downtown,Coffee,Cappuccino,4.0,1,4.0
3960,2024-07-28,15:29:00,Uptown Mall,Merchandise,12oz Mug,12.0,2,24.0
3961,2024-07-28,11:46:00,Riverside,Coffee,Latte,4.25,2,8.5
3962,2024-07-28,07:04:00,Uptown Mall,Coffee,Cold Brew,4.5,1,4.5
3963,2024-07-28,12:37:00,Riverside,Coffee,Cold Brew,4.5,1,4.5
3964,2024-07-28,09:07:00,Downtown,Bakery,Blueberry Muffin,3.25,1,3.25
3965,2024-07-28,16:03:00,Downtown,Coffee,Latte,4.25,2,8.5
3966,2024-07-28,13:57:00,Uptown Mall,Coffee,Americano,3.25,2,6.5
3967,2024-07-28,12:17:00,Downtown,Coffee,Latte,4.25,3,12.75
3968,2024-07-28,11:36:00,Riverside,Merchandise,Reusable Cup,9.0,1,9.0
3969,2024-07-28,11:59:00,Downtown,Merchandise,Ground Coffee Bag,14.5,2,29.0
3970,2024-07-28,09:18:00,Downtown,Merchandise,Gift Card,25.0,1,25.0
3971,2024-07-28,14:50:00,Uptown Mall,Bakery,Croissant,3.5,1,3.5
3972,2024-07-28,15:58:00,Uptown Mall,Bakery,Bagel,2.75,1,2.75
3973,2024-07-28,19:24:00,Uptown Mall,Coffee,Americano,3.25,1,3.25
3974,2024-07-28,10:01:00,Downtown,Tea,Herbal Blend,3.1,1,3.1
3975,2024-07-29,17:12:00,Riverside,Bakery,Chocolate Chip Cookie,2.5,1,2.5
3976,2024-07-29,07:50:00,Riverside,Coffee,Mocha,4.75,1,4.75
3977,2024-07-29,13:08:00,Uptown Mall,Bakery,Chocolate Chip Cookie,2.5,1,2.5
3978,2024-07-29,11:30:00,Uptown Mall,Merchandise,Gift Card,25.0,2,50.0
3979,2024-07-29,14:07:00,Uptown Mall,Coffee,Mocha,4.75,1,4.75
3980,2024-07-29,12:53:00,Downtown,Bakery,Croissant,3.5,1,3.5
3981,2024-07-29,11:39:00,Riverside,Merchandise,Reusable Cup,9.0,1,9.0
3982,2024-07-29,17:18:00,Riverside,Bakery,Chocolate Chip Cookie,2.5,1,2.5
3983,2024-07-29,06:10:00,Riverside,Merchandise,Gift Card,25.0,1,25.0
3984,2024-07-29,09:57:00,Downtown,Tea,Earl Grey,3.0,3,9.0
3985,2024-07-29,10:32:00,Riverside,Coffee,Mocha,4.75,1,4.75
3986,2024-07-29,13:39:00,Uptown Mall,Bakery,Chocolate Chip Cookie,2.5,1,2.5
3987,2024-07-29,12:07:00,Downtown,Coffee,Americano,3.25,2,6.5
3988,2024-07-29,14:51:00,Uptown Mall,Coffee,Latte,4.25,1,4.25
3989,2024-07-29,13:07:00,Downtown,Merchandise,Ground Coffee Bag,14.5,1,14.5
3990,2024-07-29,12:11:00,Uptown Mall,Coffee,Mocha,4.75,2,9.5
3991,2024-07-29,17:23:00,Riverside,Coffee,Cold Brew,4.5,2,9.0
3992,2024-07-29,08:27:00,Uptown Mall,Bakery,Blueberry Muffin,3.25,1,3.25
3993,2024-07-29,09:21:00,Downtown,Bakery,Blueberry Muffin,3.25,2,6.5
3994,2024-07-29,17:53:00,Riverside,Coffee,Espresso,2.75,1,2.75
3995,2024-07-30,18:36:00,Uptown Mall,Merchandise,Gift Card,25.0,1,25.0
3996,2024-07-30,10:13:00,Uptown Mall,Merchandise,Reusable Cup,9.0,1,9.0
3997,2024-07-30,11:28:00,Riverside,Coffee,Cold Brew,4.5,1,4.5
3998,2024-07-30,13:07:00,Downtown,Coffee,Cappuccino,4.0,1,4.0
3999,2024-07-30,16:55:00,Downtown,Coffee,Espresso,2.75,1,2.75
4000,2024-07-30,14:12:00,Riverside,Coffee,Americano,3.25,1,3.25
4001,2024-07-30,12:31:00,Uptown Mall,Coffee,Americano,3.25,1,3.25
4002,2024-07-30,19:20:00,Downtown,Merchandise,Reusable Cup,9.0,1,9.0
4003,2024-07-30,09:58:00,Downtown,Coffee,Americano,3.25,1,3.25
4004,2024-07-30,07:30:00,Downtown,Tea,Earl Grey,3.0,1,3.0
4005,2024-07-30,13:47:00,Downtown,Coffee,Cold Brew,4.5,1,4.5
4006,2024-07-30,09:00:00,Downtown,Coffee,Mocha,4.75,1,4.75
4007,2024-07-30,19:12:00,Downtown,Coffee,Cold Brew,4.5,1,4.5
4008,2024-07-30,11:38:00,Riverside,Coffee,Mocha,4.75,1,4.75
4009,2024-07-31,09:16:00,Uptown Mall,Coffee,Mocha,4.75,1,4.75
4010,2024-07-31,17:57:00,Riverside,Bakery,Croissant,3.5,2,7.0
4011,2024-07-31,19:29:00,Downtown,Coffee,Espresso,2.75,1,2.75
4012,2024-07-31,16:44:00,Downtown,Bakery,Croissant,3.5,3,10.5
4013,2024-07-31,14:46:00,Downtown,Bakery,Bagel,2.75,3,8.25
4014,2024-07-31,19:00:00,Uptown Mall,Coffee,Americano,3.25,1,3.25
4015,2024-07-31,14:55:00,Uptown Mall,Bakery,Bagel,2.75,1,2.75
4016,2024-07-31,06:45:00,Downtown,Coffee,Cappuccino,4.0,1,4.0
4017,2024-07-31,19:18:00,Riverside,Bakery,Bagel,2.75,1,2.75
4018,2024-07-31,14:05:00,Downtown,Bakery,Croissant,3.5,1,3.5
4019,2024-07-31,19:55:00,Downtown,Coffee,Americano,3.25,2,6.5
4020,2024-07-31,11:09:00,Downtown,Coffee,Espresso,2.75,1,2.75
4021,2024-07-31,18:06:00,Uptown Mall,Coffee,Espresso,2.75,2,5.5
4022,2024-07-31,10:54:00,Downtown,Coffee,Cold Brew,4.5,1,4.5
4023,2024-08-01,18:02:00,Downtown,Bakery,Bagel,2.75,1,2.75
4024,2024-08-01,14:13:00,Uptown Mall,Bakery,Croissant,3.5,1,3.5
4025,2024-08-01,15:30:00,Downtown,Bakery,Blueberry Muffin,3.25,1,3.25
4026,2024-08-01,16:08:00,Uptown Mall,Tea,Green Tea,3.0,1,3.0
4027,2024-08-01,17:57:00,Downtown,Coffee,Latte,4.25,1,4.25
4028,2024-08-01,08:20:00,Uptown Mall,Bakery,Croissant,3.5,1,3.5
4029,2024-08-01,14:38:00,Riverside,Bakery,Blueberry Muffin,3.25,1,3.25
4030,2024-08-01,12:26:00,Downtown,Coffee,Americano,3.25,1,3.25
4031,2024-08-01,12:02:00,Uptown Mall,Coffee,Cold Brew,4.5,1,4.5
4032,2024-08-01,06:17:00,Downtown,Tea,Earl Grey,3.0,2,6.0
4033,2024-08-01,13:04:00,Uptown Mall,Coffee,Espresso,2.75,1,2.75
4034,2024-08-01,19:18:00,Riverside,Coffee,Latte,4.25,1,4.25
4035,2024-08-01,16:15:00,Riverside,Tea,Earl Grey,3.0,1,3.0
4036,2024-08-01,16:26:00,Downtown,Bakery,Blueberry Muffin,3.25,1,3.25
4037,2024-08-01,07:24:00,Downtown,Tea,Green Tea,3.0,3,9.0
4038,2024-08-01,09:19:00,Riverside,Coffee,Cappuccino,4.0,1,4.0
4039,2024-08-02,11:19:00,Uptown Mall,Coffee,Latte,4.25,1,4.25
4040,2024-08-02,16:20:00,Downtown,Coffee,Cold Brew,4.5,1,4.5
4041,2024-08-02,11:29:00,Downtown,Coffee,Cold Brew,4.5,2,9.0
4042,2024-08-02,10:18:00,Uptown Mall,Merchandise,12oz Mug,12.0,3,36.0
4043,2024-08-02,07:11:00,Riverside,Coffee,Latte,4.25,2,8.5
4044,2024-08-02,08:46:00,Riverside,Coffee,Latte,4.25,1,4.25
4045,2024-08-02,19:24:00,Downtown,Tea,Earl Grey,3.0,1,3.0
4046,2024-08-02,10:42:00,Downtown,Coffee,Latte,4.25,1,4.25
4047,2024-08-02,08:58:00,Downtown,Tea,Green Tea,3.0,1,3.0
4048,2024-08-02,18:36:00,Uptown Mall,Coffee,Espresso,2.75,1,2.75
4049,2024-08-02,17:24:00,Riverside,Coffee,Cappuccino,4.0,1,4.0
4050,2024-08-02,10:02:00,Uptown Mall,Coffee,Espresso,2.75,1,2.75
4051,2024-08-02,14:28:00,Downtown,Merchandise,Ground Coffee Bag,14.5,1,14.5
4052,2024-08-02,17:01:00,Downtown,Tea,Herbal Blend,3.1,1,3.1
4053,2024-08-02,11:44:00,Downtown,Coffee,Cold Brew,4.5,1,4.5
4054,2024-08-02,16:02:00,Downtown,Tea,Chai Latte,4.1,1,4.1
4055,2024-08-02,15:26:00,Downtown,Bakery,Blueberry Muffin,3.25,1,3.25
4056,2024-08-02,06:16:00,Downtown,Coffee,Cappuccino,4.0,1,4.0
4057,2024-08-02,17:02:00,Riverside,Tea,Green Tea,3.0,1,3.0
4058,2024-08-02,11:18:00,Riverside,Coffee,Latte,4.25,3,12.75
4059,2024-08-02,09:13:00,Uptown Mall,Coffee,Espresso,2.75,1,2.75
4060,2024-08-03,12:40:00,Riverside,Coffee,Cappuccino,4.0,1,4.0
4061,2024-08-03,18:12:00,Downtown,Merchandise,Ground Coffee Bag,14.5,1,14.5
4062,2024-08-03,13:16:00,Uptown Mall,Tea,Chai Latte,4.1,1,4.1
4063,2024-08-03,17:24:00,Downtown,Coffee,Americano,3.25,2,6.5
4064,2024-08-03,16:21:00,Uptown Mall,Coffee,Latte,4.25,2,8.5
4065,2024-08-03,12:52:00,Downtown,Coffee,Mocha,4.75,2,9.5
4066,2024-08-03,19:03:00,Downtown,Coffee,Cold Brew,4.5,1,4.5
4067,2024-08-03,11:16:00,Downtown,Bakery,Bagel,2.75,1,2.75
4068,2024-08-03,14:59:00,Downtown,Bakery,Chocolate Chip Cookie,2.5,1,2.5
4069,2024-08-03,13:21:00,Riverside,Coffee,Latte,4.25,1,4.25
4070,2024-08-03,09:01:00,Riverside,Coffee,Cold Brew,4.5,2,9.0
4071,2024-08-03,15:36:00,Uptown Mall,Coffee,Espresso,2.75,1,2.75
4072,2024-08-03,18:38:00,Riverside,Coffee,Mocha,4.75,1,4.75
4073,2024-08-03,14:17:00,Riverside,Coffee,Americano,3.25,2,6.5
4074,2024-08-03,15:09:00,Uptown Mall,Merchandise,12oz Mug,12.0,1,12.0
4075,2024-08-03,07:01:00,Uptown Mall,Coffee,Mocha,4.75,1,4.75
4076,2024-08-03,11:25:00,Downtown,Coffee,Espresso,2.75,1,2.75
4077,2024-08-03,19:49:00,Uptown Mall,Coffee,Americano,3.25,1,3.25
4078,2024-08-03,12:18:00,Uptown Mall,Merchandise,Gift Card,25.0,1,25.0
4079,2024-08-03,09:04:00,Downtown,Coffee,Espresso,2.75,1,2.75
4080,2024-08-03,17:16:00,Downtown,Bakery,Blueberry Muffin,3.25,1,3.25
4081,2024-08-03,11:17:00,Uptown Mall,Bakery,Blueberry Muffin,3.25,1,3.25
4082,2024-08-03,12:14:00,Uptown Mall,Coffee,Mocha,4.75,1,4.75
4083,2024-08-03,16:17:00,Riverside,Tea,Earl Grey,3.0,1,3.0
4084,2024-08-04,15:00:00,Downtown,Coffee,Cappuccino,4.0,1,4.0
4085,2024-08-04,06:09:00,Downtown,Coffee,Mocha,4.75,1,4.75
4086,2024-08-04,06:04:00,Downtown,Bakery,Blueberry Muffin,3.25,2,6.5
4087,2024-08-04,13:54:00,Riverside,Coffee,Cold Brew,4.5,1,4.5
4088,2024-08-04,17:46:00,Downtown,Coffee,Espresso,2.75,1,2.75
4089,2024-08-04,09:18:00,Downtown,Tea,Earl Grey,3.0,1,3.0
4090,2024-08-04,14:32:00,Uptown Mall,Merchandise,Ground Coffee Bag,14.5,1,14.5
4091,2024-08-04,11:42:00,Uptown Mall,Coffee,Latte,4.25,1,4.25
4092,2024-08-04,10:08:00,Downtown,Tea,Earl Grey,3.0,1,3.0
4093,2024-08-04,06:24:00,Downtown,Coffee,Mocha,4.75,1,4.75
4094,2024-08-04,14:07:00,Uptown Mall,Coffee,Espresso,2.75,1,2.75
4095,2024-08-04,07:19:00,Downtown,Coffee,Mocha,4.75,2,9.5
4096,2024-08-04,17:55:00,Downtown,Coffee,Cold Brew,4.5,1,4.5
4097,2024-08-04,19:32:00,Uptown Mall,Bakery,Chocolate Chip Cookie,2.5,1,2.5
4098,2024-08-04,07:12:00,Downtown,Tea,Herbal Blend,3.1,2,6.2
4099,2024-08-04,13:09:00,Riverside,Tea,Earl Grey,3.0,1,3.0
4100,2024-08-04,17:14:00,Downtown,Bakery,Chocolate Chip Cookie,2.5,1,2.5
4101,2024-08-04,16:43:00,Downtown,Bakery,Blueberry Muffin,3.25,1,3.25
4102,2024-08-04,14:52:00,Riverside,Coffee,Espresso,2.75,1,2.75
4103,2024-08-04,19:45:00,Riverside,Bakery,Blueberry Muffin,3.25,1,3.25
4104,2024-08-05,15:30:00,Riverside,Tea,Chai Latte,4.1,1,4.1
4105,2024-08-05,18:23:00,Downtown,Coffee,Americano,3.25,1,3.25
4106,2024-08-05,09:25:00,Downtown,Coffee,Cold Brew,4.5,3,13.5
4107,2024-08-05,06:23:00,Downtown,Coffee,Americano,3.25,1,3.25
4108,2024-08-05,17:13:00,Downtown,Coffee,Latte,4.25,1,4.25
4109,2024-08-05,08:36:00,Downtown,Coffee,Espresso,2.75,1,2.75
4110,2024-08-05,09:10:00,Riverside,Merchandise,Ground Coffee Bag,14.5,1,14.5
4111,2024-08-05,06:06:00,Riverside,Coffee,Americano,3.25,1,3.25
4112,2024-08-05,10:41:00,Downtown,Merchandise,Gift Card,25.0,1,25.0
4113,2024-08-05,13:19:00,Downtown,Bakery,Croissant,3.5,1,3.5
4114,2024-08-05,08:11:00,Uptown Mall,Coffee,Americano,3.25,2,6.5
4115,2024-08-05,14:28:00,Downtown,Coffee,Cold Brew,4.5,1,4.5
4116,2024-08-05,13:48:00,Downtown,Coffee,Cappuccino,4.0,1,4.0
4117,2024-08-05,15:40:00,Uptown Mall,Bakery,Croissant,3.5,1,3.5
4118,2024-08-05,06:34:00,Uptown Mall,Bakery,Bagel,2.75,2,5.5
4119,2024-08-05,07:07:00,Downtown,Coffee,Cold Brew,4.5,1,4.5
4120,2024-08-06,10:02:00,Downtown,Coffee,Latte,4.25,2,8.5
4121,2024-08-06,10:49:00,Downtown,Tea,Green Tea,3.0,1,3.0
4122,2024-08-06,14:11:00,Downtown,Bakery,Chocolate Chip Cookie,2.5,2,5.0
4123,2024-08-06,15:05:00,Riverside,Coffee,Cappuccino,4.0,1,4.0
4124,2024-08-06,11:50:00,Downtown,Tea,Herbal Blend,3.1,1,3.1
4125,2024-08-06,18:56:00,Riverside,Tea,Herbal Blend,3.1,1,3.1
4126,2024-08-06,14:04:00,Downtown,Coffee,Mocha,4.75,2,9.5
4127,2024-08-06,18:38:00,Uptown Mall,Coffee,Americano,3.25,2,6.5
4128,2024-08-06,06:40:00,Uptown Mall,Tea,Herbal Blend,3.1,1,3.1
4129,2024-08-06,19:30:00,Downtown,Coffee,Latte,4.25,1,4.25
4130,2024-08-06,10:30:00,Riverside,Coffee,Americano,3.25,1,3.25
4131,2024-08-06,09:40:00,Downtown,Bakery,Blueberry Muffin,3.25,1,3.25
4132,2024-08-06,13:26:00,Uptown Mall,Coffee,Cappuccino,4.0,1,4.0
4133,2024-08-06,07:32:00,Downtown,Coffee,Latte,4.25,1,4.25
4134,2024-08-06,17:08:00,Riverside,Bakery,Chocolate Chip Cookie,2.5,1,2.5
4135,2024-08-06,11:53:00,Riverside,Coffee,Espresso,2.75,1,2.75
4136,2024-08-06,08:21:00,Uptown Mall,Coffee,Latte,4.25,1,4.25
4137,2024-08-06,10:05:00,Riverside,Bakery,Bagel,2.75,2,5.5
4138,2024-08-06,09:02:00,Riverside,Bakery,Bagel,2.75,1,2.75
4139,2024-08-07,18:28:00,Uptown Mall,Coffee,Latte,4.25,2,8.5
4140,2024-08-07,08:19:00,Downtown,Coffee,Espresso,2.75,1,2.75
4141,2024-08-07,06:51:00,Uptown Mall,Bakery,Chocolate Chip Cookie,2.5,1,2.5
4142,2024-08-07,13:20:00,Downtown,Merchandise,Ground Coffee Bag,14.5,1,14.5
4143,2024-08-07,10:06:00,Uptown Mall,Coffee,Mocha,4.75,2,9.5
4144,2024-08-07,10:29:00,Downtown,Coffee,Espresso,2.75,1,2.75
4145,2024-08-07,09:27:00,Downtown,Coffee,Latte,4.25,1,4.25
4146,2024-08-07,06:31:00,Downtown,Coffee,Cold Brew,4.5,1,4.5
4147,2024-08-07,15:52:00,Riverside,Bakery,Bagel,2.75,2,5.5
4148,2024-08-07,14:35:00,Downtown,Coffee,Cappuccino,4.0,1,4.0
4149,2024-08-07,09:27:00,Downtown,Coffee,Mocha,4.75,1,4.75
4150,2024-08-07,15:03:00,Downtown,Merchandise,Reusable Cup,9.0,1,9.0
4151,2024-08-07,15:31:00,Uptown Mall,Coffee,Cappuccino,4.0,1,4.0
4152,2024-08-07,15:37:00,Uptown Mall,Coffee,Mocha,4.75,2,9.5
4153,2024-08-07,19:13:00,Downtown,Coffee,Cold Brew,4.5,1,4.5
4154,2024-08-07,13:03:00,Downtown,Coffee,Mocha,4.75,1,4.75
4155,2024-08-07,11:15:00,Uptown Mall,Coffee,Cappuccino,4.0,1,4.0
4156,2024-08-07,12:45:00,Uptown Mall,Bakery,Croissant,3.5,1,3.5
4157,2024-08-07,07:52:00,Uptown Mall,Merchandise,12oz Mug,12.0,1,12.0
4158,2024-08-07,15:47:00,Downtown,Coffee,Cold Brew,4.5,1,4.5
4159,2024-08-07,17:41:00,Downtown,Tea,Green Tea,3.0,1,3.0
4160,2024-08-07,08:40:00,Downtown,Tea,Earl Grey,3.0,1,3.0
4161,2024-08-08,10:31:00,Downtown,Bakery,Bagel,2.75,2,5.5
4162,2024-08-08,06:47:00,Downtown,Bakery,Croissant,3.5,1,3.5
4163,2024-08-08,19:25:00,Downtown,Tea,Earl Grey,3.0,1,3.0
4164,2024-08-08,12:14:00,Uptown Mall,Coffee,Cappuccino,4.0,2,8.0
4165,2024-08-08,19:27:00,Riverside,Coffee,Mocha,4.75,1,4.75
4166,2024-08-08,17:58:00,Riverside,Bakery,Chocolate Chip Cookie,2.5,1,2.5
4167,2024-08-08,09:42:00,Downtown,Coffee,Mocha,4.75,2,9.5
4168,2024-08-08,17:15:00,Downtown,Merchandise,Gift Card,25.0,1,25.0
4169,2024-08-08,12:06:00,Downtown,Tea,Green Tea,3.0,1,3.0
4170,2024-08-08,16:18:00,Downtown,Coffee,Cold Brew,4.5,1,4.5
4171,2024-08-08,06:29:00,Riverside,Coffee,Americano,3.25,1,3.25
4172,2024-08-08,14:45:00,Riverside,Coffee,Espresso,2.75,1,2.75
4173,2024-08-08,14:09:00,Riverside,Bakery,Blueberry Muffin,3.25,1,3.25
4174,2024-08-08,06:21:00,Uptown Mall,Bakery,Chocolate Chip Cookie,2.5,1,2.5
4175,2024-08-08,10:44:00,Uptown Mall,Merchandise,12oz Mug,12.0,1,12.0
4176,2024-08-08,14:51:00,Downtown,Merchandise,Ground Coffee Bag,14.5,1,14.5
4177,2024-08-08,11:49:00,Downtown,Bakery,Blueberry Muffin,3.25,1,3.25
4178,2024-08-08,08:47:00,Downtown,Coffee,Cappuccino,4.0,1,4.0
4179,2024-08-08,07:45:00,Downtown,Merchandise,Ground Coffee Bag,14.5,1,14.5
4180,2024-08-08,15:06:00,Downtown,Coffee,Cold Brew,4.5,1,4.5
4181,2024-08-08,15:11:00,Downtown,Coffee,Mocha,4.75,2,9.5
4182,2024-08-09,09:45:00,Downtown,Merchandise,12oz Mug,12.0,1,12.0
4183,2024-08-09,14:02:00,Uptown Mall,Bakery,Croissant,3.5,1,3.5
4184,2024-08-09,11:52:00,Downtown,Tea,Herbal Blend,3.1,1,3.1
4185,2024-08-09,11:24:00,Downtown,Merchandise,Ground Coffee Bag,14.5,1,14.5
4186,2024-08-09,19:40:00,Downtown,Coffee,Americano,3.25,2,6.5
4187,2024-08-09,17:21:00,Downtown,Coffee,Cappuccino,4.0,2,8.0
4188,2024-08-09,06:46:00,Downtown,Coffee,Mocha,4.75,1,4.75
4189,2024-08-09,15:02:00,Downtown,Coffee,Americano,3.25,1,3.25
4190,2024-08-09,13:29:00,Uptown Mall,Bakery,Croissant,3.5,1,3.5
4191,2024-08-09,13:51:00,Downtown,Bakery,Bagel,2.75,1,2.75
4192,2024-08-09,09:06:00,Riverside,Coffee,Cappuccino,4.0,1,4.0
4193,2024-08-09,08:08:00,Downtown,Coffee,Cold Brew,4.5,2,9.0
4194,2024-08-09,12:01:00,Downtown,Coffee,Cold Brew,4.5,1,4.5
4195,2024-08-09,12:52:00,Downtown,Bakery,Bagel,2.75,1,2.75
4196,2024-08-09,12:31:00,Riverside,Coffee,Americano,3.25,1,3.25
4197,2024-08-09,11:42:00,Riverside,Bakery,Bagel,2.75,2,5.5
4198,2024-08-10,14:38:00,Uptown Mall,Tea,Chai Latte,4.1,1,4.1
4199,2024-08-10,14:46:00,Uptown Mall,Coffee,Mocha,4.75,1,4.75
4200,2024-08-10,06:08:00,Downtown,Tea,Earl Grey,3.0,1,3.0
4201,2024-08-10,15:11:00,Riverside,Tea,Earl Grey,3.0,1,3.0
4202,2024-08-10,10:14:00,Downtown,Tea,Earl Grey,3.0,1,3.0
4203,2024-08-10,14:30:00,Uptown Mall,Coffee,Mocha,4.75,1,4.75
4204,2024-08-10,07:34:00,Downtown,Coffee,Mocha,4.75,1,4.75
4205,2024-08-10,19:42:00,Uptown Mall,Tea,Herbal Blend,3.1,1,3.1
4206,2024-08-10,15:20:00,Downtown,Merchandise,Gift Card,25.0,1,25.0
4207,2024-08-10,10:18:00,Riverside,Bakery,Chocolate Chip Cookie,2.5,1,2.5
4208,2024-08-10,10:02:00,Riverside,Coffee,Cappuccino,4.0,2,8.0
4209,2024-08-10,18:25:00,Downtown,Coffee,Latte,4.25,1,4.25
4210,2024-08-10,15:36:00,Riverside,Tea,Green Tea,3.0,1,3.0
4211,2024-08-10,18:19:00,Downtown,Coffee,Americano,3.25,1,3.25
4212,2024-08-10,12:33:00,Downtown,Bakery,Croissant,3.5,3,10.5
4213,2024-08-10,17:53:00,Riverside,Coffee,Cold Brew,4.5,1,4.5
4214,2024-08-10,19:46:00,Uptown Mall,Coffee,Cold Brew,4.5,2,9.0
4215,2024-08-10,12:44:00,Downtown,Coffee,Espresso,2.75,1,2.75
4216,2024-08-10,14:19:00,Riverside,Coffee,Cold Brew,4.5,1,4.5
4217,2024-08-10,11:35:00,Riverside,Bakery,Croissant,3.5,1,3.5
4218,2024-08-10,12:50:00,Riverside,Coffee,Mocha,4.75,2,9.5
4219,2024-08-10,06:29:00,Riverside,Bakery,Croissant,3.5,1,3.5
4220,2024-08-11,07:03:00,Downtown,Coffee,Cappuccino,4.0,1,4.0
4221,2024-08-11,15:26:00,Downtown,Tea,Green Tea,3.0,1,3.0
4222,2024-08-11,09:12:00,Downtown,Coffee,Americano,3.25,2,6.5
4223,2024-08-11,14:24:00,Downtown,Coffee,Espresso,2.75,1,2.75
4224,2024-08-11,09:40:00,Downtown,Tea,Green Tea,3.0,1,3.0
4225,2024-08-11,08:46:00,Downtown,Coffee,Americano,3.25,3,9.75
4226,2024-08-11,19:16:00,Downtown,Bakery,Croissant,3.5,1,3.5
4227,2024-08-11,11:23:00,Riverside,Tea,Herbal Blend,3.1,2,6.2
4228,2024-08-11,12:51:00,Uptown Mall,Coffee,Americano,3.25,1,3.25
4229,2024-08-11,15:18:00,Uptown Mall,Coffee,Cold Brew,4.5,1,4.5
4230,2024-08-11,11:52:00,Riverside,Bakery,Blueberry Muffin,3.25,1,3.25
4231,2024-08-11,11:08:00,Downtown,Bakery,Bagel,2.75,1,2.75
4232,2024-08-11,19:59:00,Uptown Mall,Coffee,Cold Brew,4.5,1,4.5
4233,2024-08-11,17:17:00,Riverside,Tea,Earl Grey,3.0,1,3.0
4234,2024-08-11,16:06:00,Riverside,Bakery,Chocolate Chip Cookie,2.5,1,2.5
4235,2024-08-12,08:50:00,Riverside,Bakery,Blueberry Muffin,3.25,1,3.25
4236,2024-08-12,16:55:00,Downtown,Bakery,Croissant,3.5,1,3.5
4237,2024-08-12,18:08:00,Uptown Mall,Coffee,Mocha,4.75,1,4.75
4238,2024-08-12,14:22:00,Downtown,Coffee,Americano,3.25,1,3.25
4239,2024-08-12,11:59:00,Uptown Mall,Bakery,Blueberry Muffin,3.25,1,3.25
4240,2024-08-12,13:52:00,Riverside,Tea,Earl Grey,3.0,2,6.0
4241,2024-08-12,08:28:00,Downtown,Bakery,Blueberry Muffin,3.25,2,6.5
4242,2024-08-12,16:08:00,Riverside,Tea,Green Tea,3.0,1,3.0
4243,2024-08-12,16:23:00,Uptown Mall,Coffee,Americano,3.25,1,3.25
4244,2024-08-12,17:43:00,Uptown Mall,Coffee,Latte,4.25,1,4.25
4245,2024-08-12,10:29:00,Riverside,Coffee,Cold Brew,4.5,3,13.5
4246,2024-08-12,18:18:00,Uptown Mall,Merchandise,Ground Coffee Bag,14.5,1,14.5
4247,2024-08-12,18:20:00,Riverside,Coffee,Latte,4.25,1,4.25
4248,2024-08-12,14:34:00,Downtown,Coffee,Cappuccino,4.0,1,4.0
4249,2024-08-12,06:45:00,Riverside,Coffee,Cold Brew,4.5,1,4.5
4250,2024-08-12,19:34:00,Riverside,Bakery,Bagel,2.75,1,2.75
4251,2024-08-12,18:42:00,Uptown Mall,Coffee,Latte,4.25,1,4.25
4252,2024-08-12,16:34:00,Downtown,Bakery,Chocolate Chip Cookie,2.5,1,2.5
4253,2024-08-12,06:06:00,Downtown,Coffee,Espresso,2.75,1,2.75
4254,2024-08-12,13:51:00,Downtown,Coffee,Espresso,2.75,1,2.75
4255,2024-08-13,13:31:00,Downtown,Coffee,Cappuccino,4.0,2,8.0
4256,2024-08-13,14:19:00,Downtown,Tea,Earl Grey,3.0,1,3.0
4257,2024-08-13,19:51:00,Riverside,Merchandise,12oz Mug,12.0,1,12.0
4258,2024-08-13,10:44:00,Downtown,Coffee,Espresso,2.75,1,2.75
4259,2024-08-13,06:13:00,Downtown,Coffee,Americano,3.25,1,3.25
4260,2024-08-13,11:27:00,Uptown Mall,Tea,Earl Grey,3.0,1,3.0
4261,2024-08-13,09:22:00,Riverside,Coffee,Espresso,2.75,2,5.5
4262,2024-08-13,09:02:00,Uptown Mall,Coffee,Cappuccino,4.0,1,4.0
4263,2024-08-13,06:44:00,Downtown,Tea,Green Tea,3.0,1,3.0
4264,2024-08-13,10:52:00,Riverside,Coffee,Latte,4.25,1,4.25
4265,2024-08-13,18:44:00,Uptown Mall,Merchandise,Ground Coffee Bag,14.5,2,29.0
4266,2024-08-13,09:37:00,Riverside,Coffee,Latte,4.25,1,4.25
4267,2024-08-14,13:37:00,Downtown,Bakery,Croissant,3.5,1,3.5
4268,2024-08-14,13:39:00,Riverside,Coffee,Cold Brew,4.5,1,4.5
4269,2024-08-14,12:34:00,Downtown,Coffee,Latte,4.25,1,4.25
4270,2024-08-14,06:12:00,Downtown,Merchandise,Ground Coffee Bag,14.5,2,29.0
4271,2024-08-14,17:38:00,Riverside,Merchandise,12oz Mug,12.0,1,12.0
4272,2024-08-14,16:56:00,Uptown Mall,Coffee,Latte,4.25,1,4.25
4273,2024-08-14,11:39:00,Riverside,Bakery,Bagel,2.75,1,2.75
4274,2024-08-14,18:28:00,Downtown,Coffee,Cappuccino,4.0,1,4.0
4275,2024-08-14,16:48:00,Downtown,Coffee,Cold Brew,4.5,2,9.0
4276,2024-08-14,15:00:00,Uptown Mall,Coffee,Mocha,4.75,1,4.75
4277,2024-08-14,16:46:00,Riverside,Coffee,Espresso,2.75,1,2.75
4278,2024-08-14,19:13:00,Downtown,Bakery,Chocolate Chip Cookie,2.5,1,2.5
4279,2024-08-14,12:53:00,Uptown Mall,Bakery,Croissant,3.5,1,3.5
4280,2024-08-14,14:10:00,Uptown Mall,Tea,Chai Latte,4.1,2,8.2
4281,2024-08-14,06:23:00,Uptown Mall,Coffee,Cold Brew,4.5,1,4.5
4282,2024-08-14,16:04:00,Uptown Mall,Tea,Chai Latte,4.1,1,4.1
4283,2024-08-14,19:53:00,Riverside,Bakery,Blueberry Muffin,3.25,1,3.25
4284,2024-08-14,10:28:00,Downtown,Coffee,Cold Brew,4.5,1,4.5
4285,2024-08-14,15:24:00,Riverside,Coffee,Espresso,2.75,1,2.75
4286,2024-08-14,07:41:00,Downtown,Coffee,Espresso,2.75,2,5.5
4287,2024-08-14,17:32:00,Riverside,Merchandise,Reusable Cup,9.0,1,9.0
4288,2024-08-14,17:36:00,Riverside,Bakery,Bagel,2.75,1,2.75
4289,2024-08-14,06:26:00,Riverside,Bakery,Bagel,2.75,1,2.75
4290,2024-08-15,19:17:00,Downtown,Tea,Chai Latte,4.1,1,4.1
4291,2024-08-15,18:33:00,Uptown Mall,Bakery,Blueberry Muffin,3.25,2,6.5
4292,2024-08-15,18:48:00,Riverside,Coffee,Mocha,4.75,1,4.75
4293,2024-08-15,19:31:00,Uptown Mall,Coffee,Cold Brew,4.5,1,4.5
4294,2024-08-15,10:45:00,Riverside,Coffee,Americano,3.25,2,6.5
4295,2024-08-15,09:54:00,Downtown,Tea,Green Tea,3.0,1,3.0
4296,2024-08-15,12:07:00,Riverside,Coffee,Espresso,2.75,1,2.75
4297,2024-08-15,09:06:00,Uptown Mall,Coffee,Espresso,2.75,2,5.5
4298,2024-08-15,17:10:00,Riverside,Coffee,Cold Brew,4.5,1,4.5
4299,2024-08-15,11:04:00,Riverside,Bakery,Blueberry Muffin,3.25,2,6.5
4300,2024-08-15,07:27:00,Downtown,Coffee,Latte,4.25,2,8.5
4301,2024-08-15,19:09:00,Uptown Mall,Coffee,Cold Brew,4.5,1,4.5
4302,2024-08-15,08:46:00,Downtown,Coffee,Cold Brew,4.5,1,4.5
4303,2024-08-15,09:15:00,Riverside,Coffee,Americano,3.25,2,6.5
4304,2024-08-15,14:47:00,Downtown,Coffee,Americano,3.25,1,3.25
4305,2024-08-15,18:08:00,Uptown Mall,Merchandise,12oz Mug,12.0,1,12.0
4306,2024-08-16,07:18:00,Riverside,Tea,Earl Grey,3.0,2,6.0
4307,2024-08-16,17:57:00,Riverside,Coffee,Cold Brew,4.5,1,4.5
4308,2024-08-16,17:38:00,Uptown Mall,Coffee,Espresso,2.75,1,2.75
4309,2024-08-16,15:58:00,Uptown Mall,Coffee,Mocha,4.75,1,4.75
4310,2024-08-16,15:56:00,Downtown,Coffee,Cold Brew,4.5,1,4.5
4311,2024-08-16,19:25:00,Uptown Mall,Coffee,Americano,3.25,1,3.25
4312,2024-08-16,09:40:00,Downtown,Coffee,Cold Brew,4.5,1,4.5
4313,2024-08-16,13:57:00,Downtown,Coffee,Mocha,4.75,1,4.75
4314,2024-08-16,17:36:00,Downtown,Coffee,Cold Brew,4.5,1,4.5
4315,2024-08-16,12:15:00,Uptown Mall,Tea,Earl Grey,3.0,1,3.0
4316,2024-08-16,16:20:00,Uptown Mall,Tea,Green Tea,3.0,2,6.0
4317,2024-08-16,11:34:00,Downtown,Coffee,Cold Brew,4.5,1,4.5
4318,2024-08-16,16:52:00,Downtown,Bakery,Croissant,3.5,1,3.5
4319,2024-08-16,15:34:00,Downtown,Tea,Herbal Blend,3.1,1,3.1
4320,2024-08-16,06:10:00,Downtown,Bakery,Croissant,3.5,1,3.5
4321,2024-08-16,19:53:00,Uptown Mall,Coffee,Latte,4.25,1,4.25
4322,2024-08-16,06:14:00,Downtown,Coffee,Latte,4.25,1,4.25
4323,2024-08-16,07:59:00,Downtown,Coffee,Cappuccino,4.0,1,4.0
4324,2024-08-16,18:51:00,Uptown Mall,Merchandise,Reusable Cup,9.0,3,27.0
4325,2024-08-16,07:06:00,Riverside,Tea,Herbal Blend,3.1,2,6.2
4326,2024-08-17,06:12:00,Downtown,Coffee,Americano,3.25,1,3.25
4327,2024-08-17,09:35:00,Riverside,Coffee,Americano,3.25,1,3.25
4328,2024-08-17,14:26:00,Downtown,Coffee,Espresso,2.75,1,2.75
4329,2024-08-17,10:55:00,Riverside,Merchandise,Gift Card,25.0,1,25.0
4330,2024-08-17,17:33:00,Riverside,Coffee,Mocha,4.75,1,4.75
4331,2024-08-17,19:46:00,Riverside,Coffee,Cold Brew,4.5,3,13.5
4332,2024-08-17,12:55:00,Downtown,Tea,Green Tea,3.0,2,6.0
4333,2024-08-17,08:30:00,Riverside,Coffee,Mocha,4.75,2,9.5
4334,2024-08-17,14:52:00,Downtown,Coffee,Cappuccino,4.0,1,4.0
4335,2024-08-17,15:39:00,Riverside,Coffee,Mocha,4.75,1,4.75
4336,2024-08-17,06:03:00,Riverside,Coffee,Cold Brew,4.5,1,4.5
4337,2024-08-17,10:30:00,Riverside,Merchandise,Ground Coffee Bag,14.5,1,14.5
4338,2024-08-17,11:45:00,Uptown Mall,Coffee,Mocha,4.75,1,4.75
4339,2024-08-17,18:17:00,Riverside,Bakery,Croissant,3.5,1,3.5
4340,2024-08-17,08:09:00,Downtown,Coffee,Latte,4.25,1,4.25
4341,2024-08-17,18:57:00,Downtown,Tea,Green Tea,3.0,1,3.0
4342,2024-08-17,16:34:00,Uptown Mall,Coffee,Espresso,2.75,1,2.75
4343,2024-08-17,15:18:00,Downtown,Coffee,Americano,3.25,1,3.25
4344,2024-08-17,16:53:00,Riverside,Coffee,Cappuccino,4.0,1,4.0
4345,2024-08-17,08:32:00,Uptown Mall,Coffee,Cappuccino,4.0,1,4.0
4346,2024-08-18,06:28:00,Downtown,Bakery,Chocolate Chip Cookie,2.5,1,2.5
4347,2024-08-18,14:10:00,Riverside,Coffee,Mocha,4.75,1,4.75
4348,2024-08-18,14:54:00,Downtown,Tea,Green Tea,3.0,1,3.0
4349,2024-08-18,19:24:00,Downtown,Tea,Herbal Blend,3.1,1,3.1
4350,2024-08-18,11:17:00,Downtown,Coffee,Cold Brew,4.5,1,4.5
4351,2024-08-18,10:30:00,Uptown Mall,Merchandise,Reusable Cup,9.0,1,9.0
4352,2024-08-18,15:37:00,Downtown,Coffee,Cappuccino,4.0,1,4.0
4353,2024-08-18,15:38:00,Downtown,Coffee,Americano,3.25,1,3.25
4354,2024-08-18,14:50:00,Uptown Mall,Coffee,Espresso,2.75,1,2.75
4355,2024-08-18,12:00:00,Riverside,Bakery,Blueberry Muffin,3.25,1,3.25
4356,2024-08-18,07:28:00,Uptown Mall,Coffee,Latte,4.25,1,4.25
4357,2024-08-18,19:27:00,Uptown Mall,Merchandise,Gift Card,25.0,1,25.0
4358,2024-08-18,11:47:00,Riverside,Coffee,Cappuccino,4.0,1,4.0
4359,2024-08-18,10:44:00,Riverside,Coffee,Americano,3.25,1,3.25
4360,2024-08-18,10:11:00,Riverside,Coffee,Americano,3.25,2,6.5
4361,2024-08-18,18:20:00,Downtown,Tea,Earl Grey,3.0,2,6.0
4362,2024-08-18,17:33:00,Downtown,Coffee,Cold Brew,4.5,1,4.5
4363,2024-08-18,12:22:00,Downtown,Tea,Green Tea,3.0,1,3.0
4364,2024-08-18,06:10:00,Downtown,Bakery,Blueberry Muffin,3.25,1,3.25
4365,2024-08-19,14:03:00,Downtown,Coffee,Latte,4.25,1,4.25
4366,2024-08-19,16:33:00,Riverside,Tea,Earl Grey,3.0,1,3.0
4367,2024-08-19,11:43:00,Downtown,Bakery,Bagel,2.75,2,5.5
4368,2024-08-19,10:10:00,Downtown,Bakery,Blueberry Muffin,3.25,1,3.25
4369,2024-08-19,14:51:00,Downtown,Coffee,Latte,4.25,1,4.25
4370,2024-08-19,19:10:00,Uptown Mall,Coffee,Latte,4.25,1,4.25
4371,2024-08-19,10:30:00,Downtown,Bakery,Croissant,3.5,1,3.5
4372,2024-08-19,17:44:00,Riverside,Coffee,Cappuccino,4.0,2,8.0
4373,2024-08-19,15:05:00,Downtown,Coffee,Cappuccino,4.0,2,8.0
4374,2024-08-19,07:11:00,Riverside,Coffee,Mocha,4.75,1,4.75
4375,2024-08-19,13:55:00,Riverside,Coffee,Latte,4.25,1,4.25
4376,2024-08-19,14:09:00,Riverside,Coffee,Cold Brew,4.5,1,4.5
4377,2024-08-19,12:53:00,Uptown Mall,Coffee,Espresso,2.75,1,2.75
4378,2024-08-19,17:11:00,Downtown,Coffee,Americano,3.25,1,3.25
4379,2024-08-19,16:31:00,Uptown Mall,Coffee,Cappuccino,4.0,2,8.0
4380,2024-08-19,19:17:00,Riverside,Coffee,Latte,4.25,2,8.5
4381,2024-08-19,08:44:00,Uptown Mall,Merchandise,Ground Coffee Bag,14.5,1,14.5
4382,2024-08-19,16:18:00,Uptown Mall,Merchandise,Reusable Cup,9.0,1,9.0
4383,2024-08-19,19:44:00,Riverside,Bakery,Bagel,2.75,1,2.75
4384,2024-08-19,07:58:00,Riverside,Coffee,Latte,4.25,3,12.75
4385,2024-08-19,10:17:00,Riverside,Merchandise,Gift Card,25.0,2,50.0
4386,2024-08-19,07:51:00,Downtown,Bakery,Chocolate Chip Cookie,2.5,1,2.5
4387,2024-08-20,14:43:00,Uptown Mall,Coffee,Mocha,4.75,1,4.75
4388,2024-08-20,09:39:00,Riverside,Merchandise,Gift Card,25.0,1,25.0
4389,2024-08-20,17:29:00,Uptown Mall,Merchandise,Gift Card,25.0,2,50.0
4390,2024-08-20,18:24:00,Downtown,Coffee,Espresso,2.75,1,2.75
4391,2024-08-20,06:06:00,Riverside,Bakery,Chocolate Chip Cookie,2.5,1,2.5
4392,2024-08-20,14:45:00,Riverside,Merchandise,Ground Coffee Bag,14.5,1,14.5
4393,2024-08-20,08:29:00,Downtown,Coffee,Espresso,2.75,1,2.75
4394,2024-08-20,10:10:00,Downtown,Coffee,Mocha,4.75,1,4.75
4395,2024-08-20,19:49:00,Riverside,Coffee,Espresso,2.75,1,2.75
4396,2024-08-20,17:36:00,Riverside,Bakery,Blueberry Muffin,3.25,1,3.25
4397,2024-08-20,10:23:00,Uptown Mall,Coffee,Espresso,2.75,1,2.75
4398,2024-08-20,13:58:00,Riverside,Coffee,Cold Brew,4.5,3,13.5
4399,2024-08-20,08:02:00,Downtown,Merchandise,12oz Mug,12.0,1,12.0
4400,2024-08-20,17:04:00,Uptown Mall,Coffee,Latte,4.25,1,4.25
4401,2024-08-20,18:56:00,Downtown,Merchandise,12oz Mug,12.0,1,12.0
4402,2024-08-20,17:13:00,Downtown,Bakery,Bagel,2.75,1,2.75
4403,2024-08-20,19:37:00,Uptown Mall,Tea,Earl Grey,3.0,1,3.0
4404,2024-08-20,13:24:00,Downtown,Merchandise,12oz Mug,12.0,1,12.0
4405,2024-08-21,12:51:00,Downtown,Merchandise,12oz Mug,12.0,1,12.0
4406,2024-08-21,19:07:00,Downtown,Merchandise,Ground Coffee Bag,14.5,1,14.5
4407,2024-08-21,15:02:00,Downtown,Coffee,Americano,3.25,1,3.25
4408,2024-08-21,10:34:00,Riverside,Merchandise,Ground Coffee Bag,14.5,2,29.0
4409,2024-08-21,16:22:00,Downtown,Merchandise,Ground Coffee Bag,14.5,2,29.0
4410,2024-08-21,15:41:00,Downtown,Coffee,Latte,4.25,2,8.5
4411,2024-08-21,19:44:00,Riverside,Merchandise,Reusable Cup,9.0,1,9.0
4412,2024-08-21,17:13:00,Uptown Mall,Coffee,Cold Brew,4.5,1,4.5
4413,2024-08-21,18:43:00,Downtown,Bakery,Blueberry Muffin,3.25,1,3.25
4414,2024-08-21,19:42:00,Downtown,Bakery,Blueberry Muffin,3.25,1,3.25
4415,2024-08-21,13:34:00,Riverside,Coffee,Mocha,4.75,1,4.75
4416,2024-08-21,16:38:00,Riverside,Coffee,Americano,3.25,1,3.25
4417,2024-08-21,13:06:00,Riverside,Coffee,Latte,4.25,1,4.25
4418,2024-08-21,07:31:00,Uptown Mall,Bakery,Croissant,3.5,2,7.0
4419,2024-08-21,07:59:00,Uptown Mall,Tea,Green Tea,3.0,1,3.0
4420,2024-08-21,13:24:00,Riverside,Coffee,Espresso,2.75,1,2.75
4421,2024-08-21,17:31:00,Downtown,Tea,Green Tea,3.0,1,3.0
4422,2024-08-21,09:01:00,Downtown,Coffee,Mocha,4.75,1,4.75
4423,2024-08-21,11:56:00,Riverside,Coffee,Cappuccino,4.0,1,4.0
4424,2024-08-21,10:01:00,Uptown Mall,Bakery,Bagel,2.75,1,2.75
4425,2024-08-22,19:41:00,Downtown,Coffee,Latte,4.25,1,4.25
4426,2024-08-22,13:41:00,Downtown,Coffee,Mocha,4.75,1,4.75
4427,2024-08-22,18:21:00,Downtown,Coffee,Cold Brew,4.5,1,4.5
4428,2024-08-22,18:59:00,Uptown Mall,Coffee,Espresso,2.75,1,2.75
4429,2024-08-22,16:50:00,Downtown,Coffee,Espresso,2.75,1,2.75
4430,2024-08-22,14:13:00,Riverside,Coffee,Mocha,4.75,1,4.75
4431,2024-08-22,10:02:00,Uptown Mall,Coffee,Cold Brew,4.5,2,9.0
4432,2024-08-22,15:08:00,Uptown Mall,Merchandise,12oz Mug,12.0,3,36.0
4433,2024-08-22,15:27:00,Riverside,Coffee,Espresso,2.75,1,2.75
4434,2024-08-22,15:46:00,Downtown,Coffee,Americano,3.25,1,3.25
4435,2024-08-22,12:19:00,Downtown,Merchandise,12oz Mug,12.0,1,12.0
4436,2024-08-22,09:42:00,Downtown,Merchandise,Ground Coffee Bag,14.5,1,14.5
4437,2024-08-22,08:40:00,Downtown,Bakery,Croissant,3.5,1,3.5
4438,2024-08-22,13:23:00,Downtown,Merchandise,Ground Coffee Bag,14.5,2,29.0
4439,2024-08-22,12:44:00,Riverside,Coffee,Cappuccino,4.0,1,4.0
4440,2024-08-22,08:51:00,Uptown Mall,Coffee,Espresso,2.75,1,2.75
4441,2024-08-22,09:04:00,Uptown Mall,Coffee,Latte,4.25,1,4.25
4442,2024-08-22,19:59:00,Riverside,Coffee,Cold Brew,4.5,1,4.5
4443,2024-08-22,18:00:00,Uptown Mall,Tea,Chai Latte,4.1,1,4.1
4444,2024-08-22,10:02:00,Riverside,Coffee,Americano,3.25,1,3.25
4445,2024-08-22,18:24:00,Downtown,Coffee,Cappuccino,4.0,1,4.0
4446,2024-08-23,09:41:00,Uptown Mall,Coffee,Mocha,4.75,2,9.5
4447,2024-08-23,09:33:00,Downtown,Merchandise,12oz Mug,12.0,1,12.0
4448,2024-08-23,14:49:00,Downtown,Coffee,Espresso,2.75,1,2.75
4449,2024-08-23,09:50:00,Downtown,Bakery,Croissant,3.5,1,3.5
4450,2024-08-23,13:00:00,Riverside,Coffee,Americano,3.25,1,3.25
4451,2024-08-23,06:47:00,Riverside,Bakery,Bagel,2.75,1,2.75
4452,2024-08-23,08:28:00,Downtown,Coffee,Cappuccino,4.0,2,8.0
4453,2024-08-23,17:46:00,Uptown Mall,Bakery,Chocolate Chip Cookie,2.5,1,2.5
4454,2024-08-23,11:52:00,Downtown,Bakery,Croissant,3.5,1,3.5
4455,2024-08-23,11:20:00,Riverside,Coffee,Espresso,2.75,1,2.75
4456,2024-08-23,14:33:00,Downtown,Coffee,Cold Brew,4.5,1,4.5
4457,2024-08-23,19:44:00,Downtown,Tea,Herbal Blend,3.1,1,3.1
4458,2024-08-23,15:48:00,Downtown,Merchandise,Reusable Cup,9.0,1,9.0
4459,2024-08-23,07:47:00,Uptown Mall,Bakery,Blueberry Muffin,3.25,1,3.25
4460,2024-08-23,18:06:00,Riverside,Coffee,Mocha,4.75,2,9.5
4461,2024-08-23,12:42:00,Riverside,Tea,Green Tea,3.0,1,3.0
4462,2024-08-23,08:42:00,Downtown,Tea,Earl Grey,3.0,1,3.0
4463,2024-08-23,13:10:00,Downtown,Coffee,Cappuccino,4.0,1,4.0
4464,2024-08-23,14:37:00,Uptown Mall,Merchandise,12oz Mug,12.0,2,24.0
4465,2024-08-23,13:58:00,Riverside,Merchandise,12oz Mug,12.0,1,12.0
4466,2024-08-23,15:55:00,Uptown Mall,Tea,Herbal Blend,3.1,1,3.1
4467,2024-08-23,19:39:00,Uptown Mall,Coffee,Cold Brew,4.5,1,4.5
4468,2024-08-23,17:23:00,Uptown Mall,Coffee,Mocha,4.75,1,4.75
4469,2024-08-24,12:47:00,Downtown,Bakery,Bagel,2.75,1,2.75
4470,2024-08-24,07:08:00,Riverside,Coffee,Cold Brew,4.5,2,9.0
4471,2024-08-24,19:27:00,Uptown Mall,Coffee,Americano,3.25,1,3.25
4472,2024-08-24,13:32:00,Downtown,Bakery,Croissant,3.5,2,7.0
4473,2024-08-24,16:03:00,Downtown,Tea,Green Tea,3.0,1,3.0
4474,2024-08-24,06:40:00,Riverside,Coffee,Mocha,4.75,1,4.75
4475,2024-08-24,15:00:00,Downtown,Coffee,Mocha,4.75,1,4.75
4476,2024-08-24,12:02:00,Uptown Mall,Bakery,Blueberry Muffin,3.25,1,3.25
4477,2024-08-24,10:50:00,Riverside,Coffee,Cold Brew,4.5,1,4.5
4478,2024-08-24,07:36:00,Downtown,Merchandise,Gift Card,25.0,1,25.0
4479,2024-08-24,07:00:00,Downtown,Bakery,Blueberry Muffin,3.25,1,3.25
4480,2024-08-24,07:34:00,Downtown,Bakery,Croissant,3.5,1,3.5
4481,2024-08-24,06:32:00,Riverside,Bakery,Croissant,3.5,1,3.5
4482,2024-08-24,14:45:00,Uptown Mall,Coffee,Cappuccino,4.0,1,4.0
4483,2024-08-24,11:49:00,Riverside,Bakery,Bagel,2.75,1,2.75
4484,2024-08-24,07:31:00,Downtown,Coffee,Cappuccino,4.0,1,4.0
4485,2024-08-24,07:08:00,Uptown Mall,Merchandise,Ground Coffee Bag,14.5,3,43.5
4486,2024-08-24,12:37:00,Riverside,Bakery,Chocolate Chip Cookie,2.5,2,5.0
4487,2024-08-24,15:54:00,Downtown,Coffee,Americano,3.25,1,3.25
4488,2024-08-24,09:31:00,Downtown,Coffee,Cold Brew,4.5,1,4.5
4489,2024-08-24,14:35:00,Riverside,Coffee,Mocha,4.75,2,9.5
4490,2024-08-24,09:46:00,Uptown Mall,Coffee,Mocha,4.75,2,9.5
4491,2024-08-24,08:06:00,Riverside,Merchandise,Ground Coffee Bag,14.5,2,29.0
4492,2024-08-24,17:39:00,Downtown,Bakery,Blueberry Muffin,3.25,1,3.25
4493,2024-08-24,07:37:00,Riverside,Coffee,Cappuccino,4.0,1,4.0
4494,2024-08-24,14:53:00,Downtown,Coffee,Mocha,4.75,1,4.75
4495,2024-08-24,09:51:00,Uptown Mall,Bakery,Bagel,2.75,1,2.75
4496,2024-08-25,08:04:00,Uptown Mall,Merchandise,Reusable Cup,9.0,1,9.0
4497,2024-08-25,10:53:00,Downtown,Coffee,Latte,4.25,1,4.25
4498,2024-08-25,07:16:00,Uptown Mall,Coffee,Espresso,2.75,3,8.25
4499,2024-08-25,10:28:00,Downtown,Coffee,Cold Brew,4.5,2,9.0
4500,2024-08-25,06:03:00,Uptown Mall,Bakery,Blueberry Muffin,3.25,1,3.25
4501,2024-08-25,15:05:00,Downtown,Coffee,Cold Brew,4.5,1,4.5
4502,2024-08-25,15:53:00,Uptown Mall,Tea,Chai Latte,4.1,1,4.1
4503,2024-08-25,12:51:00,Riverside,Tea,Herbal Blend,3.1,1,3.1
4504,2024-08-25,16:56:00,Uptown Mall,Bakery,Croissant,3.5,1,3.5
4505,2024-08-25,11:03:00,Riverside,Coffee,Mocha,4.75,1,4.75
4506,2024-08-25,07:56:00,Uptown Mall,Coffee,Cold Brew,4.5,1,4.5
4507,2024-08-25,19:35:00,Riverside,Coffee,Latte,4.25,1,4.25
4508,2024-08-25,06:14:00,Downtown,Tea,Green Tea,3.0,1,3.0
4509,2024-08-25,14:17:00,Riverside,Merchandise,Reusable Cup,9.0,1,9.0
4510,2024-08-25,14:27:00,Uptown Mall,Coffee,Cappuccino,4.0,1,4.0
4511,2024-08-25,15:23:00,Uptown Mall,Coffee,Mocha,4.75,2,9.5
4512,2024-08-25,17:30:00,Uptown Mall,Merchandise,Ground Coffee Bag,14.5,1,14.5
4513,2024-08-25,17:11:00,Uptown Mall,Coffee,Mocha,4.75,1,4.75
4514,2024-08-25,16:17:00,Uptown Mall,Tea,Herbal Blend,3.1,1,3.1
4515,2024-08-25,18:54:00,Riverside,Tea,Green Tea,3.0,1,3.0
4516,2024-08-25,12:01:00,Uptown Mall,Bakery,Bagel,2.75,1,2.75
4517,2024-08-25,12:29:00,Downtown,Bakery,Chocolate Chip Cookie,2.5,1,2.5
4518,2024-08-25,08:50:00,Downtown,Coffee,Cappuccino,4.0,1,4.0
4519,2024-08-25,12:22:00,Downtown,Bakery,Chocolate Chip Cookie,2.5,1,2.5
4520,2024-08-25,09:45:00,Uptown Mall,Tea,Green Tea,3.0,2,6.0
4521,2024-08-25,16:35:00,Riverside,Bakery,Croissant,3.5,1,3.5
4522,2024-08-25,13:43:00,Downtown,Coffee,Cappuccino,4.0,1,4.0
4523,2024-08-26,06:58:00,Downtown,Coffee,Mocha,4.75,1,4.75
4524,2024-08-26,17:01:00,Uptown Mall,Merchandise,Gift Card,25.0,1,25.0
4525,2024-08-26,17:24:00,Downtown,Coffee,Americano,3.25,1,3.25
4526,2024-08-26,11:36:00,Uptown Mall,Coffee,Mocha,4.75,2,9.5
4527,2024-08-26,18:34:00,Downtown,Coffee,Mocha,4.75,1,4.75
4528,2024-08-26,11:08:00,Downtown,Tea,Chai Latte,4.1,2,8.2
4529,2024-08-26,16:12:00,Downtown,Bakery,Bagel,2.75,1,2.75
4530,2024-08-26,07:34:00,Uptown Mall,Merchandise,12oz Mug,12.0,1,12.0
4531,2024-08-26,08:29:00,Uptown Mall,Bakery,Bagel,2.75,1,2.75
4532,2024-08-26,08:53:00,Riverside,Coffee,Americano,3.25,1,3.25
4533,2024-08-26,08:09:00,Uptown Mall,Bakery,Blueberry Muffin,3.25,1,3.25
4534,2024-08-26,15:35:00,Downtown,Merchandise,Gift Card,25.0,2,50.0
4535,2024-08-26,19:47:00,Uptown Mall,Coffee,Cappuccino,4.0,1,4.0
4536,2024-08-26,11:15:00,Riverside,Coffee,Americano,3.25,3,9.75
4537,2024-08-26,16:26:00,Downtown,Coffee,Latte,4.25,1,4.25
4538,2024-08-26,12:23:00,Downtown,Coffee,Cold Brew,4.5,1,4.5
4539,2024-08-26,16:47:00,Downtown,Coffee,Espresso,2.75,2,5.5
4540,2024-08-26,14:30:00,Riverside,Coffee,Cappuccino,4.0,1,4.0
4541,2024-08-26,17:30:00,Riverside,Coffee,Mocha,4.75,1,4.75
4542,2024-08-26,14:39:00,Riverside,Coffee,Cappuccino,4.0,1,4.0
4543,2024-08-26,08:49:00,Riverside,Coffee,Americano,3.25,3,9.75
4544,2024-08-26,17:11:00,Riverside,Merchandise,Reusable Cup,9.0,1,9.0
4545,2024-08-26,09:29:00,Downtown,Tea,Earl Grey,3.0,2,6.0
4546,2024-08-27,12:01:00,Downtown,Bakery,Blueberry Muffin,3.25,1,3.25
4547,2024-08-27,07:43:00,Downtown,Tea,Herbal Blend,3.1,1,3.1
4548,2024-08-27,13:41:00,Downtown,Coffee,Cappuccino,4.0,1,4.0
4549,2024-08-27,14:06:00,Downtown,Coffee,Mocha,4.75,1,4.75
4550,2024-08-27,10:59:00,Downtown,Coffee,Cappuccino,4.0,1,4.0
4551,2024-08-27,18:44:00,Uptown Mall,Tea,Chai Latte,4.1,1,4.1
4552,2024-08-27,18:00:00,Uptown Mall,Tea,Earl Grey,3.0,2,6.0
4553,2024-08-27,14:51:00,Downtown,Coffee,Latte,4.25,1,4.25
4554,2024-08-27,11:52:00,Downtown,Merchandise,12oz Mug,12.0,1,12.0
4555,2024-08-27,10:12:00,Riverside,Coffee,Americano,3.25,1,3.25
4556,2024-08-27,17:20:00,Riverside,Bakery,Bagel,2.75,1,2.75
4557,2024-08-27,15:58:00,Downtown,Tea,Chai Latte,4.1,1,4.1
4558,2024-08-27,06:56:00,Downtown,Merchandise,12oz Mug,12.0,1,12.0
4559,2024-08-27,10:43:00,Downtown,Coffee,Cappuccino,4.0,2,8.0
4560,2024-08-27,17:09:00,Riverside,Coffee,Cold Brew,4.5,1,4.5
4561,2024-08-27,19:50:00,Riverside,Bakery,Croissant,3.5,1,3.5
4562,2024-08-28,17:03:00,Riverside,Coffee,Latte,4.25,1,4.25
4563,2024-08-28,14:56:00,Riverside,Coffee,Espresso,2.75,1,2.75
4564,2024-08-28,12:55:00,Downtown,Coffee,Espresso,2.75,1,2.75
4565,2024-08-28,15:19:00,Riverside,Tea,Green Tea,3.0,1,3.0
4566,2024-08-28,18:55:00,Uptown Mall,Coffee,Espresso,2.75,2,5.5
4567,2024-08-28,13:41:00,Downtown,Coffee,Mocha,4.75,1,4.75
4568,2024-08-28,06:25:00,Riverside,Merchandise,Gift Card,25.0,1,25.0
4569,2024-08-28,18:18:00,Riverside,Tea,Herbal Blend,3.1,1,3.1
4570,2024-08-28,13:51:00,Downtown,Bakery,Croissant,3.5,1,3.5
4571,2024-08-28,07:37:00,Riverside,Merchandise,Ground Coffee Bag,14.5,1,14.5
4572,2024-08-28,08:18:00,Uptown Mall,Merchandise,Gift Card,25.0,1,25.0
4573,2024-08-28,08:24:00,Uptown Mall,Coffee,Americano,3.25,1,3.25
4574,2024-08-28,19:57:00,Riverside,Tea,Chai Latte,4.1,3,12.3
4575,2024-08-28,11:39:00,Downtown,Tea,Earl Grey,3.0,2,6.0
4576,2024-08-28,15:00:00,Downtown,Merchandise,Ground Coffee Bag,14.5,2,29.0
4577,2024-08-28,12:04:00,Downtown,Tea,Chai Latte,4.1,1,4.1
4578,2024-08-28,19:52:00,Downtown,Bakery,Bagel,2.75,1,2.75
4579,2024-08-28,10:32:00,Riverside,Coffee,Cappuccino,4.0,1,4.0
4580,2024-08-28,11:36:00,Riverside,Coffee,Cold Brew,4.5,3,13.5
4581,2024-08-28,17:49:00,Downtown,Coffee,Cold Brew,4.5,2,9.0
4582,2024-08-28,15:27:00,Uptown Mall,Tea,Chai Latte,4.1,1,4.1
4583,2024-08-29,19:54:00,Downtown,Coffee,Americano,3.25,1,3.25
4584,2024-08-29,14:11:00,Riverside,Merchandise,12oz Mug,12.0,1,12.0
4585,2024-08-29,13:14:00,Downtown,Bakery,Bagel,2.75,3,8.25
4586,2024-08-29,15:53:00,Riverside,Tea,Earl Grey,3.0,1,3.0
4587,2024-08-29,07:08:00,Uptown Mall,Coffee,Cappuccino,4.0,1,4.0
4588,2024-08-29,09:59:00,Uptown Mall,Merchandise,Ground Coffee Bag,14.5,1,14.5
4589,2024-08-29,07:06:00,Downtown,Coffee,Latte,4.25,2,8.5
4590,2024-08-29,18:46:00,Uptown Mall,Bakery,Blueberry Muffin,3.25,2,6.5
4591,2024-08-29,16:08:00,Uptown Mall,Tea,Earl Grey,3.0,1,3.0
4592,2024-08-29,15:28:00,Riverside,Tea,Earl Grey,3.0,3,9.0
4593,2024-08-29,09:35:00,Uptown Mall,Coffee,Cold Brew,4.5,1,4.5
4594,2024-08-29,09:53:00,Uptown Mall,Tea,Chai Latte,4.1,1,4.1
4595,2024-08-29,10:19:00,Downtown,Coffee,Cappuccino,4.0,1,4.0
4596,2024-08-29,14:59:00,Uptown Mall,Coffee,Americano,3.25,1,3.25
4597,2024-08-29,08:06:00,Riverside,Bakery,Croissant,3.5,3,10.5
4598,2024-08-30,08:09:00,Uptown Mall,Coffee,Cold Brew,4.5,1,4.5
4599,2024-08-30,15:59:00,Uptown Mall,Coffee,Latte,4.25,1,4.25
4600,2024-08-30,15:35:00,Riverside,Merchandise,Ground Coffee Bag,14.5,2,29.0
4601,2024-08-30,12:29:00,Downtown,Bakery,Croissant,3.5,1,3.5
4602,2024-08-30,17:16:00,Uptown Mall,Bakery,Bagel,2.75,1,2.75
4603,2024-08-30,16:29:00,Downtown,Coffee,Cappuccino,4.0,1,4.0
4604,2024-08-30,17:41:00,Uptown Mall,Bakery,Chocolate Chip Cookie,2.5,1,2.5
4605,2024-08-30,15:13:00,Riverside,Coffee,Mocha,4.75,1,4.75
4606,2024-08-30,15:04:00,Riverside,Coffee,Latte,4.25,1,4.25
4607,2024-08-30,19:49:00,Riverside,Coffee,Espresso,2.75,1,2.75
4608,2024-08-30,15:21:00,Downtown,Tea,Herbal Blend,3.1,1,3.1
4609,2024-08-30,18:19:00,Uptown Mall,Coffee,Latte,4.25,1,4.25
4610,2024-08-30,07:55:00,Downtown,Coffee,Mocha,4.75,1,4.75
4611,2024-08-30,18:59:00,Downtown,Coffee,Latte,4.25,1,4.25
4612,2024-08-30,12:14:00,Riverside,Coffee,Cappuccino,4.0,1,4.0
4613,2024-08-30,09:42:00,Downtown,Bakery,Blueberry Muffin,3.25,2,6.5
4614,2024-08-30,10:04:00,Downtown,Coffee,Mocha,4.75,1,4.75
4615,2024-08-30,12:19:00,Downtown,Coffee,Americano,3.25,1,3.25
4616,2024-08-30,14:58:00,Downtown,Tea,Green Tea,3.0,1,3.0
4617,2024-08-30,10:29:00,Riverside,Coffee,Mocha,4.75,1,4.75
4618,2024-08-30,06:50:00,Riverside,Tea,Chai Latte,4.1,1,4.1
4619,2024-08-30,11:03:00,Uptown Mall,Bakery,Croissant,3.5,1,3.5
4620,2024-08-30,09:45:00,Downtown,Bakery,Chocolate Chip Cookie,2.5,1,2.5
4621,2024-08-31,17:41:00,Downtown,Coffee,Mocha,4.75,1,4.75
4622,2024-08-31,14:24:00,Riverside,Coffee,Mocha,4.75,1,4.75
4623,2024-08-31,14:21:00,Riverside,Coffee,Mocha,4.75,1,4.75
4624,2024-08-31,17:27:00,Downtown,Coffee,Mocha,4.75,1,4.75
4625,2024-08-31,18:31:00,Uptown Mall,Bakery,Blueberry Muffin,3.25,2,6.5
4626,2024-08-31,19:58:00,Riverside,Tea,Chai Latte,4.1,1,4.1
4627,2024-08-31,17:40:00,Uptown Mall,Coffee,Americano,3.25,1,3.25
4628,2024-08-31,17:31:00,Uptown Mall,Bakery,Bagel,2.75,1,2.75
4629,2024-08-31,06:42:00,Uptown Mall,Coffee,Cappuccino,4.0,3,12.0
4630,2024-08-31,14:54:00,Downtown,Coffee,Mocha,4.75,1,4.75
4631,2024-08-31,10:10:00,Riverside,Coffee,Espresso,2.75,2,5.5
4632,2024-08-31,07:43:00,Riverside,Coffee,Latte,4.25,1,4.25
4633,2024-08-31,12:28:00,Downtown,Tea,Herbal Blend,3.1,1,3.1
4634,2024-08-31,16:22:00,Uptown Mall,Coffee,Mocha,4.75,1,4.75
4635,2024-08-31,07:29:00,Riverside,Bakery,Chocolate Chip Cookie,2.5,1,2.5
4636,2024-08-31,16:51:00,Riverside,Merchandise,Gift Card,25.0,1,25.0
4637,2024-08-31,15:12:00,Downtown,Coffee,Latte,4.25,1,4.25
4638,2024-08-31,17:52:00,Downtown,Coffee,Americano,3.25,1,3.25
4639,2024-08-31,11:26:00,Uptown Mall,Bakery,Bagel,2.75,1,2.75
4640,2024-08-31,11:21:00,Riverside,Bakery,Bagel,2.75,1,2.75
4641,2024-08-31,17:10:00,Downtown,Bakery,Blueberry Muffin,3.25,1,3.25
4642,2024-08-31,19:45:00,Riverside,Merchandise,Ground Coffee Bag,14.5,1,14.5
4643,2024-08-31,18:28:00,Uptown Mall,Merchandise,12oz Mug,12.0,1,12.0
4644,2024-08-31,18:19:00,Downtown,Coffee,Latte,4.25,2,8.5
4645,2024-08-31,19:30:00,Riverside,Tea,Green Tea,3.0,1,3.0
4646,2024-08-31,12:33:00,Uptown Mall,Coffee,Americano,3.25,1,3.25
4647,2024-09-01,10:04:00,Uptown Mall,Merchandise,Reusable Cup,9.0,2,18.0
4648,2024-09-01,07:20:00,Uptown Mall,Tea,Earl Grey,3.0,1,3.0
4649,2024-09-01,14:24:00,Uptown Mall,Coffee,Latte,4.25,1,4.25
4650,2024-09-01,16:07:00,Downtown,Coffee,Latte,4.25,1,4.25
4651,2024-09-01,11:31:00,Downtown,Coffee,Americano,3.25,1,3.25
4652,2024-09-01,14:15:00,Downtown,Bakery,Blueberry Muffin,3.25,1,3.25
4653,2024-09-01,06:05:00,Uptown Mall,Coffee,Mocha,4.75,1,4.75
4654,2024-09-01,12:55:00,Downtown,Coffee,Cold Brew,4.5,1,4.5
4655,2024-09-01,19:11:00,Riverside,Coffee,Cold Brew,4.5,1,4.5
4656,2024-09-01,06:01:00,Uptown Mall,Bakery,Blueberry Muffin,3.25,2,6.5
4657,2024-09-01,13:06:00,Uptown Mall,Coffee,Espresso,2.75,1,2.75
4658,2024-09-01,11:21:00,Downtown,Coffee,Mocha,4.75,1,4.75
4659,2024-09-01,19:32:00,Downtown,Tea,Herbal Blend,3.1,1,3.1
4660,2024-09-01,12:01:00,Uptown Mall,Merchandise,Gift Card,25.0,2,50.0
4661,2024-09-01,08:05:00,Uptown Mall,Bakery,Chocolate Chip Cookie,2.5,1,2.5
4662,2024-09-01,18:59:00,Downtown,Coffee,Latte,4.25,1,4.25
4663,2024-09-01,18:42:00,Downtown,Coffee,Cappuccino,4.0,1,4.0
4664,2024-09-01,12:44:00,Downtown,Merchandise,Ground Coffee Bag,14.5,1,14.5
4665,2024-09-01,09:37:00,Riverside,Tea,Green Tea,3.0,1,3.0
4666,2024-09-01,12:46:00,Downtown,Coffee,Cold Brew,4.5,1,4.5
4667,2024-09-01,16:31:00,Riverside,Coffee,Cold Brew,4.5,1,4.5
4668,2024-09-01,17:37:00,Riverside,Merchandise,12oz Mug,12.0,1,12.0
4669,2024-09-01,10:25:00,Downtown,Coffee,Cappuccino,4.0,2,8.0
4670,2024-09-01,16:08:00,Downtown,Tea,Herbal Blend,3.1,1,3.1
4671,2024-09-01,06:26:00,Uptown Mall,Coffee,Mocha,4.75,2,9.5
4672,2024-09-01,11:46:00,Downtown,Merchandise,Reusable Cup,9.0,2,18.0
4673,2024-09-02,14:02:00,Riverside,Coffee,Cold Brew,4.5,1,4.5
4674,2024-09-02,13:31:00,Downtown,Bakery,Bagel,2.75,1,2.75
4675,2024-09-02,18:06:00,Downtown,Coffee,Cappuccino,4.0,3,12.0
4676,2024-09-02,15:05:00,Downtown,Coffee,Latte,4.25,1,4.25
4677,2024-09-02,09:13:00,Uptown Mall,Coffee,Americano,3.25,2,6.5
4678,2024-09-02,19:09:00,Uptown Mall,Coffee,Americano,3.25,2,6.5
4679,2024-09-02,18:33:00,Uptown Mall,Coffee,Cold Brew,4.5,1,4.5
4680,2024-09-02,09:01:00,Uptown Mall,Bakery,Croissant,3.5,1,3.5
4681,2024-09-02,13:34:00,Uptown Mall,Coffee,Latte,4.25,1,4.25
4682,2024-09-02,13:54:00,Riverside,Coffee,Mocha,4.75,1,4.75
4683,2024-09-02,12:56:00,Riverside,Coffee,Americano,3.25,1,3.25
4684,2024-09-02,19:37:00,Downtown,Bakery,Croissant,3.5,1,3.5
4685,2024-09-03,11:55:00,Riverside,Bakery,Croissant,3.5,1,3.5
4686,2024-09-03,15:50:00,Downtown,Coffee,Cold Brew,4.5,1,4.5
4687,2024-09-03,06:01:00,Riverside,Coffee,Cold Brew,4.5,1,4.5
4688,2024-09-03,09:05:00,Uptown Mall,Bakery,Croissant,3.5,1,3.5
4689,2024-09-03,12:09:00,Uptown Mall,Coffee,Cappuccino,4.0,1,4.0
4690,2024-09-03,07:42:00,Downtown,Bakery,Chocolate Chip Cookie,2.5,1,2.5
4691,2024-09-03,18:13:00,Downtown,Coffee,Espresso,2.75,1,2.75
4692,2024-09-03,12:08:00,Downtown,Coffee,Americano,3.25,1,3.25
4693,2024-09-03,07:04:00,Riverside,Coffee,Cappuccino,4.0,2,8.0
4694,2024-09-03,11:24:00,Uptown Mall,Coffee,Cappuccino,4.0,1,4.0
4695,2024-09-03,08:47:00,Downtown,Coffee,Mocha,4.75,1,4.75
4696,2024-09-03,17:09:00,Riverside,Coffee,Americano,3.25,1,3.25
4697,2024-09-03,19:10:00,Downtown,Coffee,Espresso,2.75,3,8.25
4698,2024-09-04,09:11:00,Riverside,Coffee,Americano,3.25,1,3.25
4699,2024-09-04,17:55:00,Uptown Mall,Coffee,Mocha,4.75,1,4.75
4700,2024-09-04,18:50:00,Downtown,Coffee,Latte,4.25,2,8.5
4701,2024-09-04,17:18:00,Downtown,Coffee,Latte,4.25,1,4.25
4702,2024-09-04,08:29:00,Uptown Mall,Bakery,Chocolate Chip Cookie,2.5,1,2.5
4703,2024-09-04,16:31:00,Riverside,Coffee,Americano,3.25,1,3.25
4704,2024-09-04,12:52:00,Riverside,Coffee,Americano,3.25,1,3.25
4705,2024-09-04,06:17:00,Riverside,Coffee,Cappuccino,4.0,1,4.0
4706,2024-09-04,11:18:00,Downtown,Coffee,Cappuccino,4.0,1,4.0
4707,2024-09-04,13:43:00,Riverside,Coffee,Latte,4.25,2,8.5
4708,2024-09-04,09:57:00,Downtown,Bakery,Croissant,3.5,1,3.5
4709,2024-09-04,18:20:00,Downtown,Merchandise,12oz Mug,12.0,2,24.0
4710,2024-09-04,18:29:00,Riverside,Bakery,Bagel,2.75,1,2.75
4711,2024-09-04,16:18:00,Riverside,Merchandise,Gift Card,25.0,1,25.0
4712,2024-09-05,17:48:00,Uptown Mall,Coffee,Cold Brew,4.5,1,4.5
4713,2024-09-05,06:05:00,Uptown Mall,Coffee,Americano,3.25,1,3.25
4714,2024-09-05,18:31:00,Riverside,Merchandise,12oz Mug,12.0,2,24.0
4715,2024-09-05,19:50:00,Downtown,Bakery,Blueberry Muffin,3.25,1,3.25
4716,2024-09-05,13:58:00,Riverside,Bakery,Blueberry Muffin,3.25,2,6.5
4717,2024-09-05,11:13:00,Downtown,Merchandise,Reusable Cup,9.0,1,9.0
4718,2024-09-05,14:39:00,Downtown,Tea,Herbal Blend,3.1,1,3.1
4719,2024-09-05,11:06:00,Downtown,Bakery,Croissant,3.5,1,3.5
4720,2024-09-05,17:12:00,Riverside,Coffee,Mocha,4.75,1,4.75
4721,2024-09-05,06:19:00,Downtown,Bakery,Chocolate Chip Cookie,2.5,1,2.5
4722,2024-09-05,13:33:00,Uptown Mall,Merchandise,12oz Mug,12.0,1,12.0
4723,2024-09-05,09:59:00,Downtown,Coffee,Latte,4.25,1,4.25
4724,2024-09-05,18:40:00,Riverside,Coffee,Mocha,4.75,1,4.75
4725,2024-09-05,16:15:00,Uptown Mall,Coffee,Latte,4.25,1,4.25
4726,2024-09-06,19:18:00,Uptown Mall,Bakery,Chocolate Chip Cookie,2.5,1,2.5
4727,2024-09-06,08:50:00,Downtown,Coffee,Cappuccino,4.0,1,4.0
4728,2024-09-06,15:03:00,Riverside,Coffee,Espresso,2.75,2,5.5
4729,2024-09-06,13:23:00,Downtown,Tea,Herbal Blend,3.1,1,3.1
4730,2024-09-06,17:24:00,Riverside,Coffee,Espresso,2.75,2,5.5
4731,2024-09-06,16:09:00,Riverside,Merchandise,12oz Mug,12.0,1,12.0
4732,2024-09-06,12:47:00,Downtown,Tea,Herbal Blend,3.1,1,3.1
4733,2024-09-06,19:01:00,Downtown,Merchandise,Ground Coffee Bag,14.5,1,14.5
4734,2024-09-06,17:05:00,Uptown Mall,Coffee,Cold Brew,4.5,1,4.5
4735,2024-09-06,07:05:00,Uptown Mall,Merchandise,Gift Card,25.0,1,25.0
4736,2024-09-06,09:50:00,Riverside,Coffee,Espresso,2.75,1,2.75
4737,2024-09-06,09:05:00,Downtown,Coffee,Latte,4.25,1,4.25
4738,2024-09-06,16:44:00,Uptown Mall,Coffee,Americano,3.25,1,3.25
4739,2024-09-06,14:41:00,Riverside,Coffee,Espresso,2.75,1,2.75
4740,2024-09-06,16:29:00,Uptown Mall,Coffee,Espresso,2.75,1,2.75
4741,2024-09-06,16:36:00,Riverside,Bakery,Chocolate Chip Cookie,2.5,3,7.5
4742,2024-09-06,07:21:00,Uptown Mall,Coffee,Espresso,2.75,2,5.5
4743,2024-09-07,11:50:00,Uptown Mall,Coffee,Espresso,2.75,1,2.75
4744,2024-09-07,11:34:00,Uptown Mall,Coffee,Cold Brew,4.5,1,4.5
4745,2024-09-07,13:44:00,Downtown,Tea,Green Tea,3.0,1,3.0
4746,2024-09-07,07:38:00,Uptown Mall,Merchandise,Reusable Cup,9.0,1,9.0
4747,2024-09-07,06:37:00,Riverside,Coffee,Latte,4.25,1,4.25
4748,2024-09-07,08:50:00,Downtown,Tea,Chai Latte,4.1,2,8.2
4749,2024-09-07,07:10:00,Downtown,Merchandise,Reusable Cup,9.0,2,18.0
4750,2024-09-07,10:04:00,Riverside,Tea,Herbal Blend,3.1,1,3.1
4751,2024-09-07,12:47:00,Downtown,Coffee,Latte,4.25,1,4.25
4752,2024-09-07,10:33:00,Uptown Mall,Coffee,Americano,3.25,1,3.25
4753,2024-09-07,06:52:00,Downtown,Merchandise,Gift Card,25.0,1,25.0
4754,2024-09-07,13:08:00,Uptown Mall,Tea,Earl Grey,3.0,1,3.0
4755,2024-09-07,17:56:00,Riverside,Bakery,Blueberry Muffin,3.25,2,6.5
4756,2024-09-07,16:30:00,Downtown,Merchandise,Gift Card,25.0,1,25.0
4757,2024-09-07,06:59:00,Downtown,Bakery,Bagel,2.75,1,2.75
4758,2024-09-07,10:16:00,Downtown,Tea,Herbal Blend,3.1,1,3.1
4759,2024-09-07,11:02:00,Riverside,Coffee,Cappuccino,4.0,1,4.0
4760,2024-09-07,06:51:00,Downtown,Coffee,Cold Brew,4.5,1,4.5
4761,2024-09-07,06:23:00,Riverside,Merchandise,12oz Mug,12.0,1,12.0
4762,2024-09-07,15:53:00,Downtown,Coffee,Mocha,4.75,2,9.5
4763,2024-09-08,08:50:00,Riverside,Tea,Chai Latte,4.1,1,4.1
4764,2024-09-08,13:06:00,Downtown,Coffee,Americano,3.25,2,6.5
4765,2024-09-08,14:15:00,Riverside,Bakery,Bagel,2.75,1,2.75
4766,2024-09-08,07:24:00,Uptown Mall,Bakery,Chocolate Chip Cookie,2.5,1,2.5
4767,2024-09-08,16:15:00,Riverside,Coffee,Mocha,4.75,1,4.75
4768,2024-09-08,19:26:00,Uptown Mall,Tea,Earl Grey,3.0,1,3.0
4769,2024-09-08,12:26:00,Downtown,Merchandise,Ground Coffee Bag,14.5,1,14.5
4770,2024-09-08,19:32:00,Downtown,Coffee,Cappuccino,4.0,2,8.0
4771,2024-09-08,06:09:00,Riverside,Coffee,Mocha,4.75,1,4.75
4772,2024-09-08,13:34:00,Uptown Mall,Tea,Chai Latte,4.1,1,4.1
4773,2024-09-08,11:34:00,Downtown,Coffee,Cold Brew,4.5,2,9.0
4774,2024-09-08,15:56:00,Riverside,Bakery,Blueberry Muffin,3.25,1,3.25
4775,2024-09-08,06:31:00,Riverside,Coffee,Latte,4.25,1,4.25
4776,2024-09-08,16:01:00,Riverside,Coffee,Latte,4.25,1,4.25
4777,2024-09-08,10:01:00,Downtown,Tea,Earl Grey,3.0,1,3.0
4778,2024-09-08,15:24:00,Downtown,Merchandise,12oz Mug,12.0,2,24.0
4779,2024-09-09,15:06:00,Downtown,Coffee,Mocha,4.75,1,4.75
4780,2024-09-09,14:22:00,Downtown,Bakery,Blueberry Muffin,3.25,1,3.25
4781,2024-09-09,11:31:00,Uptown Mall,Bakery,Croissant,3.5,2,7.0
4782,2024-09-09,14:31:00,Downtown,Coffee,Cappuccino,4.0,1,4.0
4783,2024-09-09,17:28:00,Uptown Mall,Bakery,Blueberry Muffin,3.25,1,3.25
4784,2024-09-09,12:05:00,Uptown Mall,Bakery,Bagel,2.75,1,2.75
4785,2024-09-09,06:27:00,Riverside,Coffee,Espresso,2.75,1,2.75
4786,2024-09-09,12:52:00,Riverside,Bakery,Blueberry Muffin,3.25,3,9.75
4787,2024-09-09,15:34:00,Riverside,Coffee,Americano,3.25,1,3.25
4788,2024-09-09,12:12:00,Downtown,Coffee,Cappuccino,4.0,1,4.0
4789,2024-09-09,06:52:00,Uptown Mall,Coffee,Latte,4.25,1,4.25
4790,2024-09-09,07:15:00,Downtown,Coffee,Americano,3.25,1,3.25
4791,2024-09-09,13:06:00,Uptown Mall,Coffee,Cold Brew,4.5,2,9.0
4792,2024-09-09,16:37:00,Riverside,Bakery,Croissant,3.5,2,7.0
4793,2024-09-09,09:51:00,Riverside,Coffee,Espresso,2.75,2,5.5
4794,2024-09-09,09:51:00,Riverside,Bakery,Croissant,3.5,1,3.5
4795,2024-09-09,14:31:00,Riverside,Coffee,Cappuccino,4.0,1,4.0
4796,2024-09-09,09:01:00,Uptown Mall,Coffee,Cappuccino,4.0,1,4.0
4797,2024-09-09,18:48:00,Riverside,Bakery,Croissant,3.5,1,3.5
4798,2024-09-09,16:13:00,Downtown,Coffee,Mocha,4.75,1,4.75
4799,2024-09-09,12:53:00,Downtown,Coffee,Cappuccino,4.0,1,4.0
4800,2024-09-09,19:17:00,Downtown,Coffee,Americano,3.25,1,3.25
4801,2024-09-09,19:24:00,Riverside,Merchandise,Gift Card,25.0,1,25.0
4802,2024-09-10,14:52:00,Riverside,Bakery,Bagel,2.75,1,2.75
4803,2024-09-10,07:06:00,Uptown Mall,Coffee,Americano,3.25,1,3.25
4804,2024-09-10,13:47:00,Riverside,Bakery,Blueberry Muffin,3.25,1,3.25
4805,2024-09-10,13:17:00,Riverside,Merchandise,Reusable Cup,9.0,1,9.0
4806,2024-09-10,18:53:00,Downtown,Merchandise,Reusable Cup,9.0,1,9.0
4807,2024-09-10,18:22:00,Riverside,Tea,Herbal Blend,3.1,2,6.2
4808,2024-09-10,07:56:00,Downtown,Bakery,Blueberry Muffin,3.25,1,3.25
4809,2024-09-10,16:44:00,Downtown,Coffee,Cappuccino,4.0,1,4.0
4810,2024-09-10,11:59:00,Downtown,Merchandise,Ground Coffee Bag,14.5,1,14.5
4811,2024-09-10,08:48:00,Downtown,Coffee,Mocha,4.75,1,4.75
4812,2024-09-10,08:26:00,Riverside,Coffee,Espresso,2.75,1,2.75
4813,2024-09-10,13:53:00,Uptown Mall,Coffee,Americano,3.25,1,3.25
4814,2024-09-11,12:41:00,Uptown Mall,Coffee,Americano,3.25,2,6.5
4815,2024-09-11,13:59:00,Downtown,Coffee,Americano,3.25,1,3.25
4816,2024-09-11,17:26:00,Downtown,Coffee,Cappuccino,4.0,1,4.0
4817,2024-09-11,07:46:00,Downtown,Tea,Chai Latte,4.1,1,4.1
4818,2024-09-11,16:59:00,Riverside,Coffee,Cold Brew,4.5,1,4.5
4819,2024-09-11,17:03:00,Uptown Mall,Coffee,Americano,3.25,1,3.25
4820,2024-09-11,13:20:00,Downtown,Tea,Chai Latte,4.1,2,8.2
4821,2024-09-11,07:01:00,Riverside,Coffee,Cold Brew,4.5,3,13.5
4822,2024-09-11,11:40:00,Downtown,Coffee,Espresso,2.75,1,2.75
4823,2024-09-11,08:27:00,Downtown,Coffee,Espresso,2.75,1,2.75
4824,2024-09-11,15:06:00,Downtown,Merchandise,Reusable Cup,9.0,1,9.0
4825,2024-09-11,09:35:00,Uptown Mall,Tea,Chai Latte,4.1,2,8.2
4826,2024-09-11,19:46:00,Riverside,Bakery,Croissant,3.5,1,3.5
4827,2024-09-11,14:07:00,Downtown,Bakery,Chocolate Chip Cookie,2.5,1,2.5
4828,2024-09-11,18:34:00,Downtown,Coffee,Mocha,4.75,1,4.75
4829,2024-09-11,10:55:00,Downtown,Coffee,Cappuccino,4.0,2,8.0
4830,2024-09-11,19:38:00,Uptown Mall,Coffee,Espresso,2.75,1,2.75
4831,2024-09-11,18:08:00,Uptown Mall,Coffee,Cappuccino,4.0,1,4.0
4832,2024-09-11,10:06:00,Uptown Mall,Bakery,Bagel,2.75,1,2.75
4833,2024-09-11,12:11:00,Uptown Mall,Coffee,Mocha,4.75,1,4.75
4834,2024-09-11,08:21:00,Riverside,Tea,Earl Grey,3.0,1,3.0
4835,2024-09-11,17:49:00,Downtown,Coffee,Cold Brew,4.5,1,4.5
4836,2024-09-12,13:27:00,Uptown Mall,Bakery,Croissant,3.5,1,3.5
4837,2024-09-12,17:39:00,Downtown,Coffee,Cold Brew,4.5,1,4.5
4838,2024-09-12,13:55:00,Uptown Mall,Bakery,Bagel,2.75,1,2.75
4839,2024-09-12,07:02:00,Uptown Mall,Bakery,Blueberry Muffin,3.25,1,3.25
4840,2024-09-12,12:09:00,Riverside,Coffee,Mocha,4.75,1,4.75
4841,2024-09-12,06:29:00,Riverside,Tea,Herbal Blend,3.1,1,3.1
4842,2024-09-12,15:03:00,Riverside,Bakery,Blueberry Muffin,3.25,1,3.25
4843,2024-09-12,09:02:00,Downtown,Coffee,Espresso,2.75,2,5.5
4844,2024-09-12,08:32:00,Downtown,Bakery,Blueberry Muffin,3.25,2,6.5
4845,2024-09-12,09:35:00,Riverside,Coffee,Latte,4.25,1,4.25
4846,2024-09-12,11:14:00,Downtown,Coffee,Cappuccino,4.0,1,4.0
4847,2024-09-12,06:35:00,Downtown,Bakery,Chocolate Chip Cookie,2.5,1,2.5
4848,2024-09-12,14:24:00,Riverside,Tea,Earl Grey,3.0,1,3.0
4849,2024-09-12,17:09:00,Riverside,Coffee,Cold Brew,4.5,3,13.5
4850,2024-09-12,17:19:00,Uptown Mall,Bakery,Blueberry Muffin,3.25,1,3.25
4851,2024-09-12,07:31:00,Riverside,Coffee,Latte,4.25,1,4.25
4852,2024-09-12,18:14:00,Uptown Mall,Coffee,Americano,3.25,1,3.25
4853,2024-09-12,06:59:00,Downtown,Coffee,Americano,3.25,1,3.25
4854,2024-09-12,13:10:00,Downtown,Coffee,Americano,3.25,1,3.25
4855,2024-09-12,10:14:00,Uptown Mall,Coffee,Mocha,4.75,1,4.75
4856,2024-09-12,18:01:00,Downtown,Coffee,Cold Brew,4.5,1,4.5
4857,2024-09-12,11:23:00,Uptown Mall,Coffee,Cold Brew,4.5,3,13.5
4858,2024-09-12,17:08:00,Riverside,Coffee,Espresso,2.75,1,2.75
4859,2024-09-13,07:40:00,Downtown,Coffee,Espresso,2.75,1,2.75
4860,2024-09-13,11:43:00,Riverside,Merchandise,Reusable Cup,9.0,1,9.0
4861,2024-09-13,06:20:00,Downtown,Coffee,Americano,3.25,1,3.25
4862,2024-09-13,15:56:00,Riverside,Coffee,Latte,4.25,1,4.25
4863,2024-09-13,13:26:00,Riverside,Coffee,Mocha,4.75,2,9.5
4864,2024-09-13,09:17:00,Riverside,Tea,Earl Grey,3.0,1,3.0
4865,2024-09-13,11:27:00,Downtown,Coffee,Espresso,2.75,1,2.75
4866,2024-09-13,18:44:00,Riverside,Coffee,Espresso,2.75,2,5.5
4867,2024-09-13,08:47:00,Riverside,Coffee,Latte,4.25,1,4.25
4868,2024-09-13,11:53:00,Downtown,Bakery,Chocolate Chip Cookie,2.5,2,5.0
4869,2024-09-13,09:53:00,Riverside,Coffee,Cappuccino,4.0,1,4.0
4870,2024-09-13,11:25:00,Downtown,Merchandise,Gift Card,25.0,1,25.0
4871,2024-09-14,07:18:00,Downtown,Bakery,Blueberry Muffin,3.25,1,3.25
4872,2024-09-14,07:19:00,Riverside,Merchandise,Reusable Cup,9.0,2,18.0
4873,2024-09-14,18:55:00,Uptown Mall,Coffee,Mocha,4.75,1,4.75
4874,2024-09-14,15:20:00,Downtown,Bakery,Bagel,2.75,1,2.75
4875,2024-09-14,08:27:00,Riverside,Coffee,Cappuccino,4.0,1,4.0
4876,2024-09-14,16:13:00,Downtown,Bakery,Bagel,2.75,1,2.75
4877,2024-09-14,15:56:00,Riverside,Coffee,Cold Brew,4.5,1,4.5
4878,2024-09-14,14:59:00,Uptown Mall,Bakery,Blueberry Muffin,3.25,1,3.25
4879,2024-09-14,07:11:00,Downtown,Bakery,Blueberry Muffin,3.25,2,6.5
4880,2024-09-14,08:06:00,Downtown,Coffee,Cappuccino,4.0,1,4.0
4881,2024-09-14,15:39:00,Uptown Mall,Bakery,Croissant,3.5,2,7.0
4882,2024-09-14,13:17:00,Uptown Mall,Bakery,Blueberry Muffin,3.25,1,3.25
4883,2024-09-14,07:08:00,Downtown,Merchandise,Reusable Cup,9.0,2,18.0
4884,2024-09-14,06:49:00,Riverside,Tea,Herbal Blend,3.1,1,3.1
4885,2024-09-14,17:22:00,Riverside,Coffee,Mocha,4.75,1,4.75
4886,2024-09-15,10:26:00,Downtown,Coffee,Mocha,4.75,1,4.75
4887,2024-09-15,12:33:00,Riverside,Merchandise,Ground Coffee Bag,14.5,2,29.0
4888,2024-09-15,18:24:00,Riverside,Bakery,Croissant,3.5,1,3.5
4889,2024-09-15,12:36:00,Uptown Mall,Coffee,Latte,4.25,1,4.25
4890,2024-09-15,11:56:00,Downtown,Merchandise,Reusable Cup,9.0,1,9.0
4891,2024-09-15,12:07:00,Uptown Mall,Coffee,Latte,4.25,3,12.75
4892,2024-09-15,13:02:00,Uptown Mall,Coffee,Mocha,4.75,2,9.5
4893,2024-09-15,08:48:00,Downtown,Merchandise,12oz Mug,12.0,1,12.0
4894,2024-09-15,16:21:00,Uptown Mall,Coffee,Latte,4.25,2,8.5
4895,2024-09-15,16:14:00,Downtown,Bakery,Blueberry Muffin,3.25,1,3.25
4896,2024-09-15,07:19:00,Downtown,Coffee,Cold Brew,4.5,1,4.5
4897,2024-09-15,07:17:00,Downtown,Coffee,Americano,3.25,1,3.25
4898,2024-09-15,19:18:00,Downtown,Tea,Green Tea,3.0,3,9.0
4899,2024-09-15,12:01:00,Downtown,Tea,Herbal Blend,3.1,2,6.2
4900,2024-09-15,17:06:00,Downtown,Coffee,Cappuccino,4.0,1,4.0
4901,2024-09-15,18:43:00,Downtown,Merchandise,Reusable Cup,9.0,1,9.0
4902,2024-09-15,06:54:00,Riverside,Merchandise,12oz Mug,12.0,1,12.0
4903,2024-09-15,10:12:00,Downtown,Tea,Green Tea,3.0,1,3.0
4904,2024-09-15,06:19:00,Riverside,Coffee,Latte,4.25,2,8.5
4905,2024-09-15,14:48:00,Uptown Mall,Coffee,Espresso,2.75,2,5.5
4906,2024-09-15,13:32:00,Uptown Mall,Coffee,Cappuccino,4.0,1,4.0
4907,2024-09-15,06:46:00,Downtown,Tea,Chai Latte,4.1,1,4.1
4908,2024-09-15,08:10:00,Downtown,Bakery,Croissant,3.5,1,3.5
4909,2024-09-15,06:14:00,Downtown,Bakery,Chocolate Chip Cookie,2.5,1,2.5
4910,2024-09-15,14:09:00,Downtown,Coffee,Americano,3.25,1,3.25
4911,2024-09-15,18:43:00,Downtown,Coffee,Latte,4.25,1,4.25
4912,2024-09-16,06:51:00,Riverside,Bakery,Bagel,2.75,1,2.75
4913,2024-09-16,10:02:00,Downtown,Tea,Herbal Blend,3.1,1,3.1
4914,2024-09-16,07:36:00,Downtown,Coffee,Americano,3.25,1,3.25
4915,2024-09-16,17:58:00,Downtown,Coffee,Americano,3.25,1,3.25
4916,2024-09-16,12:34:00,Uptown Mall,Merchandise,Ground Coffee Bag,14.5,1,14.5
4917,2024-09-16,17:16:00,Uptown Mall,Tea,Herbal Blend,3.1,1,3.1
4918,2024-09-16,07:06:00,Riverside,Coffee,Americano,3.25,1,3.25
4919,2024-09-16,16:00:00,Riverside,Merchandise,Gift Card,25.0,1,25.0
4920,2024-09-16,16:29:00,Downtown,Bakery,Bagel,2.75,1,2.75
4921,2024-09-16,09:51:00,Downtown,Coffee,Cappuccino,4.0,1,4.0
4922,2024-09-16,15:49:00,Downtown,Merchandise,12oz Mug,12.0,1,12.0
4923,2024-09-16,16:44:00,Riverside,Merchandise,12oz Mug,12.0,2,24.0
4924,2024-09-16,09:45:00,Downtown,Coffee,Americano,3.25,1,3.25
4925,2024-09-16,18:32:00,Riverside,Coffee,Americano,3.25,1,3.25
4926,2024-09-16,06:29:00,Uptown Mall,Coffee,Latte,4.25,1,4.25
4927,2024-09-16,09:53:00,Uptown Mall,Bakery,Bagel,2.75,1,2.75
4928,2024-09-17,12:33:00,Downtown,Coffee,Latte,4.25,1,4.25
4929,2024-09-17,09:39:00,Riverside,Merchandise,12oz Mug,12.0,2,24.0
4930,2024-09-17,15:27:00,Riverside,Merchandise,Ground Coffee Bag,14.5,1,14.5
4931,2024-09-17,18:17:00,Riverside,Bakery,Croissant,3.5,1,3.5
4932,2024-09-17,09:21:00,Downtown,Bakery,Bagel,2.75,1,2.75
4933,2024-09-17,06:52:00,Riverside,Merchandise,Reusable Cup,9.0,2,18.0
4934,2024-09-17,15:41:00,Riverside,Coffee,Espresso,2.75,1,2.75
4935,2024-09-17,11:21:00,Downtown,Coffee,Americano,3.25,1,3.25
4936,2024-09-17,12:49:00,Uptown Mall,Coffee,Cold Brew,4.5,1,4.5
4937,2024-09-17,08:51:00,Riverside,Bakery,Croissant,3.5,1,3.5
4938,2024-09-17,18:34:00,Downtown,Merchandise,Gift Card,25.0,1,25.0
4939,2024-09-17,14:52:00,Downtown,Coffee,Americano,3.25,2,6.5
4940,2024-09-17,10:44:00,Riverside,Tea,Herbal Blend,3.1,1,3.1
4941,2024-09-18,09:04:00,Riverside,Bakery,Blueberry Muffin,3.25,1,3.25
4942,2024-09-18,15:35:00,Uptown Mall,Coffee,Latte,4.25,1,4.25
4943,2024-09-18,07:50:00,Downtown,Coffee,Mocha,4.75,1,4.75
4944,2024-09-18,07:50:00,Downtown,Tea,Chai Latte,4.1,1,4.1
4945,2024-09-18,11:28:00,Riverside,Tea,Earl Grey,3.0,1,3.0
4946,2024-09-18,11:31:00,Riverside,Merchandise,Reusable Cup,9.0,1,9.0
4947,2024-09-18,17:15:00,Uptown Mall,Coffee,Americano,3.25,1,3.25
4948,2024-09-18,16:09:00,Riverside,Coffee,Americano,3.25,1,3.25
4949,2024-09-18,14:43:00,Downtown,Bakery,Croissant,3.5,1,3.5
4950,2024-09-18,07:24:00,Uptown Mall,Tea,Earl Grey,3.0,1,3.0
4951,2024-09-18,15:19:00,Riverside,Bakery,Croissant,3.5,1,3.5
4952,2024-09-18,06:51:00,Downtown,Bakery,Blueberry Muffin,3.25,2,6.5
4953,2024-09-18,18:03:00,Downtown,Bakery,Chocolate Chip Cookie,2.5,1,2.5
4954,2024-09-18,07:11:00,Riverside,Tea,Green Tea,3.0,1,3.0
4955,2024-09-18,17:12:00,Uptown Mall,Bakery,Bagel,2.75,1,2.75
4956,2024-09-18,11:51:00,Uptown Mall,Bakery,Chocolate Chip Cookie,2.5,1,2.5
4957,2024-09-18,12:51:00,Downtown,Tea,Earl Grey,3.0,1,3.0
4958,2024-09-18,06:02:00,Uptown Mall,Coffee,Espresso,2.75,1,2.75
4959,2024-09-19,18:13:00,Downtown,Bakery,Chocolate Chip Cookie,2.5,1,2.5
4960,2024-09-19,07:14:00,Downtown,Bakery,Chocolate Chip Cookie,2.5,1,2.5
4961,2024-09-19,19:07:00,Uptown Mall,Coffee,Cappuccino,4.0,1,4.0
4962,2024-09-19,09:59:00,Uptown Mall,Coffee,Mocha,4.75,1,4.75
4963,2024-09-19,08:52:00,Downtown,Tea,Earl Grey,3.0,1,3.0
4964,2024-09-19,17:17:00,Downtown,Bakery,Croissant,3.5,1,3.5
4965,2024-09-19,15:24:00,Downtown,Coffee,Americano,3.25,1,3.25
4966,2024-09-19,12:30:00,Riverside,Bakery,Bagel,2.75,1,2.75
4967,2024-09-19,12:23:00,Riverside,Coffee,Cappuccino,4.0,2,8.0
4968,2024-09-19,14:47:00,Downtown,Bakery,Chocolate Chip Cookie,2.5,1,2.5
4969,2024-09-19,06:41:00,Downtown,Bakery,Chocolate Chip Cookie,2.5,1,2.5
4970,2024-09-19,14:00:00,Uptown Mall,Bakery,Chocolate Chip Cookie,2.5,3,7.5
4971,2024-09-19,15:20:00,Riverside,Tea,Chai Latte,4.1,1,4.1
4972,2024-09-19,07:34:00,Downtown,Coffee,Latte,4.25,1,4.25
4973,2024-09-19,18:44:00,Uptown Mall,Coffee,Cold Brew,4.5,2,9.0
4974,2024-09-20,16:47:00,Riverside,Merchandise,Ground Coffee Bag,14.5,1,14.5
4975,2024-09-20,14:59:00,Downtown,Coffee,Espresso,2.75,1,2.75
4976,2024-09-20,06:38:00,Downtown,Coffee,Cappuccino,4.0,3,12.0
4977,2024-09-20,14:44:00,Riverside,Bakery,Bagel,2.75,1,2.75
4978,2024-09-20,07:45:00,Uptown Mall,Coffee,Espresso,2.75,1,2.75
4979,2024-09-20,17:05:00,Riverside,Coffee,Latte,4.25,1,4.25
4980,2024-09-20,13:15:00,Uptown Mall,Bakery,Blueberry Muffin,3.25,3,9.75
4981,2024-09-20,09:49:00,Riverside,Tea,Chai Latte,4.1,1,4.1
4982,2024-09-20,15:35:00,Uptown Mall,Coffee,Latte,4.25,2,8.5
4983,2024-09-20,13:51:00,Downtown,Tea,Green Tea,3.0,1,3.0
4984,2024-09-20,17:23:00,Uptown Mall,Tea,Chai Latte,4.1,2,8.2
4985,2024-09-20,12:38:00,Downtown,Bakery,Blueberry Muffin,3.25,1,3.25
4986,2024-09-20,18:14:00,Uptown Mall,Coffee,Americano,3.25,1,3.25
4987,2024-09-20,12:34:00,Downtown,Coffee,Latte,4.25,1,4.25
4988,2024-09-20,10:26:00,Uptown Mall,Bakery,Blueberry Muffin,3.25,1,3.25
4989,2024-09-20,17:52:00,Uptown Mall,Coffee,Latte,4.25,1,4.25
4990,2024-09-20,11:31:00,Uptown Mall,Bakery,Bagel,2.75,1,2.75
4991,2024-09-20,11:10:00,Downtown,Coffee,Espresso,2.75,1,2.75
4992,2024-09-20,14:23:00,Downtown,Coffee,Cappuccino,4.0,1,4.0
4993,2024-09-20,18:44:00,Riverside,Coffee,Espresso,2.75,1,2.75
4994,2024-09-20,11:37:00,Downtown,Tea,Herbal Blend,3.1,1,3.1
4995,2024-09-20,08:38:00,Riverside,Tea,Earl Grey,3.0,2,6.0
4996,2024-09-21,07:07:00,Uptown Mall,Tea,Green Tea,3.0,1,3.0
4997,2024-09-21,14:26:00,Downtown,Bakery,Bagel,2.75,1,2.75
4998,2024-09-21,14:47:00,Downtown,Tea,Chai Latte,4.1,1,4.1
4999,2024-09-21,12:25:00,Riverside,Coffee,Espresso,2.75,1,2.75
5000,2024-09-21,08:15:00,Uptown Mall,Coffee,Cappuccino,4.0,1,4.0
5001,2024-09-21,19:14:00,Downtown,Coffee,Latte,4.25,1,4.25
5002,2024-09-21,11:01:00,Uptown Mall,Coffee,Espresso,2.75,2,5.5
5003,2024-09-21,16:30:00,Uptown Mall,Coffee,Cappuccino,4.0,2,8.0
5004,2024-09-21,09:51:00,Downtown,Bakery,Croissant,3.5,1,3.5
5005,2024-09-21,15:32:00,Uptown Mall,Coffee,Cold Brew,4.5,1,4.5
5006,2024-09-21,06:55:00,Riverside,Bakery,Blueberry Muffin,3.25,1,3.25
5007,2024-09-21,12:48:00,Downtown,Bakery,Bagel,2.75,1,2.75
5008,2024-09-21,18:58:00,Uptown Mall,Coffee,Cappuccino,4.0,1,4.0
5009,2024-09-21,13:24:00,Downtown,Tea,Chai Latte,4.1,1,4.1
5010,2024-09-21,09:40:00,Downtown,Bakery,Bagel,2.75,1,2.75
5011,2024-09-21,17:40:00,Downtown,Tea,Chai Latte,4.1,1,4.1
5012,2024-09-21,07:27:00,Uptown Mall,Coffee,Americano,3.25,1,3.25
5013,2024-09-21,07:44:00,Riverside,Merchandise,Ground Coffee Bag,14.5,1,14.5
5014,2024-09-22,08:44:00,Riverside,Tea,Earl Grey,3.0,1,3.0
5015,2024-09-22,06:24:00,Uptown Mall,Coffee,Mocha,4.75,1,4.75
5016,2024-09-22,07:37:00,Riverside,Coffee,Latte,4.25,1,4.25
5017,2024-09-22,13:29:00,Downtown,Merchandise,Reusable Cup,9.0,1,9.0
5018,2024-09-22,09:04:00,Downtown,Tea,Chai Latte,4.1,3,12.3
5019,2024-09-22,14:41:00,Riverside,Tea,Earl Grey,3.0,1,3.0
5020,2024-09-22,14:42:00,Downtown,Coffee,Latte,4.25,1,4.25
5021,2024-09-22,19:24:00,Downtown,Coffee,Mocha,4.75,1,4.75
5022,2024-09-22,18:06:00,Uptown Mall,Coffee,Mocha,4.75,1,4.75
5023,2024-09-22,11:04:00,Riverside,Coffee,Cappuccino,4.0,2,8.0
5024,2024-09-22,14:16:00,Riverside,Coffee,Latte,4.25,1,4.25
5025,2024-09-22,18:38:00,Uptown Mall,Coffee,Espresso,2.75,1,2.75
5026,2024-09-22,06:22:00,Downtown,Coffee,Americano,3.25,1,3.25
5027,2024-09-22,15:17:00,Downtown,Bakery,Blueberry Muffin,3.25,1,3.25
5028,2024-09-22,15:52:00,Riverside,Tea,Green Tea,3.0,1,3.0
5029,2024-09-22,16:05:00,Uptown Mall,Coffee,Latte,4.25,2,8.5
5030,2024-09-22,19:49:00,Uptown Mall,Coffee,Cappuccino,4.0,1,4.0
5031,2024-09-22,15:58:00,Downtown,Coffee,Espresso,2.75,1,2.75
5032,2024-09-22,19:22:00,Riverside,Coffee,Latte,4.25,1,4.25
5033,2024-09-22,08:51:00,Downtown,Tea,Green Tea,3.0,1,3.0
5034,2024-09-22,18:20:00,Riverside,Merchandise,12oz Mug,12.0,1,12.0
5035,2024-09-22,11:44:00,Riverside,Coffee,Americano,3.25,1,3.25
5036,2024-09-22,07:28:00,Downtown,Bakery,Chocolate Chip Cookie,2.5,1,2.5
5037,2024-09-22,19:40:00,Downtown,Coffee,Americano,3.25,1,3.25
5038,2024-09-22,17:21:00,Uptown Mall,Coffee,Cappuccino,4.0,1,4.0
5039,2024-09-22,10:09:00,Uptown Mall,Coffee,Mocha,4.75,2,9.5
5040,2024-09-22,15:40:00,Riverside,Coffee,Latte,4.25,2,8.5
5041,2024-09-22,18:56:00,Downtown,Tea,Earl Grey,3.0,1,3.0
5042,2024-09-23,12:07:00,Riverside,Bakery,Croissant,3.5,1,3.5
5043,2024-09-23,10:43:00,Riverside,Merchandise,Ground Coffee Bag,14.5,1,14.5
5044,2024-09-23,12:58:00,Uptown Mall,Coffee,Americano,3.25,1,3.25
5045,2024-09-23,12:57:00,Downtown,Coffee,Cold Brew,4.5,1,4.5
5046,2024-09-23,08:29:00,Riverside,Merchandise,Ground Coffee Bag,14.5,1,14.5
5047,2024-09-23,13:41:00,Riverside,Bakery,Croissant,3.5,1,3.5
5048,2024-09-23,16:41:00,Uptown Mall,Tea,Herbal Blend,3.1,1,3.1
5049,2024-09-23,07:26:00,Downtown,Coffee,Americano,3.25,1,3.25
5050,2024-09-23,11:11:00,Uptown Mall,Coffee,Latte,4.25,1,4.25
5051,2024-09-23,08:56:00,Uptown Mall,Coffee,Cold Brew,4.5,2,9.0
5052,2024-09-23,11:30:00,Riverside,Coffee,Americano,3.25,1,3.25
5053,2024-09-23,09:56:00,Riverside,Tea,Earl Grey,3.0,1,3.0
5054,2024-09-23,17:27:00,Uptown Mall,Merchandise,Reusable Cup,9.0,1,9.0
5055,2024-09-23,12:25:00,Riverside,Coffee,Espresso,2.75,3,8.25
5056,2024-09-23,11:42:00,Downtown,Merchandise,Gift Card,25.0,1,25.0
5057,2024-09-23,16:48:00,Downtown,Coffee,Americano,3.25,1,3.25
5058,2024-09-23,07:39:00,Riverside,Tea,Earl Grey,3.0,1,3.0
5059,2024-09-24,10:24:00,Downtown,Coffee,Latte,4.25,1,4.25
5060,2024-09-24,18:09:00,Uptown Mall,Coffee,Cappuccino,4.0,1,4.0
5061,2024-09-24,13:37:00,Downtown,Coffee,Cappuccino,4.0,1,4.0
5062,2024-09-24,09:21:00,Downtown,Coffee,Latte,4.25,1,4.25
5063,2024-09-24,16:14:00,Uptown Mall,Merchandise,Ground Coffee Bag,14.5,1,14.5
5064,2024-09-24,18:55:00,Downtown,Coffee,Latte,4.25,1,4.25
5065,2024-09-24,15:30:00,Downtown,Bakery,Blueberry Muffin,3.25,1,3.25
5066,2024-09-24,17:32:00,Downtown,Bakery,Croissant,3.5,1,3.5
5067,2024-09-24,15:43:00,Riverside,Bakery,Bagel,2.75,1,2.75
5068,2024-09-24,18:41:00,Downtown,Coffee,Cappuccino,4.0,1,4.0
5069,2024-09-24,06:22:00,Riverside,Coffee,Cappuccino,4.0,1,4.0
5070,2024-09-24,10:34:00,Riverside,Coffee,Cold Brew,4.5,1,4.5
5071,2024-09-24,17:46:00,Uptown Mall,Bakery,Bagel,2.75,2,5.5
5072,2024-09-24,17:43:00,Downtown,Tea,Herbal Blend,3.1,1,3.1
5073,2024-09-24,18:22:00,Downtown,Coffee,Cappuccino,4.0,1,4.0
5074,2024-09-24,14:32:00,Riverside,Coffee,Cappuccino,4.0,1,4.0
5075,2024-09-24,06:18:00,Downtown,Coffee,Americano,3.25,1,3.25
5076,2024-09-25,07:31:00,Riverside,Tea,Chai Latte,4.1,2,8.2
5077,2024-09-25,19:01:00,Uptown Mall,Coffee,Latte,4.25,1,4.25
5078,2024-09-25,16:00:00,Uptown Mall,Tea,Chai Latte,4.1,1,4.1
5079,2024-09-25,16:23:00,Downtown,Coffee,Mocha,4.75,1,4.75
5080,2024-09-25,09:36:00,Downtown,Coffee,Cold Brew,4.5,1,4.5
5081,2024-09-25,15:50:00,Downtown,Coffee,Cold Brew,4.5,1,4.5
5082,2024-09-25,18:00:00,Downtown,Bakery,Bagel,2.75,1,2.75
5083,2024-09-25,14:48:00,Downtown,Coffee,Espresso,2.75,2,5.5
5084,2024-09-25,18:50:00,Downtown,Tea,Chai Latte,4.1,1,4.1
5085,2024-09-25,19:29:00,Downtown,Bakery,Bagel,2.75,1,2.75
5086,2024-09-25,15:08:00,Uptown Mall,Tea,Green Tea,3.0,1,3.0
5087,2024-09-25,17:27:00,Downtown,Bakery,Blueberry Muffin,3.25,1,3.25
5088,2024-09-25,16:10:00,Downtown,Coffee,Mocha,4.75,1,4.75
5089,2024-09-25,18:09:00,Riverside,Bakery,Bagel,2.75,1,2.75
5090,2024-09-25,19:08:00,Downtown,Coffee,Americano,3.25,1,3.25
5091,2024-09-25,15:14:00,Uptown Mall,Coffee,Cappuccino,4.0,1,4.0
5092,2024-09-26,13:23:00,Uptown Mall,Merchandise,Reusable Cup,9.0,1,9.0
5093,2024-09-26,11:42:00,Uptown Mall,Coffee,Cold Brew,4.5,3,13.5
5094,2024-09-26,14:27:00,Riverside,Coffee,Mocha,4.75,1,4.75
5095,2024-09-26,17:25:00,Riverside,Coffee,Americano,3.25,1,3.25
5096,2024-09-26,12:37:00,Riverside,Bakery,Bagel,2.75,1,2.75
5097,2024-09-26,06:18:00,Uptown Mall,Coffee,Cappuccino,4.0,1,4.0
5098,2024-09-26,16:09:00,Uptown Mall,Coffee,Mocha,4.75,1,4.75
5099,2024-09-26,19:50:00,Downtown,Bakery,Blueberry Muffin,3.25,1,3.25
5100,2024-09-26,09:04:00,Downtown,Coffee,Americano,3.25,1,3.25
5101,2024-09-26,18:07:00,Uptown Mall,Coffee,Espresso,2.75,1,2.75
5102,2024-09-26,15:03:00,Downtown,Bakery,Croissant,3.5,1,3.5
5103,2024-09-26,17:06:00,Downtown,Coffee,Mocha,4.75,2,9.5
5104,2024-09-26,09:38:00,Uptown Mall,Coffee,Americano,3.25,1,3.25
5105,2024-09-26,08:24:00,Downtown,Bakery,Blueberry Muffin,3.25,1,3.25
5106,2024-09-26,14:20:00,Downtown,Coffee,Espresso,2.75,1,2.75
5107,2024-09-26,10:32:00,Uptown Mall,Tea,Herbal Blend,3.1,1,3.1
5108,2024-09-26,19:10:00,Uptown Mall,Coffee,Mocha,4.75,1,4.75
5109,2024-09-26,07:32:00,Riverside,Coffee,Cold Brew,4.5,1,4.5
5110,2024-09-27,11:30:00,Downtown,Coffee,Mocha,4.75,1,4.75
5111,2024-09-27,11:41:00,Riverside,Bakery,Bagel,2.75,1,2.75
5112,2024-09-27,16:44:00,Downtown,Coffee,Espresso,2.75,1,2.75
5113,2024-09-27,10:27:00,Riverside,Bakery,Croissant,3.5,1,3.5
5114,2024-09-27,07:37:00,Uptown Mall,Bakery,Croissant,3.5,1,3.5
5115,2024-09-27,16:56:00,Downtown,Coffee,Americano,3.25,1,3.25
5116,2024-09-27,16:33:00,Downtown,Bakery,Chocolate Chip Cookie,2.5,2,5.0
5117,2024-09-27,13:16:00,Downtown,Coffee,Cappuccino,4.0,1,4.0
5118,2024-09-27,14:03:00,Downtown,Coffee,Espresso,2.75,1,2.75
5119,2024-09-27,16:44:00,Downtown,Tea,Chai Latte,4.1,1,4.1
5120,2024-09-27,16:10:00,Riverside,Tea,Chai Latte,4.1,1,4.1
5121,2024-09-27,10:55:00,Uptown Mall,Coffee,Mocha,4.75,1,4.75
5122,2024-09-27,09:45:00,Uptown Mall,Tea,Green Tea,3.0,1,3.0
5123,2024-09-27,15:46:00,Riverside,Coffee,Cold Brew,4.5,1,4.5
5124,2024-09-28,07:17:00,Riverside,Coffee,Mocha,4.75,1,4.75
5125,2024-09-28,07:39:00,Downtown,Coffee,Cappuccino,4.0,1,4.0
5126,2024-09-28,16:40:00,Downtown,Coffee,Cold Brew,4.5,1,4.5
5127,2024-09-28,17:03:00,Riverside,Coffee,Mocha,4.75,1,4.75
5128,2024-09-28,07:24:00,Riverside,Merchandise,Gift Card,25.0,2,50.0
5129,2024-09-28,10:13:00,Uptown Mall,Coffee,Espresso,2.75,1,2.75
5130,2024-09-28,15:18:00,Downtown,Bakery,Blueberry Muffin,3.25,3,9.75
5131,2024-09-28,08:00:00,Downtown,Merchandise,Ground Coffee Bag,14.5,1,14.5
5132,2024-09-28,18:55:00,Downtown,Coffee,Latte,4.25,1,4.25
5133,2024-09-28,15:46:00,Downtown,Coffee,Americano,3.25,2,6.5
5134,2024-09-28,10:43:00,Uptown Mall,Coffee,Cold Brew,4.5,2,9.0
5135,2024-09-28,19:24:00,Riverside,Tea,Green Tea,3.0,1,3.0
5136,2024-09-28,06:46:00,Uptown Mall,Coffee,Cold Brew,4.5,2,9.0
5137,2024-09-28,17:31:00,Uptown Mall,Coffee,Cold Brew,4.5,1,4.5
5138,2024-09-28,19:43:00,Downtown,Tea,Green Tea,3.0,1,3.0
5139,2024-09-28,18:29:00,Uptown Mall,Bakery,Blueberry Muffin,3.25,1,3.25
5140,2024-09-28,17:12:00,Downtown,Coffee,Cold Brew,4.5,1,4.5
5141,2024-09-28,13:55:00,Uptown Mall,Coffee,Latte,4.25,1,4.25
5142,2024-09-28,07:45:00,Riverside,Bakery,Croissant,3.5,2,7.0
5143,2024-09-28,18:00:00,Uptown Mall,Coffee,Latte,4.25,1,4.25
5144,2024-09-29,11:17:00,Uptown Mall,Tea,Herbal Blend,3.1,1,3.1
5145,2024-09-29,06:09:00,Downtown,Coffee,Latte,4.25,1,4.25
5146,2024-09-29,10:24:00,Uptown Mall,Coffee,Cold Brew,4.5,1,4.5
5147,2024-09-29,09:23:00,Downtown,Coffee,Cappuccino,4.0,1,4.0
5148,2024-09-29,19:10:00,Uptown Mall,Coffee,Latte,4.25,1,4.25
5149,2024-09-29,18:46:00,Riverside,Coffee,Latte,4.25,1,4.25
5150,2024-09-29,19:15:00,Downtown,Tea,Earl Grey,3.0,1,3.0
5151,2024-09-29,06:51:00,Riverside,Coffee,Cold Brew,4.5,1,4.5
5152,2024-09-29,14:04:00,Downtown,Coffee,Cappuccino,4.0,1,4.0
5153,2024-09-29,08:35:00,Downtown,Coffee,Americano,3.25,1,3.25
5154,2024-09-29,19:49:00,Downtown,Coffee,Americano,3.25,1,3.25
5155,2024-09-29,11:40:00,Riverside,Coffee,Mocha,4.75,2,9.5
5156,2024-09-29,11:28:00,Downtown,Coffee,Latte,4.25,2,8.5
5157,2024-09-29,13:03:00,Riverside,Bakery,Bagel,2.75,1,2.75
5158,2024-09-29,06:24:00,Downtown,Bakery,Blueberry Muffin,3.25,2,6.5
5159,2024-09-29,06:41:00,Downtown,Coffee,Mocha,4.75,1,4.75
5160,2024-09-29,06:52:00,Downtown,Coffee,Espresso,2.75,2,5.5
5161,2024-09-29,06:22:00,Downtown,Tea,Earl Grey,3.0,1,3.0
5162,2024-09-30,15:44:00,Uptown Mall,Bakery,Bagel,2.75,2,5.5
5163,2024-09-30,12:01:00,Downtown,Merchandise,Reusable Cup,9.0,2,18.0
5164,2024-09-30,12:26:00,Riverside,Coffee,Espresso,2.75,1,2.75
5165,2024-09-30,18:59:00,Downtown,Coffee,Espresso,2.75,1,2.75
5166,2024-09-30,14:18:00,Downtown,Tea,Earl Grey,3.0,2,6.0
5167,2024-09-30,06:40:00,Downtown,Merchandise,Gift Card,25.0,1,25.0
5168,2024-09-30,15:08:00,Uptown Mall,Bakery,Blueberry Muffin,3.25,1,3.25
5169,2024-09-30,09:06:00,Downtown,Coffee,Cappuccino,4.0,1,4.0
5170,2024-09-30,15:20:00,Uptown Mall,Coffee,Americano,3.25,1,3.25
5171,2024-09-30,19:46:00,Downtown,Coffee,Cold Brew,4.5,1,4.5
5172,2024-09-30,10:54:00,Uptown Mall,Coffee,Cold Brew,4.5,1,4.5
5173,2024-09-30,16:09:00,Uptown Mall,Coffee,Mocha,4.75,1,4.75
5174,2024-09-30,17:12:00,Riverside,Coffee,Latte,4.25,1,4.25
5175,2024-09-30,06:37:00,Riverside,Coffee,Americano,3.25,1,3.25
5176,2024-09-30,09:01:00,Downtown,Coffee,Mocha,4.75,1,4.75
5177,2024-09-30,16:14:00,Uptown Mall,Coffee,Mocha,4.75,1,4.75
5178,2024-09-30,06:05:00,Downtown,Tea,Earl Grey,3.0,1,3.0
5179,2024-09-30,14:14:00,Downtown,Coffee,Cold Brew,4.5,1,4.5
5180,2024-09-30,16:21:00,Downtown,Coffee,Mocha,4.75,1,4.75
5181,2024-09-30,14:03:00,Riverside,Coffee,Cold Brew,4.5,1,4.5
5182,2024-09-30,10:13:00,Downtown,Coffee,Espresso,2.75,1,2.75
5183,2024-09-30,16:07:00,Uptown Mall,Coffee,Mocha,4.75,1,4.75
5184,2024-10-01,09:48:00,Downtown,Merchandise,Gift Card,25.0,1,25.0
5185,2024-10-01,10:45:00,Riverside,Coffee,Mocha,4.75,2,9.5
5186,2024-10-01,09:10:00,Uptown Mall,Coffee,Americano,3.25,3,9.75
5187,2024-10-01,07:12:00,Downtown,Coffee,Espresso,2.75,1,2.75
5188,2024-10-01,07:48:00,Uptown Mall,Bakery,Croissant,3.5,2,7.0
5189,2024-10-01,16:12:00,Riverside,Coffee,Latte,4.25,1,4.25
5190,2024-10-01,07:37:00,Downtown,Tea,Green Tea,3.0,2,6.0
5191,2024-10-01,08:03:00,Downtown,Merchandise,12oz Mug,12.0,1,12.0
5192,2024-10-01,12:31:00,Downtown,Coffee,Espresso,2.75,1,2.75
5193,2024-10-01,15:56:00,Uptown Mall,Coffee,Americano,3.25,1,3.25
5194,2024-10-01,10:00:00,Uptown Mall,Bakery,Croissant,3.5,1,3.5
5195,2024-10-01,13:04:00,Downtown,Bakery,Bagel,2.75,1,2.75
5196,2024-10-01,11:43:00,Downtown,Coffee,Cold Brew,4.5,1,4.5
5197,2024-10-01,13:13:00,Riverside,Tea,Earl Grey,3.0,1,3.0
5198,2024-10-01,12:22:00,Downtown,Merchandise,Ground Coffee Bag,14.5,2,29.0
5199,2024-10-02,15:13:00,Downtown,Coffee,Latte,4.25,2,8.5
5200,2024-10-02,07:01:00,Downtown,Bakery,Bagel,2.75,1,2.75
5201,2024-10-02,16:41:00,Downtown,Bakery,Chocolate Chip Cookie,2.5,2,5.0
5202,2024-10-02,09:41:00,Downtown,Bakery,Bagel,2.75,2,5.5
5203,2024-10-02,14:31:00,Downtown,Tea,Chai Latte,4.1,1,4.1
5204,2024-10-02,06:37:00,Uptown Mall,Coffee,Mocha,4.75,1,4.75
5205,2024-10-02,10:57:00,Downtown,Tea,Earl Grey,3.0,1,3.0
5206,2024-10-02,07:05:00,Uptown Mall,Bakery,Blueberry Muffin,3.25,1,3.25
5207,2024-10-02,06:28:00,Downtown,Coffee,Cappuccino,4.0,1,4.0
5208,2024-10-02,06:45:00,Riverside,Merchandise,12oz Mug,12.0,2,24.0
5209,2024-10-02,17:07:00,Downtown,Coffee,Cold Brew,4.5,1,4.5
5210,2024-10-02,14:15:00,Downtown,Coffee,Latte,4.25,1,4.25
5211,2024-10-02,06:05:00,Downtown,Coffee,Espresso,2.75,1,2.75
5212,2024-10-02,13:37:00,Riverside,Coffee,Americano,3.25,1,3.25
5213,2024-10-02,13:57:00,Downtown,Coffee,Mocha,4.75,2,9.5
5214,2024-10-02,09:26:00,Uptown Mall,Coffee,Americano,3.25,2,6.5
5215,2024-10-02,13:13:00,Riverside,Tea,Chai Latte,4.1,1,4.1
5216,2024-10-02,15:40:00,Uptown Mall,Coffee,Espresso,2.75,1,2.75
5217,2024-10-02,09:27:00,Uptown Mall,Merchandise,Gift Card,25.0,2,50.0
5218,2024-10-03,09:02:00,Riverside,Bakery,Chocolate Chip Cookie,2.5,2,5.0
5219,2024-10-03,12:16:00,Riverside,Coffee,Cold Brew,4.5,1,4.5
5220,2024-10-03,18:46:00,Downtown,Coffee,Cappuccino,4.0,1,4.0
5221,2024-10-03,11:43:00,Uptown Mall,Coffee,Latte,4.25,1,4.25
5222,2024-10-03,09:28:00,Downtown,Coffee,Espresso,2.75,1,2.75
5223,2024-10-03,19:02:00,Uptown Mall,Tea,Earl Grey,3.0,2,6.0
5224,2024-10-03,06:16:00,Downtown,Merchandise,Gift Card,25.0,1,25.0
5225,2024-10-03,08:15:00,Downtown,Merchandise,Ground Coffee Bag,14.5,1,14.5
5226,2024-10-03,18:22:00,Riverside,Tea,Earl Grey,3.0,1,3.0
5227,2024-10-03,16:28:00,Riverside,Bakery,Croissant,3.5,1,3.5
5228,2024-10-03,16:49:00,Downtown,Merchandise,Reusable Cup,9.0,1,9.0
5229,2024-10-03,06:42:00,Riverside,Coffee,Espresso,2.75,1,2.75
5230,2024-10-03,09:03:00,Riverside,Coffee,Americano,3.25,1,3.25
5231,2024-10-03,14:41:00,Downtown,Coffee,Mocha,4.75,1,4.75
5232,2024-10-03,08:41:00,Downtown,Coffee,Latte,4.25,2,8.5
5233,2024-10-03,15:13:00,Uptown Mall,Coffee,Americano,3.25,1,3.25
5234,2024-10-03,18:26:00,Downtown,Coffee,Americano,3.25,1,3.25
5235,2024-10-03,19:42:00,Riverside,Tea,Earl Grey,3.0,1,3.0
5236,2024-10-03,16:48:00,Downtown,Tea,Chai Latte,4.1,1,4.1
5237,2024-10-03,19:17:00,Downtown,Coffee,Latte,4.25,1,4.25
5238,2024-10-03,08:48:00,Uptown Mall,Bakery,Chocolate Chip Cookie,2.5,1,2.5
5239,2024-10-03,13:37:00,Uptown Mall,Bakery,Chocolate Chip Cookie,2.5,1,2.5
5240,2024-10-04,19:53:00,Downtown,Coffee,Latte,4.25,1,4.25
5241,2024-10-04,13:13:00,Downtown,Coffee,Latte,4.25,2,8.5
5242,2024-10-04,06:35:00,Downtown,Merchandise,Reusable Cup,9.0,1,9.0
5243,2024-10-04,06:08:00,Downtown,Coffee,Mocha,4.75,1,4.75
5244,2024-10-04,17:41:00,Uptown Mall,Coffee,Cold Brew,4.5,1,4.5
5245,2024-10-04,06:35:00,Uptown Mall,Coffee,Latte,4.25,1,4.25
5246,2024-10-04,08:31:00,Riverside,Coffee,Mocha,4.75,1,4.75
5247,2024-10-04,07:57:00,Riverside,Coffee,Espresso,2.75,1,2.75
5248,2024-10-04,14:27:00,Riverside,Coffee,Mocha,4.75,2,9.5
5249,2024-10-04,13:00:00,Downtown,Bakery,Bagel,2.75,1,2.75
5250,2024-10-04,17:34:00,Downtown,Tea,Herbal Blend,3.1,1,3.1
5251,2024-10-04,17:01:00,Downtown,Coffee,Americano,3.25,1,3.25
5252,2024-10-04,09:11:00,Downtown,Merchandise,Ground Coffee Bag,14.5,1,14.5
5253,2024-10-04,07:42:00,Downtown,Coffee,Americano,3.25,1,3.25
5254,2024-10-04,19:42:00,Downtown,Coffee,Americano,3.25,1,3.25
5255,2024-10-04,19:32:00,Riverside,Coffee,Cappuccino,4.0,1,4.0
5256,2024-10-04,07:04:00,Uptown Mall,Merchandise,Reusable Cup,9.0,1,9.0
5257,2024-10-04,13:44:00,Downtown,Coffee,Americano,3.25,1,3.25
5258,2024-10-04,11:09:00,Downtown,Coffee,Americano,3.25,1,3.25
5259,2024-10-04,06:15:00,Riverside,Bakery,Croissant,3.5,1,3.5
5260,2024-10-04,15:22:00,Downtown,Coffee,Cappuccino,4.0,1,4.0
5261,2024-10-04,07:20:00,Downtown,Merchandise,12oz Mug,12.0,1,12.0
5262,2024-10-05,06:56:00,Downtown,Coffee,Latte,4.25,1,4.25
5263,2024-10-05,14:27:00,Downtown,Bakery,Chocolate Chip Cookie,2.5,1,2.5
5264,2024-10-05,18:11:00,Riverside,Coffee,Cappuccino,4.0,1,4.0
5265,2024-10-05,07:10:00,Downtown,Coffee,Cappuccino,4.0,1,4.0
5266,2024-10-05,06:13:00,Riverside,Coffee,Cappuccino,4.0,1,4.0
5267,2024-10-05,17:00:00,Uptown Mall,Bakery,Blueberry Muffin,3.25,1,3.25
5268,2024-10-05,13:25:00,Downtown,Coffee,Cold Brew,4.5,2,9.0
5269,2024-10-05,14:26:00,Downtown,Coffee,Americano,3.25,1,3.25
5270,2024-10-05,12:18:00,Downtown,Coffee,Cold Brew,4.5,1,4.5
5271,2024-10-05,13:27:00,Riverside,Coffee,Espresso,2.75,1,2.75
5272,2024-10-05,06:37:00,Uptown Mall,Merchandise,Ground Coffee Bag,14.5,1,14.5
5273,2024-10-05,16:43:00,Downtown,Merchandise,Reusable Cup,9.0,1,9.0
5274,2024-10-05,14:12:00,Uptown Mall,Coffee,Mocha,4.75,1,4.75
5275,2024-10-05,11:52:00,Uptown Mall,Coffee,Mocha,4.75,1,4.75
5276,2024-10-05,14:15:00,Downtown,Bakery,Chocolate Chip Cookie,2.5,3,7.5
5277,2024-10-05,14:48:00,Riverside,Coffee,Espresso,2.75,1,2.75
5278,2024-10-05,11:00:00,Downtown,Tea,Herbal Blend,3.1,1,3.1
5279,2024-10-05,17:25:00,Riverside,Coffee,Americano,3.25,1,3.25
5280,2024-10-05,19:29:00,Downtown,Coffee,Espresso,2.75,2,5.5
5281,2024-10-05,07:13:00,Uptown Mall,Coffee,Espresso,2.75,1,2.75
5282,2024-10-06,09:50:00,Downtown,Coffee,Mocha,4.75,1,4.75
5283,2024-10-06,19:31:00,Riverside,Bakery,Blueberry Muffin,3.25,2,6.5
5284,2024-10-06,14:16:00,Downtown,Coffee,Cappuccino,4.0,3,12.0
5285,2024-10-06,12:21:00,Uptown Mall,Coffee,Americano,3.25,1,3.25
5286,2024-10-06,08:34:00,Uptown Mall,Coffee,Americano,3.25,1,3.25
5287,2024-10-06,17:04:00,Uptown Mall,Merchandise,Reusable Cup,9.0,1,9.0
5288,2024-10-06,06:23:00,Riverside,Tea,Earl Grey,3.0,1,3.0
5289,2024-10-06,10:16:00,Downtown,Tea,Earl Grey,3.0,1,3.0
5290,2024-10-06,19:14:00,Riverside,Bakery,Chocolate Chip Cookie,2.5,1,2.5
5291,2024-10-06,08:10:00,Downtown,Coffee,Latte,4.25,1,4.25
5292,2024-10-06,12:23:00,Uptown Mall,Coffee,Americano,3.25,1,3.25
5293,2024-10-06,10:34:00,Riverside,Coffee,Cold Brew,4.5,1,4.5
5294,2024-10-06,09:29:00,Riverside,Coffee,Americano,3.25,1,3.25
5295,2024-10-06,14:13:00,Riverside,Bakery,Chocolate Chip Cookie,2.5,1,2.5
5296,2024-10-06,12:56:00,Downtown,Tea,Earl Grey,3.0,1,3.0
5297,2024-10-06,13:27:00,Downtown,Tea,Green Tea,3.0,2,6.0
5298,2024-10-06,11:51:00,Downtown,Coffee,Mocha,4.75,1,4.75
5299,2024-10-06,12:57:00,Uptown Mall,Tea,Earl Grey,3.0,2,6.0
5300,2024-10-06,08:36:00,Uptown Mall,Bakery,Blueberry Muffin,3.25,1,3.25
5301,2024-10-06,15:37:00,Riverside,Bakery,Croissant,3.5,2,7.0
5302,2024-10-06,14:46:00,Downtown,Coffee,Mocha,4.75,1,4.75
5303,2024-10-06,16:25:00,Downtown,Coffee,Latte,4.25,1,4.25
5304,2024-10-06,14:08:00,Uptown Mall,Coffee,Latte,4.25,1,4.25
5305,2024-10-06,17:55:00,Downtown,Coffee,Mocha,4.75,3,14.25
5306,2024-10-06,06:59:00,Uptown Mall,Coffee,Mocha,4.75,1,4.75
5307,2024-10-06,09:36:00,Uptown Mall,Coffee,Mocha,4.75,1,4.75
5308,2024-10-06,07:21:00,Downtown,Coffee,Latte,4.25,1,4.25
5309,2024-10-06,14:00:00,Downtown,Coffee,Cappuccino,4.0,1,4.0
5310,2024-10-06,09:30:00,Riverside,Coffee,Americano,3.25,1,3.25
5311,2024-10-07,06:51:00,Downtown,Coffee,Latte,4.25,2,8.5
5312,2024-10-07,11:22:00,Downtown,Coffee,Cappuccino,4.0,1,4.0
5313,2024-10-07,08:04:00,Downtown,Coffee,Mocha,4.75,3,14.25
5314,2024-10-07,09:36:00,Riverside,Coffee,Latte,4.25,3,12.75
5315,2024-10-07,10:04:00,Downtown,Merchandise,12oz Mug,12.0,1,12.0
5316,2024-10-07,18:31:00,Riverside,Coffee,Latte,4.25,1,4.25
5317,2024-10-07,14:44:00,Riverside,Coffee,Latte,4.25,1,4.25
5318,2024-10-07,06:40:00,Riverside,Coffee,Americano,3.25,1,3.25
5319,2024-10-07,17:04:00,Riverside,Coffee,Cappuccino,4.0,1,4.0
5320,2024-10-07,09:32:00,Riverside,Tea,Earl Grey,3.0,1,3.0
5321,2024-10-07,06:04:00,Downtown,Merchandise,Reusable Cup,9.0,1,9.0
5322,2024-10-07,10:35:00,Downtown,Tea,Green Tea,3.0,1,3.0
5323,2024-10-07,16:40:00,Riverside,Coffee,Espresso,2.75,2,5.5
5324,2024-10-07,18:42:00,Downtown,Coffee,Mocha,4.75,2,9.5
5325,2024-10-07,12:19:00,Riverside,Merchandise,Gift Card,25.0,1,25.0
5326,2024-10-07,16:15:00,Downtown,Coffee,Latte,4.25,1,4.25
5327,2024-10-08,06:45:00,Downtown,Tea,Earl Grey,3.0,1,3.0
5328,2024-10-08,17:47:00,Downtown,Coffee,Cold Brew,4.5,1,4.5
5329,2024-10-08,11:09:00,Downtown,Tea,Herbal Blend,3.1,2,6.2
5330,2024-10-08,08:49:00,Downtown,Coffee,Espresso,2.75,2,5.5
5331,2024-10-08,08:52:00,Downtown,Coffee,Espresso,2.75,1,2.75
5332,2024-10-08,13:02:00,Uptown Mall,Coffee,Mocha,4.75,2,9.5
5333,2024-10-08,07:58:00,Downtown,Coffee,Espresso,2.75,1,2.75
5334,2024-10-08,15:49:00,Downtown,Bakery,Bagel,2.75,3,8.25
5335,2024-10-08,15:19:00,Riverside,Coffee,Cappuccino,4.0,1,4.0
5336,2024-10-08,07:03:00,Uptown Mall,Tea,Green Tea,3.0,1,3.0
5337,2024-10-08,10:51:00,Riverside,Bakery,Chocolate Chip Cookie,2.5,1,2.5
5338,2024-10-08,18:16:00,Downtown,Tea,Green Tea,3.0,1,3.0
5339,2024-10-08,10:53:00,Downtown,Coffee,Latte,4.25,1,4.25
5340,2024-10-08,18:31:00,Downtown,Bakery,Bagel,2.75,1,2.75
5341,2024-10-08,13:23:00,Downtown,Coffee,Cold Brew,4.5,1,4.5
5342,2024-10-08,10:59:00,Riverside,Coffee,Espresso,2.75,1,2.75
5343,2024-10-09,18:52:00,Downtown,Tea,Herbal Blend,3.1,1,3.1
5344,2024-10-09,19:57:00,Uptown Mall,Coffee,Espresso,2.75,1,2.75
5345,2024-10-09,13:20:00,Uptown Mall,Bakery,Croissant,3.5,1,3.5
5346,2024-10-09,15:52:00,Uptown Mall,Coffee,Americano,3.25,2,6.5
5347,2024-10-09,08:33:00,Riverside,Coffee,Espresso,2.75,2,5.5
5348,2024-10-09,06:06:00,Riverside,Coffee,Americano,3.25,2,6.5
5349,2024-10-09,13:33:00,Uptown Mall,Coffee,Cold Brew,4.5,1,4.5
5350,2024-10-09,10:40:00,Downtown,Coffee,Espresso,2.75,1,2.75
5351,2024-10-09,19:38:00,Downtown,Tea,Chai Latte,4.1,1,4.1
5352,2024-10-09,17:03:00,Riverside,Bakery,Chocolate Chip Cookie,2.5,2,5.0
5353,2024-10-09,18:05:00,Riverside,Coffee,Americano,3.25,1,3.25
5354,2024-10-09,11:36:00,Riverside,Coffee,Espresso,2.75,1,2.75
5355,2024-10-09,07:55:00,Riverside,Coffee,Cappuccino,4.0,1,4.0
5356,2024-10-09,17:21:00,Downtown,Coffee,Americano,3.25,1,3.25
5357,2024-10-09,08:31:00,Uptown Mall,Coffee,Espresso,2.75,1,2.75
5358,2024-10-09,09:54:00,Riverside,Tea,Green Tea,3.0,1,3.0
5359,2024-10-09,14:32:00,Downtown,Coffee,Americano,3.25,1,3.25
5360,2024-10-09,08:24:00,Riverside,Bakery,Blueberry Muffin,3.25,1,3.25
5361,2024-10-09,12:58:00,Downtown,Tea,Herbal Blend,3.1,1,3.1
5362,2024-10-09,14:49:00,Riverside,Coffee,Cold Brew,4.5,1,4.5
5363,2024-10-09,14:25:00,Riverside,Coffee,Mocha,4.75,1,4.75
5364,2024-10-09,19:39:00,Uptown Mall,Bakery,Bagel,2.75,1,2.75
5365,2024-10-10,10:07:00,Downtown,Coffee,Latte,4.25,1,4.25
5366,2024-10-10,12:38:00,Uptown Mall,Coffee,Latte,4.25,1,4.25
5367,2024-10-10,13:54:00,Downtown,Coffee,Latte,4.25,1,4.25
5368,2024-10-10,07:38:00,Uptown Mall,Tea,Chai Latte,4.1,1,4.1
5369,2024-10-10,16:42:00,Downtown,Coffee,Espresso,2.75,1,2.75
5370,2024-10-10,09:17:00,Downtown,Coffee,Cappuccino,4.0,1,4.0
5371,2024-10-10,18:56:00,Riverside,Merchandise,12oz Mug,12.0,1,12.0
5372,2024-10-10,19:39:00,Uptown Mall,Coffee,Mocha,4.75,1,4.75
5373,2024-10-10,06:20:00,Downtown,Bakery,Chocolate Chip Cookie,2.5,1,2.5
5374,2024-10-10,10:09:00,Downtown,Coffee,Latte,4.25,1,4.25
5375,2024-10-10,08:25:00,Riverside,Bakery,Bagel,2.75,2,5.5
5376,2024-10-10,08:54:00,Downtown,Coffee,Americano,3.25,2,6.5
5377,2024-10-10,17:41:00,Riverside,Tea,Chai Latte,4.1,1,4.1
5378,2024-10-10,19:02:00,Uptown Mall,Coffee,Mocha,4.75,2,9.5
5379,2024-10-11,10:37:00,Uptown Mall,Coffee,Mocha,4.75,1,4.75
5380,2024-10-11,10:05:00,Downtown,Coffee,Mocha,4.75,1,4.75
5381,2024-10-11,07:08:00,Uptown Mall,Tea,Earl Grey,3.0,3,9.0
5382,2024-10-11,18:08:00,Riverside,Tea,Herbal Blend,3.1,1,3.1
5383,2024-10-11,12:27:00,Downtown,Bakery,Bagel,2.75,1,2.75
5384,2024-10-11,15:00:00,Riverside,Coffee,Mocha,4.75,2,9.5
5385,2024-10-11,14:07:00,Uptown Mall,Coffee,Espresso,2.75,1,2.75
5386,2024-10-11,07:24:00,Downtown,Coffee,Mocha,4.75,1,4.75
5387,2024-10-11,19:33:00,Riverside,Coffee,Cappuccino,4.0,1,4.0
5388,2024-10-11,09:22:00,Riverside,Tea,Chai Latte,4.1,1,4.1
5389,2024-10-11,15:06:00,Downtown,Coffee,Espresso,2.75,1,2.75
5390,2024-10-11,12:38:00,Downtown,Merchandise,Ground Coffee Bag,14.5,1,14.5
5391,2024-10-12,16:04:00,Downtown,Bakery,Croissant,3.5,3,10.5
5392,2024-10-12,08:03:00,Downtown,Bakery,Croissant,3.5,1,3.5
5393,2024-10-12,17:06:00,Riverside,Coffee,Latte,4.25,2,8.5
5394,2024-10-12,15:47:00,Riverside,Bakery,Blueberry Muffin,3.25,1,3.25
5395,2024-10-12,10:53:00,Uptown Mall,Merchandise,Reusable Cup,9.0,1,9.0
5396,2024-10-12,12:41:00,Downtown,Merchandise,Gift Card,25.0,1,25.0
5397,2024-10-12,08:16:00,Uptown Mall,Tea,Earl Grey,3.0,1,3.0
5398,2024-10-12,15:23:00,Downtown,Coffee,Cold Brew,4.5,1,4.5
5399,2024-10-12,18:06:00,Downtown,Coffee,Cappuccino,4.0,1,4.0
5400,2024-10-12,19:13:00,Downtown,Coffee,Cold Brew,4.5,1,4.5
5401,2024-10-12,16:57:00,Uptown Mall,Coffee,Latte,4.25,1,4.25
5402,2024-10-12,10:55:00,Uptown Mall,Bakery,Bagel,2.75,2,5.5
5403,2024-10-12,08:06:00,Uptown Mall,Coffee,Cold Brew,4.5,1,4.5
5404,2024-10-12,17:42:00,Riverside,Tea,Herbal Blend,3.1,2,6.2
5405,2024-10-12,12:11:00,Downtown,Coffee,Espresso,2.75,1,2.75
5406,2024-10-13,18:11:00,Riverside,Coffee,Cold Brew,4.5,1,4.5
5407,2024-10-13,13:33:00,Riverside,Bakery,Croissant,3.5,1,3.5
5408,2024-10-13,13:31:00,Uptown Mall,Coffee,Americano,3.25,1,3.25
5409,2024-10-13,12:16:00,Downtown,Merchandise,Ground Coffee Bag,14.5,1,14.5
5410,2024-10-13,10:32:00,Riverside,Coffee,Espresso,2.75,2,5.5
5411,2024-10-13,15:05:00,Riverside,Coffee,Mocha,4.75,1,4.75
5412,2024-10-13,15:29:00,Downtown,Coffee,Cappuccino,4.0,1,4.0
5413,2024-10-13,09:40:00,Riverside,Coffee,Latte,4.25,1,4.25
5414,2024-10-13,19:56:00,Uptown Mall,Bakery,Croissant,3.5,1,3.5
5415,2024-10-13,07:28:00,Riverside,Coffee,Cold Brew,4.5,2,9.0
5416,2024-10-13,18:29:00,Uptown Mall,Bakery,Chocolate Chip Cookie,2.5,1,2.5
5417,2024-10-13,09:46:00,Uptown Mall,Merchandise,Ground Coffee Bag,14.5,1,14.5
5418,2024-10-13,10:26:00,Uptown Mall,Coffee,Mocha,4.75,2,9.5
5419,2024-10-13,16:31:00,Downtown,Coffee,Cold Brew,4.5,1,4.5
5420,2024-10-13,13:53:00,Riverside,Bakery,Blueberry Muffin,3.25,1,3.25
5421,2024-10-13,12:30:00,Riverside,Tea,Herbal Blend,3.1,1,3.1
5422,2024-10-13,16:06:00,Riverside,Coffee,Espresso,2.75,1,2.75
5423,2024-10-13,08:40:00,Downtown,Coffee,Cappuccino,4.0,1,4.0
5424,2024-10-13,16:42:00,Downtown,Coffee,Cappuccino,4.0,2,8.0
5425,2024-10-13,19:58:00,Uptown Mall,Merchandise,12oz Mug,12.0,1,12.0
5426,2024-10-13,07:32:00,Downtown,Coffee,Americano,3.25,3,9.75
5427,2024-10-13,17:50:00,Riverside,Coffee,Americano,3.25,1,3.25
5428,2024-10-13,14:22:00,Downtown,Coffee,Mocha,4.75,1,4.75
5429,2024-10-14,06:57:00,Downtown,Tea,Green Tea,3.0,2,6.0
5430,2024-10-14,15:18:00,Downtown,Coffee,Latte,4.25,1,4.25
5431,2024-10-14,15:29:00,Riverside,Bakery,Chocolate Chip Cookie,2.5,1,2.5
5432,2024-10-14,08:17:00,Downtown,Coffee,Cold Brew,4.5,3,13.5
5433,2024-10-14,10:31:00,Downtown,Coffee,Americano,3.25,1,3.25
5434,2024-10-14,15:40:00,Riverside,Merchandise,Reusable Cup,9.0,1,9.0
5435,2024-10-14,12:53:00,Downtown,Bakery,Bagel,2.75,1,2.75
5436,2024-10-14,18:07:00,Downtown,Tea,Green Tea,3.0,1,3.0
5437,2024-10-14,09:51:00,Downtown,Bakery,Bagel,2.75,1,2.75
5438,2024-10-14,15:17:00,Uptown Mall,Bakery,Croissant,3.5,1,3.5
5439,2024-10-14,14:37:00,Downtown,Coffee,Cappuccino,4.0,1,4.0
5440,2024-10-14,07:14:00,Riverside,Coffee,Cappuccino,4.0,1,4.0
5441,2024-10-14,07:03:00,Downtown,Coffee,Espresso,2.75,1,2.75
5442,2024-10-14,18:50:00,Riverside,Coffee,Americano,3.25,1,3.25
5443,2024-10-14,11:48:00,Downtown,Bakery,Bagel,2.75,1,2.75
5444,2024-10-14,16:18:00,Uptown Mall,Bakery,Blueberry Muffin,3.25,1,3.25
5445,2024-10-14,14:09:00,Uptown Mall,Coffee,Mocha,4.75,1,4.75
5446,2024-10-14,07:58:00,Uptown Mall,Bakery,Croissant,3.5,1,3.5
5447,2024-10-14,07:16:00,Uptown Mall,Bakery,Blueberry Muffin,3.25,1,3.25
5448,2024-10-14,09:18:00,Downtown,Bakery,Chocolate Chip Cookie,2.5,1,2.5
5449,2024-10-14,15:14:00,Downtown,Coffee,Cappuccino,4.0,1,4.0
5450,2024-10-15,11:09:00,Riverside,Coffee,Mocha,4.75,1,4.75
5451,2024-10-15,17:41:00,Uptown Mall,Bakery,Croissant,3.5,2,7.0
5452,2024-10-15,08:22:00,Riverside,Coffee,Cold Brew,4.5,1,4.5
5453,2024-10-15,10:48:00,Downtown,Merchandise,12oz Mug,12.0,1,12.0
5454,2024-10-15,12:28:00,Uptown Mall,Bakery,Croissant,3.5,1,3.5
5455,2024-10-15,09:44:00,Downtown,Bakery,Croissant,3.5,1,3.5
5456,2024-10-15,07:53:00,Downtown,Coffee,Cappuccino,4.0,1,4.0
5457,2024-10-15,06:43:00,Downtown,Merchandise,Gift Card,25.0,1,25.0
5458,2024-10-15,09:58:00,Uptown Mall,Coffee,Mocha,4.75,2,9.5
5459,2024-10-15,19:31:00,Downtown,Coffee,Espresso,2.75,1,2.75
5460,2024-10-15,19:18:00,Uptown Mall,Bakery,Chocolate Chip Cookie,2.5,1,2.5
5461,2024-10-15,12:28:00,Riverside,Tea,Earl Grey,3.0,2,6.0
5462,2024-10-15,15:00:00,Downtown,Coffee,Cold Brew,4.5,1,4.5
5463,2024-10-15,17:11:00,Uptown Mall,Coffee,Cappuccino,4.0,1,4.0
5464,2024-10-15,11:57:00,Uptown Mall,Tea,Green Tea,3.0,2,6.0
5465,2024-10-15,10:32:00,Riverside,Tea,Green Tea,3.0,1,3.0
5466,2024-10-15,13:32:00,Riverside,Coffee,Latte,4.25,1,4.25
5467,2024-10-15,06:12:00,Uptown Mall,Bakery,Croissant,3.5,1,3.5
5468,2024-10-15,14:08:00,Downtown,Coffee,Cold Brew,4.5,1,4.5
5469,2024-10-15,11:42:00,Downtown,Coffee,Latte,4.25,1,4.25
5470,2024-10-16,19:18:00,Riverside,Bakery,Croissant,3.5,1,3.5
5471,2024-10-16,19:50:00,Uptown Mall,Coffee,Mocha,4.75,1,4.75
5472,2024-10-16,09:58:00,Riverside,Coffee,Cappuccino,4.0,1,4.0
5473,2024-10-16,19:53:00,Downtown,Coffee,Cappuccino,4.0,1,4.0
5474,2024-10-16,11:10:00,Uptown Mall,Bakery,Croissant,3.5,1,3.5
5475,2024-10-16,09:38:00,Downtown,Tea,Green Tea,3.0,1,3.0
5476,2024-10-16,12:45:00,Downtown,Coffee,Cappuccino,4.0,1,4.0
5477,2024-10-16,10:53:00,Uptown Mall,Coffee,Espresso,2.75,1,2.75
5478,2024-10-16,08:58:00,Riverside,Merchandise,Gift Card,25.0,2,50.0
5479,2024-10-16,14:43:00,Downtown,Coffee,Latte,4.25,1,4.25
5480,2024-10-16,17:21:00,Downtown,Coffee,Latte,4.25,1,4.25
5481,2024-10-16,14:18:00,Downtown,Merchandise,12oz Mug,12.0,1,12.0
5482,2024-10-16,08:56:00,Downtown,Merchandise,12oz Mug,12.0,1,12.0
5483,2024-10-16,06:19:00,Downtown,Bakery,Bagel,2.75,1,2.75
5484,2024-10-16,14:15:00,Uptown Mall,Merchandise,Ground Coffee Bag,14.5,1,14.5
5485,2024-10-16,18:06:00,Downtown,Coffee,Mocha,4.75,1,4.75
5486,2024-10-16,18:18:00,Downtown,Coffee,Latte,4.25,2,8.5
5487,2024-10-16,08:43:00,Riverside,Bakery,Croissant,3.5,1,3.5
5488,2024-10-16,16:14:00,Riverside,Bakery,Croissant,3.5,1,3.5
5489,2024-10-17,17:46:00,Riverside,Coffee,Latte,4.25,1,4.25
5490,2024-10-17,06:11:00,Downtown,Bakery,Croissant,3.5,2,7.0
5491,2024-10-17,14:21:00,Uptown Mall,Coffee,Mocha,4.75,1,4.75
5492,2024-10-17,16:51:00,Riverside,Bakery,Croissant,3.5,1,3.5
5493,2024-10-17,06:49:00,Riverside,Tea,Green Tea,3.0,1,3.0
5494,2024-10-17,15:34:00,Downtown,Coffee,Latte,4.25,1,4.25
5495,2024-10-17,12:40:00,Riverside,Coffee,Latte,4.25,1,4.25
5496,2024-10-17,19:15:00,Downtown,Coffee,Latte,4.25,2,8.5
5497,2024-10-17,14:22:00,Uptown Mall,Merchandise,Ground Coffee Bag,14.5,1,14.5
5498,2024-10-17,17:18:00,Downtown,Bakery,Blueberry Muffin,3.25,2,6.5
5499,2024-10-17,16:02:00,Downtown,Bakery,Chocolate Chip Cookie,2.5,1,2.5
5500,2024-10-17,15:29:00,Downtown,Bakery,Croissant,3.5,2,7.0
5501,2024-10-17,12:33:00,Riverside,Coffee,Americano,3.25,2,6.5
5502,2024-10-17,07:03:00,Uptown Mall,Coffee,Latte,4.25,1,4.25
5503,2024-10-17,14:32:00,Downtown,Bakery,Croissant,3.5,1,3.5
5504,2024-10-17,13:11:00,Downtown,Coffee,Mocha,4.75,1,4.75
5505,2024-10-17,18:39:00,Downtown,Coffee,Americano,3.25,1,3.25
5506,2024-10-17,07:49:00,Downtown,Coffee,Espresso,2.75,1,2.75
5507,2024-10-17,11:45:00,Downtown,Coffee,Americano,3.25,2,6.5
5508,2024-10-17,06:00:00,Uptown Mall,Tea,Green Tea,3.0,1,3.0
5509,2024-10-18,17:56:00,Riverside,Coffee,Americano,3.25,2,6.5
5510,2024-10-18,16:29:00,Uptown Mall,Bakery,Chocolate Chip Cookie,2.5,1,2.5
5511,2024-10-18,09:57:00,Downtown,Coffee,Cold Brew,4.5,1,4.5
5512,2024-10-18,11:56:00,Downtown,Coffee,Espresso,2.75,1,2.75
5513,2024-10-18,17:04:00,Uptown Mall,Coffee,Americano,3.25,1,3.25
5514,2024-10-18,10:21:00,Riverside,Tea,Earl Grey,3.0,1,3.0
5515,2024-10-18,08:27:00,Riverside,Coffee,Cold Brew,4.5,1,4.5
5516,2024-10-18,17:01:00,Uptown Mall,Bakery,Chocolate Chip Cookie,2.5,1,2.5
5517,2024-10-18,09:40:00,Downtown,Bakery,Chocolate Chip Cookie,2.5,1,2.5
5518,2024-10-18,17:54:00,Riverside,Coffee,Mocha,4.75,1,4.75
5519,2024-10-18,14:48:00,Downtown,Coffee,Latte,4.25,1,4.25
5520,2024-10-18,17:59:00,Riverside,Tea,Earl Grey,3.0,1,3.0
5521,2024-10-18,17:42:00,Downtown,Tea,Chai Latte,4.1,1,4.1
5522,2024-10-18,18:01:00,Downtown,Bakery,Bagel,2.75,1,2.75
5523,2024-10-18,11:18:00,Downtown,Coffee,Cold Brew,4.5,1,4.5
5524,2024-10-18,11:49:00,Downtown,Merchandise,Reusable Cup,9.0,3,27.0
5525,2024-10-18,13:02:00,Uptown Mall,Coffee,Latte,4.25,1,4.25
5526,2024-10-19,09:46:00,Uptown Mall,Tea,Chai Latte,4.1,1,4.1
5527,2024-10-19,10:42:00,Downtown,Coffee,Latte,4.25,1,4.25
5528,2024-10-19,17:40:00,Riverside,Coffee,Espresso,2.75,2,5.5
5529,2024-10-19,18:33:00,Uptown Mall,Coffee,Cold Brew,4.5,1,4.5
5530,2024-10-19,09:58:00,Uptown Mall,Bakery,Bagel,2.75,1,2.75
5531,2024-10-19,07:04:00,Riverside,Tea,Green Tea,3.0,1,3.0
5532,2024-10-19,18:16:00,Downtown,Coffee,Americano,3.25,1,3.25
5533,2024-10-19,10:21:00,Downtown,Coffee,Espresso,2.75,1,2.75
5534,2024-10-19,07:24:00,Uptown Mall,Merchandise,Reusable Cup,9.0,1,9.0
5535,2024-10-19,17:30:00,Downtown,Coffee,Americano,3.25,3,9.75
5536,2024-10-19,19:24:00,Uptown Mall,Coffee,Cold Brew,4.5,1,4.5
5537,2024-10-19,06:59:00,Downtown,Coffee,Espresso,2.75,2,5.5
5538,2024-10-19,16:38:00,Downtown,Coffee,Mocha,4.75,1,4.75
5539,2024-10-19,11:15:00,Downtown,Merchandise,12oz Mug,12.0,1,12.0
5540,2024-10-19,13:10:00,Riverside,Coffee,Americano,3.25,1,3.25
5541,2024-10-19,12:30:00,Downtown,Coffee,Cappuccino,4.0,2,8.0
5542,2024-10-19,14:38:00,Riverside,Coffee,Cappuccino,4.0,1,4.0
5543,2024-10-19,16:12:00,Downtown,Coffee,Cold Brew,4.5,3,13.5
5544,2024-10-19,06:43:00,Downtown,Coffee,Cappuccino,4.0,1,4.0
5545,2024-10-19,08:25:00,Downtown,Bakery,Chocolate Chip Cookie,2.5,1,2.5
5546,2024-10-19,13:32:00,Downtown,Bakery,Chocolate Chip Cookie,2.5,1,2.5
5547,2024-10-19,12:50:00,Uptown Mall,Coffee,Latte,4.25,1,4.25
5548,2024-10-19,12:52:00,Downtown,Coffee,Cold Brew,4.5,1,4.5
5549,2024-10-19,18:16:00,Downtown,Tea,Earl Grey,3.0,1,3.0
5550,2024-10-19,09:36:00,Downtown,Tea,Green Tea,3.0,1,3.0
5551,2024-10-19,13:49:00,Downtown,Bakery,Bagel,2.75,2,5.5
5552,2024-10-20,11:43:00,Downtown,Coffee,Espresso,2.75,1,2.75
5553,2024-10-20,10:06:00,Uptown Mall,Merchandise,Gift Card,25.0,1,25.0
5554,2024-10-20,18:47:00,Uptown Mall,Bakery,Chocolate Chip Cookie,2.5,1,2.5
5555,2024-10-20,11:24:00,Riverside,Coffee,Cappuccino,4.0,2,8.0
5556,2024-10-20,12:27:00,Uptown Mall,Coffee,Americano,3.25,1,3.25
5557,2024-10-20,09:16:00,Riverside,Coffee,Mocha,4.75,1,4.75
5558,2024-10-20,06:14:00,Downtown,Tea,Chai Latte,4.1,1,4.1
5559,2024-10-20,17:18:00,Uptown Mall,Coffee,Americano,3.25,2,6.5
5560,2024-10-20,09:27:00,Uptown Mall,Coffee,Mocha,4.75,2,9.5
5561,2024-10-20,10:31:00,Downtown,Tea,Herbal Blend,3.1,1,3.1
5562,2024-10-20,09:02:00,Riverside,Coffee,Cappuccino,4.0,3,12.0
5563,2024-10-20,06:04:00,Downtown,Coffee,Americano,3.25,1,3.25
5564,2024-10-20,18:17:00,Uptown Mall,Coffee,Cappuccino,4.0,1,4.0
5565,2024-10-20,08:00:00,Uptown Mall,Bakery,Croissant,3.5,1,3.5
5566,2024-10-20,10:10:00,Uptown Mall,Coffee,Latte,4.25,1,4.25
5567,2024-10-21,15:48:00,Downtown,Coffee,Cold Brew,4.5,1,4.5
5568,2024-10-21,07:34:00,Riverside,Coffee,Cappuccino,4.0,2,8.0
5569,2024-10-21,14:23:00,Uptown Mall,Bakery,Chocolate Chip Cookie,2.5,1,2.5
5570,2024-10-21,13:15:00,Uptown Mall,Merchandise,Ground Coffee Bag,14.5,1,14.5
5571,2024-10-21,07:00:00,Riverside,Coffee,Cappuccino,4.0,1,4.0
5572,2024-10-21,09:55:00,Riverside,Tea,Earl Grey,3.0,1,3.0
5573,2024-10-21,12:51:00,Uptown Mall,Coffee,Cappuccino,4.0,1,4.0
5574,2024-10-21,15:22:00,Downtown,Coffee,Americano,3.25,2,6.5
5575,2024-10-21,18:32:00,Downtown,Coffee,Mocha,4.75,1,4.75
5576,2024-10-21,16:44:00,Riverside,Bakery,Chocolate Chip Cookie,2.5,1,2.5
5577,2024-10-21,11:11:00,Downtown,Bakery,Bagel,2.75,1,2.75
5578,2024-10-21,17:05:00,Uptown Mall,Coffee,Mocha,4.75,1,4.75
5579,2024-10-21,11:40:00,Uptown Mall,Merchandise,12oz Mug,12.0,2,24.0
5580,2024-10-21,10:28:00,Downtown,Coffee,Latte,4.25,1,4.25
5581,2024-10-21,08:03:00,Downtown,Tea,Green Tea,3.0,1,3.0
5582,2024-10-22,18:46:00,Uptown Mall,Merchandise,Reusable Cup,9.0,1,9.0
5583,2024-10-22,16:42:00,Uptown Mall,Bakery,Bagel,2.75,1,2.75
5584,2024-10-22,19:09:00,Riverside,Bakery,Blueberry Muffin,3.25,1,3.25
5585,2024-10-22,18:05:00,Riverside,Bakery,Bagel,2.75,2,5.5
5586,2024-10-22,13:04:00,Downtown,Merchandise,Reusable Cup,9.0,1,9.0
5587,2024-10-22,15:31:00,Downtown,Tea,Green Tea,3.0,2,6.0
5588,2024-10-22,06:20:00,Riverside,Tea,Herbal Blend,3.1,2,6.2
5589,2024-10-22,13:12:00,Downtown,Bakery,Bagel,2.75,1,2.75
5590,2024-10-22,11:34:00,Riverside,Coffee,Espresso,2.75,1,2.75
5591,2024-10-22,07:34:00,Uptown Mall,Coffee,Espresso,2.75,1,2.75
5592,2024-10-22,06:56:00,Riverside,Bakery,Chocolate Chip Cookie,2.5,2,5.0
5593,2024-10-22,06:05:00,Downtown,Coffee,Mocha,4.75,1,4.75
5594,2024-10-23,19:39:00,Uptown Mall,Coffee,Americano,3.25,1,3.25
5595,2024-10-23,16:50:00,Riverside,Tea,Herbal Blend,3.1,1,3.1
5596,2024-10-23,14:25:00,Riverside,Coffee,Espresso,2.75,1,2.75
5597,2024-10-23,10:26:00,Uptown Mall,Coffee,Mocha,4.75,2,9.5
5598,2024-10-23,07:19:00,Uptown Mall,Bakery,Croissant,3.5,2,7.0
5599,2024-10-23,19:01:00,Downtown,Bakery,Blueberry Muffin,3.25,1,3.25
5600,2024-10-23,06:53:00,Uptown Mall,Coffee,Latte,4.25,1,4.25
5601,2024-10-23,17:05:00,Uptown Mall,Bakery,Blueberry Muffin,3.25,1,3.25
5602,2024-10-23,12:06:00,Downtown,Coffee,Cappuccino,4.0,3,12.0
5603,2024-10-23,09:42:00,Riverside,Tea,Chai Latte,4.1,1,4.1
5604,2024-10-23,12:21:00,Riverside,Coffee,Mocha,4.75,1,4.75
5605,2024-10-23,09:58:00,Uptown Mall,Bakery,Bagel,2.75,1,2.75
5606,2024-10-23,07:07:00,Downtown,Coffee,Mocha,4.75,1,4.75
5607,2024-10-24,19:14:00,Downtown,Coffee,Latte,4.25,1,4.25
5608,2024-10-24,10:04:00,Riverside,Coffee,Mocha,4.75,1,4.75
5609,2024-10-24,14:14:00,Riverside,Coffee,Latte,4.25,2,8.5
5610,2024-10-24,19:08:00,Riverside,Bakery,Bagel,2.75,1,2.75
5611,2024-10-24,13:49:00,Riverside,Coffee,Espresso,2.75,1,2.75
5612,2024-10-24,07:54:00,Downtown,Tea,Chai Latte,4.1,1,4.1
5613,2024-10-24,14:27:00,Uptown Mall,Bakery,Croissant,3.5,1,3.5
5614,2024-10-24,14:26:00,Uptown Mall,Bakery,Bagel,2.75,2,5.5
5615,2024-10-24,16:59:00,Riverside,Bakery,Croissant,3.5,2,7.0
5616,2024-10-24,06:39:00,Downtown,Tea,Earl Grey,3.0,1,3.0
5617,2024-10-24,13:25:00,Downtown,Bakery,Blueberry Muffin,3.25,1,3.25
5618,2024-10-24,09:01:00,Downtown,Tea,Chai Latte,4.1,1,4.1
5619,2024-10-24,09:31:00,Riverside,Coffee,Latte,4.25,1,4.25
5620,2024-10-24,07:18:00,Downtown,Merchandise,Reusable Cup,9.0,1,9.0
5621,2024-10-24,06:12:00,Riverside,Tea,Herbal Blend,3.1,1,3.1
5622,2024-10-24,16:50:00,Downtown,Coffee,Cappuccino,4.0,1,4.0
5623,2024-10-24,13:24:00,Downtown,Coffee,Cappuccino,4.0,1,4.0
5624,2024-10-25,06:53:00,Uptown Mall,Coffee,Americano,3.25,1,3.25
5625,2024-10-25,17:16:00,Riverside,Tea,Green Tea,3.0,3,9.0
5626,2024-10-25,19:22:00,Downtown,Coffee,Cold Brew,4.5,1,4.5
5627,2024-10-25,07:47:00,Uptown Mall,Tea,Herbal Blend,3.1,1,3.1
5628,2024-10-25,08:36:00,Uptown Mall,Coffee,Mocha,4.75,1,4.75
5629,2024-10-25,16:06:00,Riverside,Coffee,Espresso,2.75,1,2.75
5630,2024-10-25,06:30:00,Downtown,Coffee,Latte,4.25,1,4.25
5631,2024-10-25,11:00:00,Downtown,Coffee,Espresso,2.75,1,2.75
5632,2024-10-25,16:59:00,Uptown Mall,Tea,Chai Latte,4.1,1,4.1
5633,2024-10-25,06:05:00,Uptown Mall,Coffee,Latte,4.25,1,4.25
5634,2024-10-25,17:19:00,Uptown Mall,Tea,Earl Grey,3.0,3,9.0
5635,2024-10-25,17:06:00,Riverside,Bakery,Blueberry Muffin,3.25,1,3.25
5636,2024-10-25,16:30:00,Uptown Mall,Merchandise,Ground Coffee Bag,14.5,1,14.5
5637,2024-10-25,07:11:00,Downtown,Tea,Chai Latte,4.1,1,4.1
5638,2024-10-25,19:28:00,Downtown,Bakery,Croissant,3.5,1,3.5
5639,2024-10-25,10:33:00,Downtown,Bakery,Croissant,3.5,1,3.5
5640,2024-10-25,18:46:00,Downtown,Coffee,Cold Brew,4.5,1,4.5
5641,2024-10-26,06:09:00,Riverside,Coffee,Americano,3.25,1,3.25
5642,2024-10-26,08:19:00,Riverside,Coffee,Latte,4.25,1,4.25
5643,2024-10-26,09:43:00,Downtown,Bakery,Bagel,2.75,1,2.75
5644,2024-10-26,12:24:00,Uptown Mall,Coffee,Latte,4.25,1,4.25
5645,2024-10-26,14:58:00,Downtown,Coffee,Latte,4.25,1,4.25
5646,2024-10-26,11:33:00,Riverside,Coffee,Americano,3.25,1,3.25
5647,2024-10-26,08:40:00,Downtown,Bakery,Chocolate Chip Cookie,2.5,1,2.5
5648,2024-10-26,06:23:00,Riverside,Coffee,Latte,4.25,1,4.25
5649,2024-10-26,10:53:00,Downtown,Coffee,Cappuccino,4.0,1,4.0
5650,2024-10-26,09:51:00,Downtown,Coffee,Cold Brew,4.5,1,4.5
5651,2024-10-26,16:49:00,Uptown Mall,Coffee,Americano,3.25,1,3.25
5652,2024-10-26,07:28:00,Downtown,Tea,Herbal Blend,3.1,1,3.1
5653,2024-10-26,18:05:00,Uptown Mall,Coffee,Americano,3.25,1,3.25
5654,2024-10-26,11:32:00,Downtown,Coffee,Americano,3.25,2,6.5
5655,2024-10-26,08:33:00,Riverside,Coffee,Mocha,4.75,1,4.75
5656,2024-10-26,09:50:00,Downtown,Tea,Herbal Blend,3.1,2,6.2
5657,2024-10-26,16:02:00,Downtown,Bakery,Bagel,2.75,1,2.75
5658,2024-10-26,08:28:00,Uptown Mall,Merchandise,Reusable Cup,9.0,3,27.0
5659,2024-10-27,07:56:00,Uptown Mall,Bakery,Blueberry Muffin,3.25,1,3.25
5660,2024-10-27,19:07:00,Downtown,Coffee,Cappuccino,4.0,1,4.0
5661,2024-10-27,11:13:00,Riverside,Tea,Green Tea,3.0,1,3.0
5662,2024-10-27,11:37:00,Downtown,Coffee,Espresso,2.75,1,2.75
5663,2024-10-27,14:23:00,Uptown Mall,Coffee,Americano,3.25,2,6.5
5664,2024-10-27,18:22:00,Riverside,Bakery,Blueberry Muffin,3.25,1,3.25
5665,2024-10-27,13:36:00,Downtown,Coffee,Espresso,2.75,1,2.75
5666,2024-10-27,12:56:00,Riverside,Coffee,Latte,4.25,1,4.25
5667,2024-10-27,14:45:00,Uptown Mall,Coffee,Cappuccino,4.0,1,4.0
5668,2024-10-27,09:58:00,Uptown Mall,Coffee,Americano,3.25,1,3.25
5669,2024-10-27,10:45:00,Downtown,Coffee,Espresso,2.75,1,2.75
5670,2024-10-27,15:21:00,Uptown Mall,Bakery,Croissant,3.5,2,7.0
5671,2024-10-27,06:50:00,Riverside,Tea,Chai Latte,4.1,1,4.1
5672,2024-10-27,19:04:00,Uptown Mall,Coffee,Espresso,2.75,1,2.75
5673,2024-10-27,11:40:00,Riverside,Coffee,Latte,4.25,2,8.5
5674,2024-10-27,10:38:00,Riverside,Coffee,Cold Brew,4.5,1,4.5
5675,2024-10-27,10:56:00,Uptown Mall,Coffee,Cappuccino,4.0,1,4.0
5676,2024-10-27,19:27:00,Downtown,Coffee,Cold Brew,4.5,1,4.5
5677,2024-10-27,09:13:00,Uptown Mall,Bakery,Blueberry Muffin,3.25,1,3.25
5678,2024-10-27,16:33:00,Riverside,Bakery,Chocolate Chip Cookie,2.5,1,2.5
5679,2024-10-27,14:07:00,Uptown Mall,Bakery,Croissant,3.5,1,3.5
5680,2024-10-27,06:26:00,Uptown Mall,Coffee,Latte,4.25,1,4.25
5681,2024-10-27,18:44:00,Riverside,Coffee,Mocha,4.75,1,4.75
5682,2024-10-27,10:37:00,Downtown,Coffee,Latte,4.25,1,4.25
5683,2024-10-27,18:41:00,Riverside,Coffee,Cold Brew,4.5,2,9.0
5684,2024-10-27,07:55:00,Riverside,Bakery,Croissant,3.5,1,3.5
5685,2024-10-27,06:47:00,Downtown,Bakery,Bagel,2.75,1,2.75
5686,2024-10-28,09:32:00,Riverside,Coffee,Espresso,2.75,2,5.5
5687,2024-10-28,06:03:00,Downtown,Bakery,Chocolate Chip Cookie,2.5,1,2.5
5688,2024-10-28,07:47:00,Uptown Mall,Coffee,Espresso,2.75,1,2.75
5689,2024-10-28,08:29:00,Downtown,Merchandise,Reusable Cup,9.0,1,9.0
5690,2024-10-28,17:41:00,Uptown Mall,Tea,Green Tea,3.0,1,3.0
5691,2024-10-28,19:09:00,Uptown Mall,Coffee,Americano,3.25,1,3.25
5692,2024-10-28,10:15:00,Uptown Mall,Coffee,Americano,3.25,1,3.25
5693,2024-10-28,17:28:00,Uptown Mall,Coffee,Cold Brew,4.5,1,4.5
5694,2024-10-28,19:12:00,Downtown,Tea,Chai Latte,4.1,2,8.2
5695,2024-10-28,15:26:00,Downtown,Tea,Earl Grey,3.0,2,6.0
5696,2024-10-28,11:00:00,Downtown,Merchandise,Gift Card,25.0,1,25.0
5697,2024-10-28,16:46:00,Uptown Mall,Merchandise,12oz Mug,12.0,1,12.0
5698,2024-10-28,17:50:00,Uptown Mall,Bakery,Croissant,3.5,1,3.5
5699,2024-10-28,06:30:00,Uptown Mall,Coffee,Latte,4.25,2,8.5
5700,2024-10-28,17:22:00,Uptown Mall,Merchandise,Ground Coffee Bag,14.5,1,14.5
5701,2024-10-28,18:12:00,Riverside,Tea,Green Tea,3.0,2,6.0
5702,2024-10-28,09:33:00,Riverside,Bakery,Blueberry Muffin,3.25,1,3.25
5703,2024-10-29,10:47:00,Riverside,Coffee,Espresso,2.75,1,2.75
5704,2024-10-29,11:09:00,Downtown,Coffee,Espresso,2.75,1,2.75
5705,2024-10-29,12:36:00,Uptown Mall,Bakery,Chocolate Chip Cookie,2.5,1,2.5
5706,2024-10-29,07:22:00,Riverside,Coffee,Americano,3.25,1,3.25
5707,2024-10-29,14:42:00,Downtown,Tea,Herbal Blend,3.1,3,9.3
5708,2024-10-29,15:59:00,Riverside,Coffee,Espresso,2.75,1,2.75
5709,2024-10-29,16:38:00,Riverside,Coffee,Americano,3.25,1,3.25
5710,2024-10-29,10:11:00,Downtown,Bakery,Chocolate Chip Cookie,2.5,2,5.0
5711,2024-10-29,11:55:00,Downtown,Bakery,Blueberry Muffin,3.25,2,6.5
5712,2024-10-29,16:03:00,Riverside,Coffee,Mocha,4.75,2,9.5
5713,2024-10-29,14:16:00,Riverside,Coffee,Espresso,2.75,1,2.75
5714,2024-10-29,15:25:00,Downtown,Coffee,Mocha,4.75,1,4.75
5715,2024-10-29,19:53:00,Downtown,Merchandise,Ground Coffee Bag,14.5,1,14.5
5716,2024-10-29,19:18:00,Downtown,Tea,Herbal Blend,3.1,1,3.1
5717,2024-10-29,08:59:00,Downtown,Coffee,Mocha,4.75,1,4.75
5718,2024-10-29,17:12:00,Downtown,Tea,Chai Latte,4.1,1,4.1
5719,2024-10-29,06:14:00,Downtown,Bakery,Croissant,3.5,2,7.0
5720,2024-10-29,07:07:00,Uptown Mall,Coffee,Cappuccino,4.0,2,8.0
5721,2024-10-29,08:43:00,Uptown Mall,Merchandise,Ground Coffee Bag,14.5,2,29.0
5722,2024-10-29,18:46:00,Riverside,Coffee,Cold Brew,4.5,1,4.5
5723,2024-10-29,11:28:00,Riverside,Coffee,Americano,3.25,1,3.25
5724,2024-10-29,07:04:00,Downtown,Tea,Herbal Blend,3.1,1,3.1
5725,2024-10-30,13:42:00,Riverside,Bakery,Croissant,3.5,1,3.5
5726,2024-10-30,06:15:00,Uptown Mall,Coffee,Latte,4.25,1,4.25
5727,2024-10-30,14:53:00,Riverside,Coffee,Espresso,2.75,1,2.75
5728,2024-10-30,12:39:00,Downtown,Coffee,Mocha,4.75,1,4.75
5729,2024-10-30,15:01:00,Downtown,Coffee,Mocha,4.75,1,4.75
5730,2024-10-30,07:16:00,Downtown,Coffee,Cappuccino,4.0,2,8.0
5731,2024-10-30,17:41:00,Riverside,Bakery,Croissant,3.5,1,3.5
5732,2024-10-30,10:40:00,Downtown,Coffee,Americano,3.25,1,3.25
5733,2024-10-30,14:13:00,Downtown,Coffee,Mocha,4.75,1,4.75
5734,2024-10-30,15:19:00,Downtown,Bakery,Blueberry Muffin,3.25,1,3.25
5735,2024-10-30,15:21:00,Downtown,Merchandise,Gift Card,25.0,1,25.0
5736,2024-10-30,08:54:00,Downtown,Coffee,Espresso,2.75,2,5.5
5737,2024-10-30,18:00:00,Riverside,Bakery,Bagel,2.75,2,5.5
5738,2024-10-30,09:15:00,Downtown,Merchandise,Ground Coffee Bag,14.5,1,14.5
5739,2024-10-30,07:52:00,Uptown Mall,Coffee,Cold Brew,4.5,1,4.5
5740,2024-10-30,18:47:00,Riverside,Merchandise,Reusable Cup,9.0,2,18.0
5741,2024-10-30,13:00:00,Uptown Mall,Bakery,Croissant,3.5,1,3.5
5742,2024-10-30,07:20:00,Uptown Mall,Merchandise,Reusable Cup,9.0,1,9.0
5743,2024-10-30,12:00:00,Riverside,Tea,Herbal Blend,3.1,2,6.2
5744,2024-10-30,15:28:00,Downtown,Tea,Green Tea,3.0,1,3.0
5745,2024-10-30,19:02:00,Uptown Mall,Coffee,Americano,3.25,1,3.25
5746,2024-10-30,14:12:00,Riverside,Coffee,Americano,3.25,2,6.5
5747,2024-10-30,16:33:00,Uptown Mall,Bakery,Chocolate Chip Cookie,2.5,1,2.5
5748,2024-10-31,15:06:00,Downtown,Coffee,Americano,3.25,1,3.25
5749,2024-10-31,09:09:00,Downtown,Coffee,Cappuccino,4.0,1,4.0
5750,2024-10-31,07:38:00,Riverside,Coffee,Mocha,4.75,1,4.75
5751,2024-10-31,14:35:00,Downtown,Coffee,Espresso,2.75,1,2.75
5752,2024-10-31,14:57:00,Downtown,Bakery,Blueberry Muffin,3.25,1,3.25
5753,2024-10-31,14:57:00,Downtown,Coffee,Latte,4.25,1,4.25
5754,2024-10-31,17:31:00,Riverside,Coffee,Latte,4.25,2,8.5
5755,2024-10-31,19:35:00,Riverside,Coffee,Americano,3.25,2,6.5
5756,2024-10-31,12:31:00,Downtown,Coffee,Cold Brew,4.5,1,4.5
5757,2024-10-31,17:12:00,Uptown Mall,Coffee,Americano,3.25,1,3.25
5758,2024-10-31,12:44:00,Riverside,Coffee,Cold Brew,4.5,1,4.5
5759,2024-10-31,17:20:00,Uptown Mall,Coffee,Cappuccino,4.0,1,4.0
5760,2024-10-31,17:32:00,Riverside,Coffee,Latte,4.25,2,8.5
5761,2024-10-31,10:21:00,Downtown,Tea,Green Tea,3.0,2,6.0
5762,2024-10-31,11:03:00,Downtown,Coffee,Cold Brew,4.5,1,4.5
5763,2024-10-31,08:55:00,Downtown,Coffee,Americano,3.25,1,3.25
5764,2024-10-31,08:29:00,Riverside,Coffee,Cappuccino,4.0,1,4.0
5765,2024-10-31,13:19:00,Uptown Mall,Bakery,Croissant,3.5,2,7.0
5766,2024-10-31,17:43:00,Riverside,Tea,Herbal Blend,3.1,1,3.1
5767,2024-10-31,16:17:00,Downtown,Coffee,Espresso,2.75,2,5.5
5768,2024-10-31,18:23:00,Downtown,Coffee,Cappuccino,4.0,1,4.0
5769,2024-10-31,10:40:00,Uptown Mall,Coffee,Americano,3.25,1,3.25
5770,2024-10-31,07:31:00,Uptown Mall,Bakery,Chocolate Chip Cookie,2.5,1,2.5
5771,2024-11-01,12:11:00,Downtown,Bakery,Croissant,3.5,2,7.0
5772,2024-11-01,12:11:00,Riverside,Coffee,Mocha,4.75,1,4.75
5773,2024-11-01,06:27:00,Downtown,Coffee,Cold Brew,4.5,1,4.5
5774,2024-11-01,11:27:00,Downtown,Bakery,Bagel,2.75,1,2.75
5775,2024-11-01,08:46:00,Uptown Mall,Coffee,Cold Brew,4.5,1,4.5
5776,2024-11-01,06:27:00,Downtown,Coffee,Latte,4.25,1,4.25
5777,2024-11-01,07:37:00,Riverside,Coffee,Latte,4.25,1,4.25
5778,2024-11-01,11:17:00,Uptown Mall,Coffee,Mocha,4.75,1,4.75
5779,2024-11-01,13:11:00,Uptown Mall,Coffee,Cappuccino,4.0,1,4.0
5780,2024-11-01,09:29:00,Downtown,Coffee,Espresso,2.75,1,2.75
5781,2024-11-01,15:46:00,Uptown Mall,Bakery,Blueberry Muffin,3.25,2,6.5
5782,2024-11-01,15:21:00,Riverside,Bakery,Chocolate Chip Cookie,2.5,1,2.5
5783,2024-11-01,16:11:00,Downtown,Merchandise,Ground Coffee Bag,14.5,1,14.5
5784,2024-11-01,18:40:00,Riverside,Coffee,Cold Brew,4.5,1,4.5
5785,2024-11-01,15:18:00,Downtown,Coffee,Latte,4.25,1,4.25
5786,2024-11-02,07:24:00,Uptown Mall,Tea,Chai Latte,4.1,1,4.1
5787,2024-11-02,10:10:00,Uptown Mall,Bakery,Blueberry Muffin,3.25,1,3.25
5788,2024-11-02,19:30:00,Uptown Mall,Coffee,Mocha,4.75,1,4.75
5789,2024-11-02,13:38:00,Downtown,Bakery,Blueberry Muffin,3.25,1,3.25
5790,2024-11-02,09:45:00,Riverside,Bakery,Chocolate Chip Cookie,2.5,1,2.5
5791,2024-11-02,09:07:00,Uptown Mall,Bakery,Blueberry Muffin,3.25,1,3.25
5792,2024-11-02,14:15:00,Downtown,Coffee,Espresso,2.75,1,2.75
5793,2024-11-02,15:42:00,Downtown,Merchandise,Gift Card,25.0,2,50.0
5794,2024-11-02,08:46:00,Downtown,Coffee,Cappuccino,4.0,1,4.0
5795,2024-11-02,06:50:00,Downtown,Coffee,Mocha,4.75,1,4.75
5796,2024-11-02,13:44:00,Downtown,Coffee,Cold Brew,4.5,2,9.0
5797,2024-11-02,06:19:00,Riverside,Coffee,Cappuccino,4.0,1,4.0
5798,2024-11-02,19:14:00,Riverside,Coffee,Latte,4.25,1,4.25
5799,2024-11-02,16:30:00,Downtown,Coffee,Cappuccino,4.0,1,4.0
5800,2024-11-02,11:55:00,Downtown,Coffee,Americano,3.25,1,3.25
5801,2024-11-02,12:47:00,Downtown,Bakery,Chocolate Chip Cookie,2.5,1,2.5
5802,2024-11-03,15:39:00,Riverside,Coffee,Mocha,4.75,1,4.75
5803,2024-11-03,11:46:00,Uptown Mall,Coffee,Espresso,2.75,3,8.25
5804,2024-11-03,09:31:00,Riverside,Bakery,Chocolate Chip Cookie,2.5,1,2.5
5805,2024-11-03,18:19:00,Uptown Mall,Coffee,Cappuccino,4.0,2,8.0
5806,2024-11-03,18:06:00,Uptown Mall,Coffee,Americano,3.25,1,3.25
5807,2024-11-03,17:27:00,Downtown,Coffee,Espresso,2.75,1,2.75
5808,2024-11-03,08:52:00,Downtown,Coffee,Espresso,2.75,1,2.75
5809,2024-11-03,09:43:00,Downtown,Coffee,Espresso,2.75,1,2.75
5810,2024-11-03,08:24:00,Downtown,Bakery,Bagel,2.75,2,5.5
5811,2024-11-03,12:13:00,Downtown,Coffee,Cappuccino,4.0,1,4.0
5812,2024-11-03,18:34:00,Riverside,Coffee,Americano,3.25,1,3.25
5813,2024-11-03,15:35:00,Downtown,Coffee,Espresso,2.75,1,2.75
5814,2024-11-03,12:44:00,Uptown Mall,Coffee,Latte,4.25,1,4.25
5815,2024-11-03,07:32:00,Uptown Mall,Coffee,Americano,3.25,1,3.25
5816,2024-11-03,08:47:00,Downtown,Coffee,Latte,4.25,1,4.25
5817,2024-11-03,12:04:00,Riverside,Coffee,Mocha,4.75,1,4.75
5818,2024-11-03,16:56:00,Uptown Mall,Bakery,Bagel,2.75,1,2.75
5819,2024-11-03,16:26:00,Riverside,Coffee,Cappuccino,4.0,1,4.0
5820,2024-11-03,07:19:00,Riverside,Bakery,Chocolate Chip Cookie,2.5,2,5.0
5821,2024-11-03,18:46:00,Downtown,Tea,Chai Latte,4.1,1,4.1
5822,2024-11-03,06:18:00,Downtown,Coffee,Latte,4.25,1,4.25
5823,2024-11-03,11:08:00,Uptown Mall,Bakery,Bagel,2.75,1,2.75
5824,2024-11-03,17:21:00,Riverside,Bakery,Blueberry Muffin,3.25,2,6.5
5825,2024-11-03,11:51:00,Downtown,Coffee,Latte,4.25,1,4.25
5826,2024-11-03,12:09:00,Riverside,Coffee,Cappuccino,4.0,1,4.0
5827,2024-11-03,15:29:00,Uptown Mall,Coffee,Americano,3.25,2,6.5
5828,2024-11-03,11:40:00,Uptown Mall,Coffee,Latte,4.25,1,4.25
5829,2024-11-03,09:51:00,Uptown Mall,Coffee,Americano,3.25,1,3.25
5830,2024-11-04,16:21:00,Riverside,Bakery,Bagel,2.75,2,5.5
5831,2024-11-04,07:56:00,Riverside,Bakery,Bagel,2.75,2,5.5
5832,2024-11-04,13:36:00,Uptown Mall,Bakery,Croissant,3.5,1,3.5
5833,2024-11-04,16:52:00,Riverside,Coffee,Cold Brew,4.5,1,4.5
5834,2024-11-04,17:40:00,Riverside,Coffee,Latte,4.25,1,4.25
5835,2024-11-04,18:18:00,Downtown,Tea,Earl Grey,3.0,1,3.0
5836,2024-11-04,19:52:00,Uptown Mall,Bakery,Blueberry Muffin,3.25,1,3.25
5837,2024-11-04,15:02:00,Downtown,Coffee,Cappuccino,4.0,1,4.0
5838,2024-11-04,13:47:00,Riverside,Merchandise,12oz Mug,12.0,1,12.0
5839,2024-11-04,18:23:00,Riverside,Tea,Earl Grey,3.0,1,3.0
5840,2024-11-04,18:11:00,Uptown Mall,Tea,Chai Latte,4.1,1,4.1
5841,2024-11-04,13:36:00,Uptown Mall,Coffee,Mocha,4.75,1,4.75
5842,2024-11-04,08:59:00,Uptown Mall,Coffee,Mocha,4.75,1,4.75
5843,2024-11-04,09:57:00,Riverside,Coffee,Espresso,2.75,1,2.75
5844,2024-11-04,18:13:00,Uptown Mall,Coffee,Cold Brew,4.5,1,4.5
5845,2024-11-04,06:12:00,Uptown Mall,Coffee,Latte,4.25,1,4.25
5846,2024-11-04,10:16:00,Riverside,Coffee,Latte,4.25,1,4.25
5847,2024-11-04,17:39:00,Uptown Mall,Coffee,Americano,3.25,3,9.75
5848,2024-11-04,13:36:00,Riverside,Bakery,Blueberry Muffin,3.25,1,3.25
5849,2024-11-05,09:27:00,Riverside,Merchandise,Gift Card,25.0,1,25.0
5850,2024-11-05,11:45:00,Uptown Mall,Tea,Earl Grey,3.0,1,3.0
5851,2024-11-05,13:22:00,Downtown,Coffee,Cappuccino,4.0,2,8.0
5852,2024-11-05,08:41:00,Downtown,Coffee,Latte,4.25,1,4.25
5853,2024-11-05,06:28:00,Downtown,Coffee,Cold Brew,4.5,1,4.5
5854,2024-11-05,07:51:00,Uptown Mall,Merchandise,Gift Card,25.0,1,25.0
5855,2024-11-05,13:10:00,Riverside,Bakery,Croissant,3.5,2,7.0
5856,2024-11-05,08:53:00,Riverside,Coffee,Cappuccino,4.0,1,4.0
5857,2024-11-05,14:02:00,Uptown Mall,Coffee,Cappuccino,4.0,2,8.0
5858,2024-11-05,17:54:00,Downtown,Coffee,Cappuccino,4.0,1,4.0
5859,2024-11-05,08:26:00,Downtown,Bakery,Blueberry Muffin,3.25,3,9.75
5860,2024-11-05,19:47:00,Downtown,Bakery,Chocolate Chip Cookie,2.5,1,2.5
5861,2024-11-05,09:20:00,Riverside,Coffee,Mocha,4.75,1,4.75
5862,2024-11-06,10:36:00,Downtown,Bakery,Bagel,2.75,1,2.75
5863,2024-11-06,19:41:00,Riverside,Coffee,Cold Brew,4.5,2,9.0
5864,2024-11-06,16:31:00,Riverside,Coffee,Cappuccino,4.0,2,8.0
5865,2024-11-06,11:18:00,Riverside,Coffee,Latte,4.25,1,4.25
5866,2024-11-06,17:52:00,Riverside,Coffee,Espresso,2.75,1,2.75
5867,2024-11-06,10:32:00,Riverside,Coffee,Mocha,4.75,1,4.75
5868,2024-11-06,18:10:00,Uptown Mall,Bakery,Bagel,2.75,1,2.75
5869,2024-11-06,09:40:00,Downtown,Coffee,Latte,4.25,1,4.25
5870,2024-11-06,19:04:00,Downtown,Coffee,Espresso,2.75,1,2.75
5871,2024-11-06,12:18:00,Downtown,Coffee,Cappuccino,4.0,1,4.0
5872,2024-11-06,12:47:00,Riverside,Bakery,Croissant,3.5,1,3.5
5873,2024-11-06,17:06:00,Downtown,Merchandise,Gift Card,25.0,1,25.0
5874,2024-11-06,17:14:00,Downtown,Coffee,Cold Brew,4.5,1,4.5
5875,2024-11-06,07:10:00,Uptown Mall,Bakery,Croissant,3.5,1,3.5
5876,2024-11-06,12:19:00,Riverside,Bakery,Bagel,2.75,1,2.75
5877,2024-11-07,16:11:00,Riverside,Merchandise,Ground Coffee Bag,14.5,1,14.5
5878,2024-11-07,12:47:00,Downtown,Coffee,Mocha,4.75,1,4.75
5879,2024-11-07,13:50:00,Downtown,Tea,Earl Grey,3.0,1,3.0
5880,2024-11-07,17:26:00,Downtown,Coffee,Cold Brew,4.5,1,4.5
5881,2024-11-07,19:42:00,Riverside,Tea,Herbal Blend,3.1,1,3.1
5882,2024-11-07,13:49:00,Downtown,Merchandise,Ground Coffee Bag,14.5,2,29.0
5883,2024-11-07,08:48:00,Downtown,Coffee,Cold Brew,4.5,1,4.5
5884,2024-11-07,14:53:00,Uptown Mall,Coffee,Mocha,4.75,1,4.75
5885,2024-11-07,10:50:00,Uptown Mall,Coffee,Cappuccino,4.0,2,8.0
5886,2024-11-07,13:46:00,Downtown,Coffee,Americano,3.25,1,3.25
5887,2024-11-07,18:14:00,Downtown,Coffee,Cold Brew,4.5,1,4.5
5888,2024-11-07,09:20:00,Downtown,Tea,Herbal Blend,3.1,1,3.1
5889,2024-11-07,08:40:00,Riverside,Merchandise,Ground Coffee Bag,14.5,2,29.0
5890,2024-11-07,12:51:00,Downtown,Merchandise,Gift Card,25.0,2,50.0
5891,2024-11-07,10:47:00,Downtown,Coffee,Cold Brew,4.5,1,4.5
5892,2024-11-07,07:06:00,Downtown,Coffee,Cappuccino,4.0,1,4.0
5893,2024-11-08,18:39:00,Uptown Mall,Coffee,Americano,3.25,2,6.5
5894,2024-11-08,07:24:00,Downtown,Coffee,Espresso,2.75,1,2.75
5895,2024-11-08,06:45:00,Downtown,Merchandise,Gift Card,25.0,1,25.0
5896,2024-11-08,12:30:00,Uptown Mall,Coffee,Cold Brew,4.5,1,4.5
5897,2024-11-08,19:15:00,Riverside,Bakery,Blueberry Muffin,3.25,1,3.25
5898,2024-11-08,16:18:00,Downtown,Bakery,Bagel,2.75,2,5.5
5899,2024-11-08,09:03:00,Downtown,Coffee,Americano,3.25,2,6.5
5900,2024-11-08,10:46:00,Uptown Mall,Bakery,Croissant,3.5,1,3.5
5901,2024-11-08,14:44:00,Downtown,Coffee,Cappuccino,4.0,3,12.0
5902,2024-11-08,13:21:00,Riverside,Bakery,Chocolate Chip Cookie,2.5,1,2.5
5903,2024-11-08,10:53:00,Uptown Mall,Bakery,Croissant,3.5,1,3.5
5904,2024-11-08,06:19:00,Downtown,Merchandise,12oz Mug,12.0,1,12.0
5905,2024-11-08,14:26:00,Uptown Mall,Coffee,Cappuccino,4.0,1,4.0
5906,2024-11-09,07:16:00,Riverside,Coffee,Latte,4.25,1,4.25
5907,2024-11-09,15:34:00,Uptown Mall,Bakery,Croissant,3.5,1,3.5
5908,2024-11-09,12:48:00,Downtown,Coffee,Mocha,4.75,1,4.75
5909,2024-11-09,15:06:00,Downtown,Coffee,Mocha,4.75,1,4.75
5910,2024-11-09,13:49:00,Uptown Mall,Coffee,Cold Brew,4.5,1,4.5
5911,2024-11-09,11:03:00,Uptown Mall,Tea,Chai Latte,4.1,1,4.1
5912,2024-11-09,14:04:00,Riverside,Merchandise,12oz Mug,12.0,1,12.0
5913,2024-11-09,18:32:00,Downtown,Merchandise,Reusable Cup,9.0,1,9.0
5914,2024-11-09,11:15:00,Uptown Mall,Tea,Earl Grey,3.0,1,3.0
5915,2024-11-09,10:03:00,Downtown,Coffee,Mocha,4.75,1,4.75
5916,2024-11-09,08:11:00,Downtown,Coffee,Cappuccino,4.0,1,4.0
5917,2024-11-09,11:53:00,Downtown,Coffee,Cold Brew,4.5,1,4.5
5918,2024-11-09,15:01:00,Downtown,Coffee,Cold Brew,4.5,1,4.5
5919,2024-11-09,12:18:00,Uptown Mall,Coffee,Latte,4.25,1,4.25
5920,2024-11-09,15:57:00,Downtown,Coffee,Americano,3.25,1,3.25
5921,2024-11-09,07:32:00,Uptown Mall,Coffee,Cappuccino,4.0,3,12.0
5922,2024-11-09,11:18:00,Downtown,Coffee,Latte,4.25,1,4.25
5923,2024-11-09,11:56:00,Riverside,Coffee,Americano,3.25,1,3.25
5924,2024-11-09,06:01:00,Uptown Mall,Tea,Earl Grey,3.0,1,3.0
5925,2024-11-09,11:18:00,Downtown,Coffee,Cappuccino,4.0,1,4.0
5926,2024-11-09,15:22:00,Uptown Mall,Coffee,Cappuccino,4.0,1,4.0
5927,2024-11-09,09:20:00,Uptown Mall,Tea,Herbal Blend,3.1,2,6.2
5928,2024-11-09,06:40:00,Downtown,Tea,Green Tea,3.0,1,3.0
5929,2024-11-10,11:21:00,Uptown Mall,Coffee,Espresso,2.75,1,2.75
5930,2024-11-10,11:05:00,Downtown,Coffee,Cappuccino,4.0,1,4.0
5931,2024-11-10,15:23:00,Downtown,Bakery,Bagel,2.75,1,2.75
5932,2024-11-10,10:47:00,Downtown,Merchandise,Ground Coffee Bag,14.5,1,14.5
5933,2024-11-10,12:04:00,Downtown,Coffee,Espresso,2.75,2,5.5
5934,2024-11-10,09:46:00,Riverside,Coffee,Americano,3.25,2,6.5
5935,2024-11-10,17:33:00,Riverside,Bakery,Bagel,2.75,1,2.75
5936,2024-11-10,15:13:00,Downtown,Tea,Herbal Blend,3.1,1,3.1
5937,2024-11-10,13:31:00,Riverside,Coffee,Cold Brew,4.5,1,4.5
5938,2024-11-10,16:49:00,Downtown,Coffee,Espresso,2.75,1,2.75
5939,2024-11-10,11:15:00,Uptown Mall,Coffee,Cappuccino,4.0,1,4.0
5940,2024-11-10,09:31:00,Downtown,Bakery,Bagel,2.75,2,5.5
5941,2024-11-10,09:21:00,Downtown,Coffee,Cold Brew,4.5,1,4.5
5942,2024-11-10,15:19:00,Riverside,Coffee,Cappuccino,4.0,2,8.0
5943,2024-11-10,10:50:00,Downtown,Coffee,Cold Brew,4.5,1,4.5
5944,2024-11-10,06:16:00,Downtown,Coffee,Mocha,4.75,1,4.75
5945,2024-11-10,19:55:00,Uptown Mall,Bakery,Chocolate Chip Cookie,2.5,1,2.5
5946,2024-11-10,19:37:00,Downtown,Tea,Chai Latte,4.1,2,8.2
5947,2024-11-10,09:12:00,Riverside,Coffee,Mocha,4.75,1,4.75
5948,2024-11-10,12:41:00,Downtown,Merchandise,Ground Coffee Bag,14.5,1,14.5
5949,2024-11-10,12:35:00,Downtown,Coffee,Mocha,4.75,1,4.75
5950,2024-11-10,19:14:00,Riverside,Merchandise,Ground Coffee Bag,14.5,1,14.5
5951,2024-11-10,10:41:00,Riverside,Coffee,Mocha,4.75,1,4.75
5952,2024-11-10,14:49:00,Downtown,Tea,Green Tea,3.0,1,3.0
5953,2024-11-10,13:45:00,Uptown Mall,Coffee,Latte,4.25,1,4.25
5954,2024-11-10,14:28:00,Riverside,Coffee,Cappuccino,4.0,1,4.0
5955,2024-11-10,12:02:00,Downtown,Coffee,Mocha,4.75,1,4.75
5956,2024-11-10,16:11:00,Uptown Mall,Tea,Herbal Blend,3.1,1,3.1
5957,2024-11-11,10:37:00,Riverside,Tea,Earl Grey,3.0,1,3.0
5958,2024-11-11,11:10:00,Downtown,Coffee,Americano,3.25,1,3.25
5959,2024-11-11,17:05:00,Uptown Mall,Coffee,Cold Brew,4.5,1,4.5
5960,2024-11-11,14:49:00,Riverside,Coffee,Cold Brew,4.5,1,4.5
5961,2024-11-11,14:34:00,Downtown,Coffee,Cappuccino,4.0,1,4.0
5962,2024-11-11,08:11:00,Downtown,Coffee,Espresso,2.75,2,5.5
5963,2024-11-11,18:56:00,Downtown,Bakery,Blueberry Muffin,3.25,1,3.25
5964,2024-11-11,06:11:00,Uptown Mall,Tea,Chai Latte,4.1,2,8.2
5965,2024-11-11,16:32:00,Uptown Mall,Tea,Earl Grey,3.0,1,3.0
5966,2024-11-11,07:17:00,Downtown,Coffee,Americano,3.25,1,3.25
5967,2024-11-11,09:33:00,Riverside,Coffee,Cold Brew,4.5,1,4.5
5968,2024-11-11,13:25:00,Riverside,Tea,Earl Grey,3.0,1,3.0
5969,2024-11-11,10:55:00,Uptown Mall,Bakery,Bagel,2.75,2,5.5
5970,2024-11-11,14:56:00,Uptown Mall,Tea,Herbal Blend,3.1,1,3.1
5971,2024-11-11,18:35:00,Riverside,Bakery,Croissant,3.5,2,7.0
5972,2024-11-11,17:46:00,Riverside,Coffee,Latte,4.25,1,4.25
5973,2024-11-11,19:03:00,Downtown,Coffee,Americano,3.25,1,3.25
5974,2024-11-11,18:37:00,Uptown Mall,Coffee,Cold Brew,4.5,1,4.5
5975,2024-11-11,11:45:00,Riverside,Coffee,Cappuccino,4.0,1,4.0
5976,2024-11-11,07:59:00,Downtown,Coffee,Cappuccino,4.0,1,4.0
5977,2024-11-11,17:54:00,Uptown Mall,Tea,Earl Grey,3.0,1,3.0
5978,2024-11-12,06:28:00,Uptown Mall,Coffee,Americano,3.25,1,3.25
5979,2024-11-12,19:22:00,Uptown Mall,Bakery,Chocolate Chip Cookie,2.5,1,2.5
5980,2024-11-12,10:17:00,Uptown Mall,Bakery,Blueberry Muffin,3.25,1,3.25
5981,2024-11-12,13:59:00,Riverside,Coffee,Cappuccino,4.0,1,4.0
5982,2024-11-12,18:00:00,Uptown Mall,Bakery,Chocolate Chip Cookie,2.5,1,2.5
5983,2024-11-12,09:19:00,Downtown,Bakery,Chocolate Chip Cookie,2.5,1,2.5
5984,2024-11-12,06:43:00,Riverside,Coffee,Cold Brew,4.5,1,4.5
5985,2024-11-12,11:35:00,Riverside,Coffee,Mocha,4.75,1,4.75
5986,2024-11-12,19:01:00,Riverside,Tea,Earl Grey,3.0,1,3.0
5987,2024-11-12,10:55:00,Downtown,Tea,Herbal Blend,3.1,1,3.1
5988,2024-11-12,07:38:00,Uptown Mall,Coffee,Latte,4.25,2,8.5
5989,2024-11-12,12:08:00,Uptown Mall,Coffee,Latte,4.25,1,4.25
5990,2024-11-12,18:17:00,Downtown,Coffee,Espresso,2.75,1,2.75
5991,2024-11-12,08:15:00,Uptown Mall,Bakery,Chocolate Chip Cookie,2.5,1,2.5
5992,2024-11-12,16:52:00,Riverside,Tea,Herbal Blend,3.1,1,3.1
5993,2024-11-12,08:25:00,Riverside,Coffee,Cold Brew,4.5,1,4.5
5994,2024-11-13,17:50:00,Downtown,Bakery,Croissant,3.5,1,3.5
5995,2024-11-13,13:02:00,Uptown Mall,Bakery,Blueberry Muffin,3.25,1,3.25
5996,2024-11-13,08:31:00,Uptown Mall,Coffee,Espresso,2.75,1,2.75
5997,2024-11-13,16:17:00,Uptown Mall,Coffee,Cold Brew,4.5,1,4.5
5998,2024-11-13,13:59:00,Riverside,Merchandise,Ground Coffee Bag,14.5,1,14.5
5999,2024-11-13,17:38:00,Downtown,Coffee,Americano,3.25,1,3.25
6000,2024-11-13,16:10:00,Uptown Mall,Bakery,Blueberry Muffin,3.25,1,3.25
6001,2024-11-13,07:02:00,Downtown,Coffee,Americano,3.25,1,3.25
6002,2024-11-13,11:21:00,Uptown Mall,Coffee,Cold Brew,4.5,1,4.5
6003,2024-11-13,12:19:00,Downtown,Tea,Chai Latte,4.1,1,4.1
6004,2024-11-13,13:21:00,Downtown,Coffee,Mocha,4.75,1,4.75
6005,2024-11-13,16:06:00,Downtown,Coffee,Cold Brew,4.5,1,4.5
6006,2024-11-13,07:09:00,Uptown Mall,Bakery,Chocolate Chip Cookie,2.5,2,5.0
6007,2024-11-13,13:17:00,Riverside,Bakery,Bagel,2.75,1,2.75
6008,2024-11-13,09:11:00,Downtown,Bakery,Croissant,3.5,1,3.5
6009,2024-11-13,12:20:00,Uptown Mall,Merchandise,Reusable Cup,9.0,1,9.0
6010,2024-11-13,08:19:00,Downtown,Tea,Green Tea,3.0,1,3.0
6011,2024-11-13,07:56:00,Downtown,Bakery,Blueberry Muffin,3.25,1,3.25
6012,2024-11-13,15:25:00,Downtown,Coffee,Cold Brew,4.5,1,4.5
6013,2024-11-13,18:01:00,Riverside,Bakery,Chocolate Chip Cookie,2.5,1,2.5
6014,2024-11-13,13:00:00,Riverside,Bakery,Chocolate Chip Cookie,2.5,1,2.5
6015,2024-11-13,14:08:00,Downtown,Tea,Chai Latte,4.1,1,4.1
6016,2024-11-14,08:30:00,Downtown,Coffee,Cappuccino,4.0,1,4.0
6017,2024-11-14,17:20:00,Riverside,Merchandise,Ground Coffee Bag,14.5,1,14.5
6018,2024-11-14,06:09:00,Downtown,Coffee,Cappuccino,4.0,1,4.0
6019,2024-11-14,06:11:00,Downtown,Coffee,Americano,3.25,1,3.25
6020,2024-11-14,09:28:00,Downtown,Tea,Green Tea,3.0,1,3.0
6021,2024-11-14,16:32:00,Uptown Mall,Coffee,Cold Brew,4.5,2,9.0
6022,2024-11-14,16:40:00,Downtown,Coffee,Cappuccino,4.0,1,4.0
6023,2024-11-14,16:19:00,Riverside,Merchandise,Reusable Cup,9.0,1,9.0
6024,2024-11-14,14:43:00,Downtown,Coffee,Latte,4.25,1,4.25
6025,2024-11-14,07:19:00,Downtown,Merchandise,12oz Mug,12.0,1,12.0
6026,2024-11-14,08:26:00,Downtown,Coffee,Americano,3.25,1,3.25
6027,2024-11-14,12:38:00,Downtown,Coffee,Latte,4.25,1,4.25
6028,2024-11-14,12:39:00,Downtown,Tea,Green Tea,3.0,1,3.0
6029,2024-11-14,17:48:00,Downtown,Coffee,Americano,3.25,1,3.25
6030,2024-11-15,08:26:00,Riverside,Coffee,Cappuccino,4.0,1,4.0
6031,2024-11-15,15:30:00,Riverside,Tea,Earl Grey,3.0,1,3.0
6032,2024-11-15,13:35:00,Riverside,Coffee,Cold Brew,4.5,1,4.5
6033,2024-11-15,14:57:00,Downtown,Coffee,Mocha,4.75,1,4.75
6034,2024-11-15,15:00:00,Uptown Mall,Coffee,Latte,4.25,1,4.25
6035,2024-11-15,19:15:00,Riverside,Merchandise,Reusable Cup,9.0,1,9.0
6036,2024-11-15,19:50:00,Riverside,Tea,Herbal Blend,3.1,1,3.1
6037,2024-11-15,19:48:00,Riverside,Bakery,Bagel,2.75,3,8.25
6038,2024-11-15,17:34:00,Downtown,Tea,Green Tea,3.0,1,3.0
6039,2024-11-15,13:22:00,Uptown Mall,Tea,Chai Latte,4.1,2,8.2
6040,2024-11-15,17:30:00,Downtown,Tea,Chai Latte,4.1,1,4.1
6041,2024-11-15,16:40:00,Uptown Mall,Bakery,Blueberry Muffin,3.25,1,3.25
6042,2024-11-15,13:29:00,Uptown Mall,Bakery,Bagel,2.75,2,5.5
6043,2024-11-15,14:04:00,Downtown,Merchandise,Gift Card,25.0,1,25.0
6044,2024-11-15,18:47:00,Uptown Mall,Bakery,Blueberry Muffin,3.25,1,3.25
6045,2024-11-15,07:58:00,Downtown,Coffee,Latte,4.25,1,4.25
6046,2024-11-15,08:34:00,Uptown Mall,Bakery,Bagel,2.75,1,2.75
6047,2024-11-16,11:31:00,Downtown,Tea,Herbal Blend,3.1,3,9.3
6048,2024-11-16,16:29:00,Downtown,Tea,Chai Latte,4.1,3,12.3
6049,2024-11-16,06:42:00,Downtown,Tea,Chai Latte,4.1,2,8.2
6050,2024-11-16,15:54:00,Uptown Mall,Bakery,Blueberry Muffin,3.25,2,6.5
6051,2024-11-16,09:58:00,Downtown,Merchandise,12oz Mug,12.0,1,12.0
6052,2024-11-16,10:27:00,Uptown Mall,Bakery,Croissant,3.5,1,3.5
6053,2024-11-16,16:25:00,Riverside,Coffee,Latte,4.25,2,8.5
6054,2024-11-16,12:22:00,Riverside,Merchandise,Reusable Cup,9.0,1,9.0
6055,2024-11-16,08:22:00,Downtown,Coffee,Cold Brew,4.5,1,4.5
6056,2024-11-16,18:20:00,Downtown,Coffee,Latte,4.25,1,4.25
6057,2024-11-16,19:52:00,Riverside,Coffee,Mocha,4.75,2,9.5
6058,2024-11-16,07:39:00,Downtown,Coffee,Espresso,2.75,1,2.75
6059,2024-11-16,10:17:00,Downtown,Coffee,Cappuccino,4.0,2,8.0
6060,2024-11-16,09:00:00,Riverside,Coffee,Cappuccino,4.0,1,4.0
6061,2024-11-16,12:53:00,Downtown,Tea,Chai Latte,4.1,1,4.1
6062,2024-11-16,09:58:00,Riverside,Bakery,Croissant,3.5,1,3.5
6063,2024-11-16,10:09:00,Uptown Mall,Tea,Green Tea,3.0,1,3.0
6064,2024-11-16,18:24:00,Downtown,Coffee,Espresso,2.75,1,2.75
6065,2024-11-16,15:40:00,Downtown,Tea,Green Tea,3.0,1,3.0
6066,2024-11-16,17:15:00,Downtown,Coffee,Espresso,2.75,2,5.5
6067,2024-11-16,12:36:00,Downtown,Tea,Herbal Blend,3.1,1,3.1
6068,2024-11-16,16:42:00,Riverside,Coffee,Latte,4.25,2,8.5
6069,2024-11-17,12:09:00,Downtown,Coffee,Cold Brew,4.5,1,4.5
6070,2024-11-17,07:26:00,Riverside,Bakery,Croissant,3.5,1,3.5
6071,2024-11-17,12:44:00,Downtown,Coffee,Latte,4.25,1,4.25
6072,2024-11-17,10:08:00,Downtown,Tea,Herbal Blend,3.1,1,3.1
6073,2024-11-17,16:25:00,Downtown,Bakery,Croissant,3.5,1,3.5
6074,2024-11-17,12:24:00,Downtown,Bakery,Bagel,2.75,1,2.75
6075,2024-11-17,11:03:00,Riverside,Tea,Chai Latte,4.1,1,4.1
6076,2024-11-17,15:03:00,Riverside,Coffee,Cold Brew,4.5,1,4.5
6077,2024-11-17,14:35:00,Riverside,Bakery,Croissant,3.5,2,7.0
6078,2024-11-17,19:54:00,Riverside,Coffee,Cold Brew,4.5,1,4.5
6079,2024-11-17,14:22:00,Downtown,Merchandise,12oz Mug,12.0,1,12.0
6080,2024-11-17,14:49:00,Riverside,Tea,Chai Latte,4.1,2,8.2
6081,2024-11-17,06:51:00,Uptown Mall,Coffee,Cold Brew,4.5,1,4.5
6082,2024-11-17,06:01:00,Uptown Mall,Coffee,Cold Brew,4.5,2,9.0
6083,2024-11-17,06:29:00,Downtown,Tea,Green Tea,3.0,1,3.0
6084,2024-11-18,08:34:00,Downtown,Coffee,Cold Brew,4.5,1,4.5
6085,2024-11-18,10:37:00,Riverside,Bakery,Croissant,3.5,1,3.5
6086,2024-11-18,19:22:00,Downtown,Coffee,Espresso,2.75,1,2.75
6087,2024-11-18,14:18:00,Riverside,Tea,Chai Latte,4.1,1,4.1
6088,2024-11-18,10:26:00,Downtown,Tea,Green Tea,3.0,1,3.0
6089,2024-11-18,19:16:00,Downtown,Tea,Chai Latte,4.1,1,4.1
6090,2024-11-18,13:58:00,Riverside,Tea,Green Tea,3.0,1,3.0
6091,2024-11-18,18:14:00,Uptown Mall,Coffee,Americano,3.25,1,3.25
6092,2024-11-18,10:02:00,Riverside,Coffee,Cold Brew,4.5,1,4.5
6093,2024-11-18,11:36:00,Riverside,Coffee,Cold Brew,4.5,1,4.5
6094,2024-11-18,14:56:00,Downtown,Merchandise,Reusable Cup,9.0,1,9.0
6095,2024-11-18,17:27:00,Riverside,Tea,Herbal Blend,3.1,1,3.1
6096,2024-11-18,16:06:00,Downtown,Coffee,Americano,3.25,1,3.25
6097,2024-11-18,06:26:00,Uptown Mall,Merchandise,Gift Card,25.0,1,25.0
6098,2024-11-18,19:01:00,Riverside,Coffee,Cold Brew,4.5,1,4.5
6099,2024-11-18,14:01:00,Downtown,Coffee,Americano,3.25,1,3.25
6100,2024-11-18,07:11:00,Downtown,Coffee,Mocha,4.75,1,4.75
6101,2024-11-18,19:49:00,Downtown,Coffee,Latte,4.25,1,4.25
6102,2024-11-18,06:52:00,Downtown,Bakery,Croissant,3.5,1,3.5
6103,2024-11-19,15:23:00,Downtown,Coffee,Mocha,4.75,1,4.75
6104,2024-11-19,19:35:00,Downtown,Coffee,Cold Brew,4.5,1,4.5
6105,2024-11-19,11:52:00,Uptown Mall,Coffee,Espresso,2.75,1,2.75
6106,2024-11-19,16:06:00,Riverside,Merchandise,Ground Coffee Bag,14.5,1,14.5
6107,2024-11-19,12:33:00,Riverside,Merchandise,Gift Card,25.0,1,25.0
6108,2024-11-19,08:36:00,Riverside,Bakery,Bagel,2.75,1,2.75
6109,2024-11-19,13:34:00,Uptown Mall,Merchandise,Reusable Cup,9.0,1,9.0
6110,2024-11-19,10:20:00,Downtown,Tea,Earl Grey,3.0,1,3.0
6111,2024-11-19,17:51:00,Uptown Mall,Coffee,Americano,3.25,1,3.25
6112,2024-11-19,17:21:00,Uptown Mall,Merchandise,Ground Coffee Bag,14.5,1,14.5
6113,2024-11-19,19:36:00,Downtown,Tea,Green Tea,3.0,1,3.0
6114,2024-11-19,06:42:00,Downtown,Bakery,Blueberry Muffin,3.25,1,3.25
6115,2024-11-19,17:03:00,Downtown,Coffee,Cold Brew,4.5,2,9.0
6116,2024-11-19,07:50:00,Riverside,Coffee,Latte,4.25,1,4.25
6117,2024-11-19,16:53:00,Downtown,Coffee,Cappuccino,4.0,1,4.0
6118,2024-11-19,16:53:00,Downtown,Coffee,Mocha,4.75,1,4.75
6119,2024-11-20,08:10:00,Downtown,Tea,Herbal Blend,3.1,2,6.2
6120,2024-11-20,17:25:00,Downtown,Bakery,Bagel,2.75,2,5.5
6121,2024-11-20,17:31:00,Riverside,Coffee,Americano,3.25,1,3.25
6122,2024-11-20,09:56:00,Uptown Mall,Coffee,Americano,3.25,2,6.5
6123,2024-11-20,08:15:00,Riverside,Bakery,Blueberry Muffin,3.25,2,6.5
6124,2024-11-20,16:11:00,Riverside,Merchandise,Gift Card,25.0,1,25.0
6125,2024-11-20,11:07:00,Uptown Mall,Tea,Herbal Blend,3.1,1,3.1
6126,2024-11-20,19:07:00,Uptown Mall,Coffee,Latte,4.25,1,4.25
6127,2024-11-20,07:21:00,Downtown,Bakery,Croissant,3.5,2,7.0
6128,2024-11-20,16:57:00,Downtown,Merchandise,Gift Card,25.0,1,25.0
6129,2024-11-20,15:29:00,Downtown,Bakery,Bagel,2.75,1,2.75
6130,2024-11-20,17:34:00,Downtown,Bakery,Chocolate Chip Cookie,2.5,1,2.5
6131,2024-11-20,11:45:00,Downtown,Coffee,Latte,4.25,2,8.5
6132,2024-11-20,07:34:00,Downtown,Coffee,Cappuccino,4.0,1,4.0
6133,2024-11-20,13:48:00,Downtown,Merchandise,Ground Coffee Bag,14.5,1,14.5
6134,2024-11-20,18:57:00,Riverside,Coffee,Latte,4.25,2,8.5
6135,2024-11-20,18:03:00,Downtown,Coffee,Americano,3.25,1,3.25
6136,2024-11-20,06:09:00,Downtown,Coffee,Espresso,2.75,1,2.75
6137,2024-11-20,17:09:00,Downtown,Bakery,Blueberry Muffin,3.25,2,6.5
6138,2024-11-20,08:37:00,Downtown,Bakery,Croissant,3.5,1,3.5
6139,2024-11-20,15:31:00,Downtown,Coffee,Americano,3.25,1,3.25
6140,2024-11-20,13:41:00,Riverside,Coffee,Mocha,4.75,3,14.25
6141,2024-11-20,12:52:00,Uptown Mall,Tea,Green Tea,3.0,1,3.0
6142,2024-11-21,06:15:00,Riverside,Tea,Green Tea,3.0,1,3.0
6143,2024-11-21,12:41:00,Riverside,Coffee,Americano,3.25,1,3.25
6144,2024-11-21,10:29:00,Riverside,Coffee,Cold Brew,4.5,1,4.5
6145,2024-11-21,13:56:00,Downtown,Coffee,Mocha,4.75,1,4.75
6146,2024-11-21,15:23:00,Downtown,Coffee,Espresso,2.75,1,2.75
6147,2024-11-21,19:46:00,Uptown Mall,Tea,Herbal Blend,3.1,2,6.2
6148,2024-11-21,11:17:00,Downtown,Coffee,Mocha,4.75,1,4.75
6149,2024-11-21,18:02:00,Uptown Mall,Bakery,Croissant,3.5,1,3.5
6150,2024-11-21,18:57:00,Riverside,Coffee,Cold Brew,4.5,1,4.5
6151,2024-11-21,07:52:00,Uptown Mall,Coffee,Espresso,2.75,1,2.75
6152,2024-11-21,12:56:00,Riverside,Merchandise,Reusable Cup,9.0,1,9.0
6153,2024-11-21,18:48:00,Downtown,Bakery,Blueberry Muffin,3.25,2,6.5
6154,2024-11-21,13:40:00,Riverside,Coffee,Mocha,4.75,1,4.75
6155,2024-11-21,11:25:00,Downtown,Coffee,Mocha,4.75,1,4.75
6156,2024-11-21,09:32:00,Downtown,Coffee,Cold Brew,4.5,1,4.5
6157,2024-11-21,11:02:00,Uptown Mall,Coffee,Mocha,4.75,2,9.5
6158,2024-11-21,14:25:00,Riverside,Coffee,Cappuccino,4.0,1,4.0
6159,2024-11-21,15:12:00,Uptown Mall,Coffee,Latte,4.25,1,4.25
6160,2024-11-21,06:21:00,Downtown,Coffee,Cappuccino,4.0,2,8.0
6161,2024-11-21,16:36:00,Riverside,Coffee,Americano,3.25,1,3.25
6162,2024-11-22,11:26:00,Downtown,Coffee,Americano,3.25,1,3.25
6163,2024-11-22,19:36:00,Riverside,Bakery,Chocolate Chip Cookie,2.5,1,2.5
6164,2024-11-22,14:31:00,Riverside,Coffee,Cappuccino,4.0,1,4.0
6165,2024-11-22,08:22:00,Downtown,Tea,Chai Latte,4.1,2,8.2
6166,2024-11-22,11:03:00,Downtown,Bakery,Bagel,2.75,1,2.75
6167,2024-11-22,14:43:00,Riverside,Coffee,Cappuccino,4.0,2,8.0
6168,2024-11-22,17:26:00,Riverside,Bakery,Bagel,2.75,1,2.75
6169,2024-11-22,11:47:00,Uptown Mall,Coffee,Espresso,2.75,1,2.75
6170,2024-11-22,07:16:00,Downtown,Coffee,Latte,4.25,1,4.25
6171,2024-11-22,15:09:00,Downtown,Coffee,Cappuccino,4.0,1,4.0
6172,2024-11-22,16:51:00,Downtown,Coffee,Mocha,4.75,1,4.75
6173,2024-11-22,16:49:00,Downtown,Coffee,Cappuccino,4.0,1,4.0
6174,2024-11-23,09:54:00,Riverside,Coffee,Latte,4.25,1,4.25
6175,2024-11-23,13:26:00,Downtown,Coffee,Americano,3.25,1,3.25
6176,2024-11-23,18:17:00,Uptown Mall,Bakery,Blueberry Muffin,3.25,1,3.25
6177,2024-11-23,08:31:00,Downtown,Coffee,Americano,3.25,1,3.25
6178,2024-11-23,15:21:00,Downtown,Merchandise,12oz Mug,12.0,1,12.0
6179,2024-11-23,09:31:00,Downtown,Coffee,Cappuccino,4.0,1,4.0
6180,2024-11-23,18:56:00,Downtown,Coffee,Latte,4.25,1,4.25
6181,2024-11-23,15:02:00,Riverside,Bakery,Chocolate Chip Cookie,2.5,1,2.5
6182,2024-11-23,18:28:00,Riverside,Merchandise,Reusable Cup,9.0,1,9.0
6183,2024-11-23,12:52:00,Riverside,Merchandise,Reusable Cup,9.0,3,27.0
6184,2024-11-23,08:31:00,Uptown Mall,Bakery,Chocolate Chip Cookie,2.5,1,2.5
6185,2024-11-23,19:49:00,Riverside,Coffee,Espresso,2.75,2,5.5
6186,2024-11-23,10:15:00,Riverside,Coffee,Espresso,2.75,1,2.75
6187,2024-11-23,15:28:00,Uptown Mall,Bakery,Chocolate Chip Cookie,2.5,1,2.5
6188,2024-11-23,18:41:00,Downtown,Tea,Herbal Blend,3.1,1,3.1
6189,2024-11-23,14:23:00,Downtown,Coffee,Mocha,4.75,1,4.75
6190,2024-11-23,07:03:00,Downtown,Bakery,Bagel,2.75,1,2.75
6191,2024-11-23,17:28:00,Downtown,Tea,Chai Latte,4.1,1,4.1
6192,2024-11-23,17:29:00,Downtown,Coffee,Espresso,2.75,1,2.75
6193,2024-11-23,18:31:00,Downtown,Coffee,Cappuccino,4.0,1,4.0
6194,2024-11-23,11:09:00,Riverside,Merchandise,Reusable Cup,9.0,1,9.0
6195,2024-11-23,18:57:00,Downtown,Coffee,Mocha,4.75,1,4.75
6196,2024-11-24,12:59:00,Riverside,Tea,Herbal Blend,3.1,1,3.1
6197,2024-11-24,06:56:00,Downtown,Coffee,Mocha,4.75,1,4.75
6198,2024-11-24,07:18:00,Riverside,Coffee,Americano,3.25,1,3.25
6199,2024-11-24,09:41:00,Downtown,Coffee,Espresso,2.75,1,2.75
6200,2024-11-24,13:13:00,Downtown,Coffee,Americano,3.25,1,3.25
6201,2024-11-24,11:52:00,Riverside,Bakery,Bagel,2.75,1,2.75
6202,2024-11-24,19:19:00,Riverside,Merchandise,Reusable Cup,9.0,1,9.0
6203,2024-11-24,07:38:00,Downtown,Coffee,Espresso,2.75,1,2.75
6204,2024-11-24,19:32:00,Riverside,Bakery,Bagel,2.75,1,2.75
6205,2024-11-24,12:30:00,Downtown,Tea,Herbal Blend,3.1,2,6.2
6206,2024-11-24,12:51:00,Uptown Mall,Coffee,Americano,3.25,1,3.25
6207,2024-11-24,09:22:00,Downtown,Coffee,Americano,3.25,1,3.25
6208,2024-11-24,10:31:00,Uptown Mall,Coffee,Cold Brew,4.5,2,9.0
6209,2024-11-24,06:11:00,Downtown,Bakery,Chocolate Chip Cookie,2.5,2,5.0
6210,2024-11-24,12:51:00,Riverside,Coffee,Espresso,2.75,1,2.75
6211,2024-11-24,07:01:00,Riverside,Coffee,Cappuccino,4.0,1,4.0
6212,2024-11-24,07:12:00,Riverside,Coffee,Espresso,2.75,1,2.75
6213,2024-11-24,10:29:00,Downtown,Tea,Green Tea,3.0,2,6.0
6214,2024-11-24,07:49:00,Uptown Mall,Tea,Chai Latte,4.1,2,8.2
6215,2024-11-24,10:34:00,Downtown,Coffee,Cappuccino,4.0,1,4.0
6216,2024-11-24,10:20:00,Uptown Mall,Bakery,Bagel,2.75,2,5.5
6217,2024-11-24,10:48:00,Downtown,Coffee,Latte,4.25,1,4.25
6218,2024-11-24,15:19:00,Downtown,Coffee,Americano,3.25,1,3.25
6219,2024-11-24,15:14:00,Riverside,Coffee,Cold Brew,4.5,1,4.5
6220,2024-11-24,11:16:00,Downtown,Coffee,Cold Brew,4.5,2,9.0
6221,2024-11-24,10:56:00,Downtown,Bakery,Blueberry Muffin,3.25,1,3.25
6222,2024-11-24,07:34:00,Uptown Mall,Coffee,Espresso,2.75,1,2.75
6223,2024-11-24,13:27:00,Downtown,Tea,Herbal Blend,3.1,1,3.1
6224,2024-11-25,09:22:00,Riverside,Coffee,Latte,4.25,1,4.25
6225,2024-11-25,06:27:00,Riverside,Coffee,Cappuccino,4.0,1,4.0
6226,2024-11-25,14:39:00,Downtown,Coffee,Americano,3.25,2,6.5
6227,2024-11-25,19:40:00,Downtown,Coffee,Cappuccino,4.0,1,4.0
6228,2024-11-25,13:47:00,Uptown Mall,Coffee,Americano,3.25,1,3.25
6229,2024-11-25,15:35:00,Uptown Mall,Tea,Chai Latte,4.1,1,4.1
6230,2024-11-25,17:57:00,Riverside,Coffee,Espresso,2.75,3,8.25
6231,2024-11-25,07:04:00,Downtown,Coffee,Espresso,2.75,1,2.75
6232,2024-11-25,18:58:00,Uptown Mall,Coffee,Latte,4.25,2,8.5
6233,2024-11-25,10:01:00,Downtown,Bakery,Croissant,3.5,1,3.5
6234,2024-11-25,14:53:00,Downtown,Tea,Chai Latte,4.1,1,4.1
6235,2024-11-25,16:04:00,Downtown,Coffee,Latte,4.25,1,4.25
6236,2024-11-25,08:28:00,Uptown Mall,Tea,Earl Grey,3.0,1,3.0
6237,2024-11-25,11:33:00,Riverside,Coffee,Mocha,4.75,1,4.75
6238,2024-11-25,17:50:00,Downtown,Coffee,Mocha,4.75,2,9.5
6239,2024-11-25,19:31:00,Riverside,Bakery,Bagel,2.75,2,5.5
6240,2024-11-25,09:36:00,Downtown,Coffee,Espresso,2.75,1,2.75
6241,2024-11-26,12:54:00,Downtown,Bakery,Chocolate Chip Cookie,2.5,1,2.5
6242,2024-11-26,17:40:00,Downtown,Coffee,Americano,3.25,1,3.25
6243,2024-11-26,19:10:00,Downtown,Merchandise,Gift Card,25.0,2,50.0
6244,2024-11-26,08:20:00,Downtown,Coffee,Espresso,2.75,3,8.25
6245,2024-11-26,19:04:00,Downtown,Coffee,Cold Brew,4.5,1,4.5
6246,2024-11-26,18:03:00,Riverside,Coffee,Cappuccino,4.0,1,4.0
6247,2024-11-26,08:27:00,Riverside,Bakery,Blueberry Muffin,3.25,1,3.25
6248,2024-11-26,19:28:00,Riverside,Bakery,Croissant,3.5,3,10.5
6249,2024-11-26,17:18:00,Downtown,Coffee,Espresso,2.75,1,2.75
6250,2024-11-26,13:40:00,Uptown Mall,Tea,Herbal Blend,3.1,1,3.1
6251,2024-11-26,08:32:00,Riverside,Coffee,Espresso,2.75,1,2.75
6252,2024-11-26,08:22:00,Uptown Mall,Bakery,Bagel,2.75,1,2.75
6253,2024-11-26,17:20:00,Downtown,Tea,Chai Latte,4.1,1,4.1
6254,2024-11-26,14:53:00,Riverside,Tea,Earl Grey,3.0,2,6.0
6255,2024-11-26,08:42:00,Downtown,Bakery,Croissant,3.5,1,3.5
6256,2024-11-26,18:27:00,Riverside,Bakery,Bagel,2.75,1,2.75
6257,2024-11-26,12:40:00,Downtown,Coffee,Americano,3.25,1,3.25
6258,2024-11-26,16:08:00,Downtown,Coffee,Cold Brew,4.5,1,4.5
6259,2024-11-26,14:30:00,Downtown,Bakery,Bagel,2.75,2,5.5
6260,2024-11-26,19:51:00,Riverside,Coffee,Cold Brew,4.5,2,9.0
6261,2024-11-26,14:00:00,Riverside,Coffee,Americano,3.25,1,3.25
6262,2024-11-26,16:19:00,Riverside,Tea,Earl Grey,3.0,1,3.0
6263,2024-11-27,08:45:00,Downtown,Coffee,Latte,4.25,1,4.25
6264,2024-11-27,09:29:00,Uptown Mall,Coffee,Cappuccino,4.0,1,4.0
6265,2024-11-27,10:28:00,Downtown,Coffee,Mocha,4.75,1,4.75
6266,2024-11-27,14:24:00,Downtown,Bakery,Chocolate Chip Cookie,2.5,1,2.5
6267,2024-11-27,18:24:00,Riverside,Coffee,Cold Brew,4.5,1,4.5
6268,2024-11-27,13:42:00,Riverside,Tea,Herbal Blend,3.1,1,3.1
6269,2024-11-27,14:39:00,Downtown,Coffee,Espresso,2.75,1,2.75
6270,2024-11-27,07:24:00,Riverside,Coffee,Cold Brew,4.5,1,4.5
6271,2024-11-27,14:46:00,Downtown,Bakery,Croissant,3.5,1,3.5
6272,2024-11-27,12:41:00,Downtown,Coffee,Americano,3.25,1,3.25
6273,2024-11-27,11:09:00,Riverside,Merchandise,Reusable Cup,9.0,1,9.0
6274,2024-11-27,09:55:00,Riverside,Tea,Earl Grey,3.0,1,3.0
6275,2024-11-27,15:55:00,Uptown Mall,Coffee,Mocha,4.75,1,4.75
6276,2024-11-28,09:37:00,Uptown Mall,Bakery,Chocolate Chip Cookie,2.5,1,2.5
6277,2024-11-28,11:31:00,Downtown,Bakery,Bagel,2.75,1,2.75
6278,2024-11-28,13:36:00,Riverside,Tea,Chai Latte,4.1,1,4.1
6279,2024-11-28,18:52:00,Downtown,Tea,Green Tea,3.0,1,3.0
6280,2024-11-28,13:25:00,Downtown,Coffee,Latte,4.25,1,4.25
6281,2024-11-28,15:12:00,Downtown,Merchandise,Reusable Cup,9.0,1,9.0
6282,2024-11-28,15:55:00,Downtown,Tea,Herbal Blend,3.1,3,9.3
6283,2024-11-28,16:58:00,Riverside,Merchandise,Reusable Cup,9.0,1,9.0
6284,2024-11-28,11:01:00,Uptown Mall,Bakery,Croissant,3.5,2,7.0
6285,2024-11-28,17:16:00,Riverside,Bakery,Croissant,3.5,1,3.5
6286,2024-11-28,11:12:00,Downtown,Tea,Herbal Blend,3.1,1,3.1
6287,2024-11-28,08:49:00,Downtown,Coffee,Latte,4.25,1,4.25
6288,2024-11-28,09:55:00,Downtown,Merchandise,Ground Coffee Bag,14.5,1,14.5
6289,2024-11-28,19:20:00,Downtown,Tea,Green Tea,3.0,1,3.0
6290,2024-11-28,11:28:00,Downtown,Bakery,Blueberry Muffin,3.25,1,3.25
6291,2024-11-28,15:19:00,Riverside,Merchandise,Reusable Cup,9.0,1,9.0
6292,2024-11-29,09:43:00,Downtown,Coffee,Mocha,4.75,1,4.75
6293,2024-11-29,14:09:00,Downtown,Bakery,Chocolate Chip Cookie,2.5,1,2.5
6294,2024-11-29,10:39:00,Uptown Mall,Coffee,Latte,4.25,1,4.25
6295,2024-11-29,10:23:00,Uptown Mall,Coffee,Cappuccino,4.0,1,4.0
6296,2024-11-29,08:45:00,Downtown,Coffee,Espresso,2.75,1,2.75
6297,2024-11-29,07:37:00,Riverside,Tea,Earl Grey,3.0,1,3.0
6298,2024-11-29,17:14:00,Riverside,Coffee,Cold Brew,4.5,1,4.5
6299,2024-11-29,07:17:00,Downtown,Merchandise,Reusable Cup,9.0,1,9.0
6300,2024-11-29,15:38:00,Uptown Mall,Coffee,Americano,3.25,1,3.25
6301,2024-11-29,19:47:00,Uptown Mall,Bakery,Chocolate Chip Cookie,2.5,1,2.5
6302,2024-11-29,11:14:00,Uptown Mall,Coffee,Latte,4.25,1,4.25
6303,2024-11-29,13:59:00,Downtown,Coffee,Mocha,4.75,1,4.75
6304,2024-11-29,13:44:00,Uptown Mall,Coffee,Mocha,4.75,1,4.75
6305,2024-11-29,08:21:00,Downtown,Coffee,Cold Brew,4.5,3,13.5
6306,2024-11-29,16:56:00,Uptown Mall,Coffee,Latte,4.25,1,4.25
6307,2024-11-29,15:53:00,Riverside,Coffee,Espresso,2.75,2,5.5
6308,2024-11-29,19:08:00,Uptown Mall,Merchandise,Reusable Cup,9.0,1,9.0
6309,2024-11-29,08:24:00,Riverside,Bakery,Blueberry Muffin,3.25,1,3.25
6310,2024-11-29,06:29:00,Riverside,Bakery,Blueberry Muffin,3.25,2,6.5
6311,2024-11-29,07:53:00,Downtown,Tea,Herbal Blend,3.1,1,3.1
6312,2024-11-29,11:50:00,Riverside,Bakery,Bagel,2.75,1,2.75
6313,2024-11-29,11:23:00,Downtown,Coffee,Americano,3.25,2,6.5
6314,2024-11-29,07:28:00,Riverside,Tea,Earl Grey,3.0,1,3.0
6315,2024-11-30,11:25:00,Riverside,Coffee,Mocha,4.75,1,4.75
6316,2024-11-30,16:52:00,Riverside,Coffee,Mocha,4.75,1,4.75
6317,2024-11-30,15:40:00,Riverside,Coffee,Mocha,4.75,1,4.75
6318,2024-11-30,14:08:00,Downtown,Coffee,Americano,3.25,1,3.25
6319,2024-11-30,15:44:00,Riverside,Coffee,Cappuccino,4.0,1,4.0
6320,2024-11-30,09:07:00,Riverside,Coffee,Americano,3.25,1,3.25
6321,2024-11-30,13:04:00,Riverside,Coffee,Cold Brew,4.5,2,9.0
6322,2024-11-30,10:53:00,Uptown Mall,Coffee,Latte,4.25,2,8.5
6323,2024-11-30,06:10:00,Uptown Mall,Coffee,Latte,4.25,2,8.5
6324,2024-11-30,11:58:00,Riverside,Coffee,Espresso,2.75,1,2.75
6325,2024-11-30,17:15:00,Riverside,Coffee,Latte,4.25,2,8.5
6326,2024-11-30,14:25:00,Riverside,Coffee,Latte,4.25,1,4.25
6327,2024-11-30,18:14:00,Downtown,Bakery,Bagel,2.75,2,5.5
6328,2024-11-30,16:48:00,Uptown Mall,Coffee,Espresso,2.75,1,2.75
6329,2024-11-30,07:31:00,Downtown,Coffee,Mocha,4.75,1,4.75
6330,2024-11-30,09:40:00,Riverside,Coffee,Cappuccino,4.0,2,8.0
6331,2024-11-30,15:00:00,Uptown Mall,Coffee,Espresso,2.75,1,2.75
6332,2024-11-30,19:17:00,Uptown Mall,Coffee,Latte,4.25,1,4.25
6333,2024-11-30,18:43:00,Riverside,Tea,Earl Grey,3.0,1,3.0
6334,2024-11-30,13:49:00,Downtown,Coffee,Americano,3.25,1,3.25
6335,2024-11-30,17:51:00,Riverside,Coffee,Espresso,2.75,1,2.75
6336,2024-11-30,19:57:00,Riverside,Merchandise,Gift Card,25.0,1,25.0
6337,2024-11-30,09:04:00,Downtown,Bakery,Blueberry Muffin,3.25,1,3.25
6338,2024-11-30,07:09:00,Uptown Mall,Tea,Chai Latte,4.1,1,4.1
6339,2024-11-30,10:19:00,Downtown,Tea,Green Tea,3.0,1,3.0
6340,2024-11-30,19:42:00,Downtown,Coffee,Cappuccino,4.0,1,4.0
6341,2024-11-30,10:11:00,Uptown Mall,Coffee,Mocha,4.75,1,4.75
6342,2024-11-30,14:33:00,Uptown Mall,Coffee,Cappuccino,4.0,1,4.0
6343,2024-11-30,14:37:00,Downtown,Coffee,Cold Brew,4.5,1,4.5
6344,2024-12-01,07:47:00,Downtown,Tea,Green Tea,3.0,1,3.0
6345,2024-12-01,14:17:00,Downtown,Coffee,Americano,3.25,1,3.25
6346,2024-12-01,19:57:00,Downtown,Coffee,Cappuccino,4.0,1,4.0
6347,2024-12-01,06:50:00,Uptown Mall,Tea,Chai Latte,4.1,1,4.1
6348,2024-12-01,06:04:00,Downtown,Coffee,Americano,3.25,1,3.25
6349,2024-12-01,09:44:00,Riverside,Bakery,Blueberry Muffin,3.25,1,3.25
6350,2024-12-01,09:01:00,Downtown,Coffee,Mocha,4.75,1,4.75
6351,2024-12-01,16:15:00,Uptown Mall,Coffee,Cappuccino,4.0,1,4.0
6352,2024-12-01,12:20:00,Riverside,Bakery,Blueberry Muffin,3.25,1,3.25
6353,2024-12-01,13:28:00,Riverside,Coffee,Cold Brew,4.5,2,9.0
6354,2024-12-01,09:36:00,Riverside,Coffee,Mocha,4.75,1,4.75
6355,2024-12-01,16:57:00,Downtown,Tea,Chai Latte,4.1,2,8.2
6356,2024-12-01,09:39:00,Downtown,Coffee,Espresso,2.75,1,2.75
6357,2024-12-01,18:15:00,Riverside,Coffee,Mocha,4.75,2,9.5
6358,2024-12-01,06:24:00,Downtown,Coffee,Cappuccino,4.0,1,4.0
6359,2024-12-01,12:19:00,Riverside,Bakery,Bagel,2.75,1,2.75
6360,2024-12-02,09:49:00,Riverside,Coffee,Americano,3.25,1,3.25
6361,2024-12-02,18:48:00,Riverside,Coffee,Cappuccino,4.0,2,8.0
6362,2024-12-02,12:34:00,Riverside,Bakery,Blueberry Muffin,3.25,1,3.25
6363,2024-12-02,06:21:00,Downtown,Coffee,Latte,4.25,3,12.75
6364,2024-12-02,18:46:00,Uptown Mall,Coffee,Cappuccino,4.0,1,4.0
6365,2024-12-02,09:14:00,Downtown,Bakery,Croissant,3.5,1,3.5
6366,2024-12-02,06:41:00,Riverside,Coffee,Mocha,4.75,1,4.75
6367,2024-12-02,15:46:00,Uptown Mall,Coffee,Americano,3.25,1,3.25
6368,2024-12-02,11:13:00,Uptown Mall,Coffee,Latte,4.25,3,12.75
6369,2024-12-02,18:55:00,Riverside,Tea,Herbal Blend,3.1,1,3.1
6370,2024-12-02,19:54:00,Downtown,Coffee,Americano,3.25,2,6.5
6371,2024-12-02,06:41:00,Downtown,Bakery,Croissant,3.5,1,3.5
6372,2024-12-02,16:10:00,Riverside,Coffee,Mocha,4.75,3,14.25
6373,2024-12-02,07:56:00,Downtown,Coffee,Espresso,2.75,1,2.75
6374,2024-12-02,18:46:00,Downtown,Merchandise,Ground Coffee Bag,14.5,1,14.5
6375,2024-12-02,09:24:00,Downtown,Coffee,Mocha,4.75,2,9.5
6376,2024-12-02,10:22:00,Riverside,Coffee,Mocha,4.75,1,4.75
6377,2024-12-03,11:55:00,Uptown Mall,Coffee,Cappuccino,4.0,2,8.0
6378,2024-12-03,11:05:00,Downtown,Merchandise,Reusable Cup,9.0,1,9.0
6379,2024-12-03,11:19:00,Riverside,Bakery,Blueberry Muffin,3.25,2,6.5
6380,2024-12-03,09:27:00,Uptown Mall,Coffee,Espresso,2.75,1,2.75
6381,2024-12-03,11:55:00,Downtown,Tea,Earl Grey,3.0,1,3.0
6382,2024-12-03,09:24:00,Downtown,Coffee,Mocha,4.75,1,4.75
6383,2024-12-03,11:05:00,Riverside,Tea,Chai Latte,4.1,1,4.1
6384,2024-12-03,09:28:00,Riverside,Coffee,Espresso,2.75,1,2.75
6385,2024-12-03,10:01:00,Uptown Mall,Coffee,Americano,3.25,1,3.25
6386,2024-12-03,06:40:00,Uptown Mall,Coffee,Americano,3.25,1,3.25
6387,2024-12-03,15:05:00,Downtown,Coffee,Cold Brew,4.5,1,4.5
6388,2024-12-03,16:07:00,Downtown,Coffee,Espresso,2.75,1,2.75
6389,2024-12-03,06:15:00,Uptown Mall,Coffee,Espresso,2.75,1,2.75
6390,2024-12-03,17:25:00,Downtown,Coffee,Americano,3.25,1,3.25
6391,2024-12-03,10:38:00,Riverside,Coffee,Mocha,4.75,1,4.75
6392,2024-12-04,06:16:00,Riverside,Coffee,Americano,3.25,2,6.5
6393,2024-12-04,12:04:00,Riverside,Merchandise,Reusable Cup,9.0,1,9.0
6394,2024-12-04,15:09:00,Downtown,Coffee,Espresso,2.75,1,2.75
6395,2024-12-04,15:10:00,Downtown,Coffee,Espresso,2.75,1,2.75
6396,2024-12-04,17:42:00,Riverside,Coffee,Espresso,2.75,1,2.75
6397,2024-12-04,11:08:00,Downtown,Coffee,Cappuccino,4.0,1,4.0
6398,2024-12-04,12:20:00,Riverside,Bakery,Blueberry Muffin,3.25,1,3.25
6399,2024-12-04,11:48:00,Riverside,Coffee,Latte,4.25,1,4.25
6400,2024-12-04,09:09:00,Uptown Mall,Bakery,Blueberry Muffin,3.25,1,3.25
6401,2024-12-04,11:38:00,Downtown,Bakery,Blueberry Muffin,3.25,2,6.5
6402,2024-12-04,15:23:00,Downtown,Coffee,Espresso,2.75,2,5.5
6403,2024-12-04,15:46:00,Riverside,Coffee,Latte,4.25,1,4.25
6404,2024-12-04,14:57:00,Riverside,Coffee,Cappuccino,4.0,1,4.0
6405,2024-12-04,07:28:00,Downtown,Coffee,Espresso,2.75,2,5.5
6406,2024-12-04,15:05:00,Riverside,Coffee,Americano,3.25,1,3.25
6407,2024-12-04,13:48:00,Riverside,Bakery,Croissant,3.5,1,3.5
6408,2024-12-04,10:09:00,Uptown Mall,Bakery,Croissant,3.5,1,3.5
6409,2024-12-05,19:33:00,Riverside,Bakery,Croissant,3.5,1,3.5
6410,2024-12-05,06:48:00,Riverside,Coffee,Cold Brew,4.5,1,4.5
6411,2024-12-05,15:40:00,Downtown,Coffee,Espresso,2.75,2,5.5
6412,2024-12-05,10:39:00,Riverside,Tea,Chai Latte,4.1,2,8.2
6413,2024-12-05,12:24:00,Downtown,Coffee,Americano,3.25,2,6.5
6414,2024-12-05,17:24:00,Uptown Mall,Coffee,Cappuccino,4.0,1,4.0
6415,2024-12-05,14:43:00,Uptown Mall,Coffee,Espresso,2.75,1,2.75
6416,2024-12-05,08:58:00,Riverside,Coffee,Latte,4.25,1,4.25
6417,2024-12-05,11:34:00,Uptown Mall,Tea,Herbal Blend,3.1,1,3.1
6418,2024-12-05,07:39:00,Downtown,Bakery,Blueberry Muffin,3.25,2,6.5
6419,2024-12-05,06:19:00,Uptown Mall,Coffee,Cold Brew,4.5,2,9.0
6420,2024-12-05,19:02:00,Downtown,Bakery,Blueberry Muffin,3.25,1,3.25
6421,2024-12-05,08:23:00,Downtown,Bakery,Bagel,2.75,1,2.75
6422,2024-12-05,11:48:00,Uptown Mall,Coffee,Cappuccino,4.0,1,4.0
6423,2024-12-05,19:42:00,Uptown Mall,Coffee,Cappuccino,4.0,2,8.0
6424,2024-12-05,11:02:00,Uptown Mall,Bakery,Croissant,3.5,1,3.5
6425,2024-12-05,17:03:00,Riverside,Coffee,Americano,3.25,1,3.25
6426,2024-12-05,18:49:00,Riverside,Bakery,Croissant,3.5,1,3.5
6427,2024-12-05,13:14:00,Uptown Mall,Coffee,Espresso,2.75,2,5.5
6428,2024-12-05,12:45:00,Downtown,Coffee,Espresso,2.75,1,2.75
6429,2024-12-05,11:28:00,Downtown,Coffee,Espresso,2.75,2,5.5
6430,2024-12-05,10:34:00,Uptown Mall,Coffee,Cold Brew,4.5,1,4.5
6431,2024-12-06,16:00:00,Downtown,Coffee,Cold Brew,4.5,1,4.5
6432,2024-12-06,12:38:00,Downtown,Merchandise,Gift Card,25.0,2,50.0
6433,2024-12-06,14:06:00,Uptown Mall,Bakery,Bagel,2.75,1,2.75
6434,2024-12-06,08:40:00,Uptown Mall,Bakery,Croissant,3.5,2,7.0
6435,2024-12-06,08:29:00,Uptown Mall,Coffee,Latte,4.25,1,4.25
6436,2024-12-06,08:08:00,Riverside,Bakery,Croissant,3.5,1,3.5
6437,2024-12-06,16:16:00,Downtown,Bakery,Blueberry Muffin,3.25,1,3.25
6438,2024-12-06,10:46:00,Uptown Mall,Bakery,Blueberry Muffin,3.25,1,3.25
6439,2024-12-06,16:37:00,Riverside,Tea,Herbal Blend,3.1,1,3.1
6440,2024-12-06,06:55:00,Riverside,Coffee,Mocha,4.75,1,4.75
6441,2024-12-06,12:18:00,Riverside,Bakery,Bagel,2.75,1,2.75
6442,2024-12-06,06:53:00,Uptown Mall,Coffee,Cappuccino,4.0,2,8.0
6443,2024-12-06,11:42:00,Riverside,Coffee,Mocha,4.75,2,9.5
6444,2024-12-06,08:50:00,Uptown Mall,Coffee,Cappuccino,4.0,1,4.0
6445,2024-12-06,17:05:00,Riverside,Merchandise,Reusable Cup,9.0,1,9.0
6446,2024-12-06,18:03:00,Downtown,Coffee,Mocha,4.75,1,4.75
6447,2024-12-06,10:02:00,Riverside,Bakery,Chocolate Chip Cookie,2.5,1,2.5
6448,2024-12-06,14:07:00,Downtown,Coffee,Cold Brew,4.5,1,4.5
6449,2024-12-06,19:37:00,Downtown,Coffee,Cappuccino,4.0,1,4.0
6450,2024-12-06,15:13:00,Uptown Mall,Coffee,Espresso,2.75,1,2.75
6451,2024-12-06,15:35:00,Uptown Mall,Coffee,Mocha,4.75,1,4.75
6452,2024-12-06,19:35:00,Downtown,Coffee,Latte,4.25,1,4.25
6453,2024-12-07,19:31:00,Riverside,Coffee,Espresso,2.75,1,2.75
6454,2024-12-07,09:18:00,Downtown,Coffee,Americano,3.25,1,3.25
6455,2024-12-07,17:50:00,Downtown,Coffee,Latte,4.25,2,8.5
6456,2024-12-07,10:59:00,Downtown,Bakery,Bagel,2.75,1,2.75
6457,2024-12-07,13:54:00,Downtown,Bakery,Croissant,3.5,2,7.0
6458,2024-12-07,17:36:00,Riverside,Bakery,Blueberry Muffin,3.25,1,3.25
6459,2024-12-07,06:29:00,Downtown,Tea,Green Tea,3.0,1,3.0
6460,2024-12-07,19:29:00,Downtown,Bakery,Croissant,3.5,1,3.5
6461,2024-12-07,06:53:00,Uptown Mall,Bakery,Croissant,3.5,1,3.5
6462,2024-12-07,13:46:00,Downtown,Bakery,Croissant,3.5,1,3.5
6463,2024-12-07,12:18:00,Uptown Mall,Coffee,Latte,4.25,1,4.25
6464,2024-12-07,06:47:00,Uptown Mall,Tea,Green Tea,3.0,1,3.0
6465,2024-12-07,07:30:00,Uptown Mall,Coffee,Cappuccino,4.0,1,4.0
6466,2024-12-07,17:17:00,Uptown Mall,Coffee,Americano,3.25,1,3.25
6467,2024-12-07,18:33:00,Uptown Mall,Bakery,Croissant,3.5,2,7.0
6468,2024-12-07,13:21:00,Downtown,Merchandise,12oz Mug,12.0,1,12.0
6469,2024-12-07,12:14:00,Downtown,Coffee,Americano,3.25,1,3.25
6470,2024-12-07,19:34:00,Riverside,Coffee,Cappuccino,4.0,1,4.0
6471,2024-12-07,15:46:00,Riverside,Bakery,Croissant,3.5,1,3.5
6472,2024-12-07,12:05:00,Uptown Mall,Coffee,Cappuccino,4.0,2,8.0
6473,2024-12-07,16:54:00,Uptown Mall,Coffee,Latte,4.25,1,4.25
6474,2024-12-07,13:36:00,Downtown,Coffee,Cold Brew,4.5,1,4.5
6475,2024-12-07,19:39:00,Downtown,Coffee,Latte,4.25,1,4.25
6476,2024-12-07,11:01:00,Downtown,Coffee,Cappuccino,4.0,2,8.0
6477,2024-12-07,19:16:00,Riverside,Coffee,Espresso,2.75,1,2.75
6478,2024-12-07,06:51:00,Uptown Mall,Bakery,Blueberry Muffin,3.25,1,3.25
6479,2024-12-07,09:44:00,Downtown,Coffee,Latte,4.25,2,8.5
6480,2024-12-08,10:43:00,Downtown,Bakery,Croissant,3.5,1,3.5
6481,2024-12-08,16:32:00,Uptown Mall,Coffee,Americano,3.25,1,3.25
6482,2024-12-08,12:19:00,Downtown,Coffee,Espresso,2.75,1,2.75
6483,2024-12-08,13:16:00,Riverside,Merchandise,Ground Coffee Bag,14.5,1,14.5
6484,2024-12-08,12:45:00,Downtown,Bakery,Croissant,3.5,1,3.5
6485,2024-12-08,18:38:00,Uptown Mall,Coffee,Latte,4.25,1,4.25
6486,2024-12-08,09:28:00,Riverside,Coffee,Latte,4.25,2,8.5
6487,2024-12-08,15:44:00,Downtown,Bakery,Chocolate Chip Cookie,2.5,1,2.5
6488,2024-12-08,15:20:00,Riverside,Merchandise,12oz Mug,12.0,1,12.0
6489,2024-12-08,19:37:00,Riverside,Coffee,Espresso,2.75,1,2.75
6490,2024-12-08,15:02:00,Downtown,Tea,Earl Grey,3.0,1,3.0
6491,2024-12-08,14:21:00,Riverside,Tea,Chai Latte,4.1,2,8.2
6492,2024-12-08,16:22:00,Downtown,Merchandise,12oz Mug,12.0,1,12.0
6493,2024-12-08,15:31:00,Downtown,Coffee,Mocha,4.75,1,4.75
6494,2024-12-08,19:22:00,Riverside,Tea,Herbal Blend,3.1,2,6.2
6495,2024-12-08,12:52:00,Uptown Mall,Bakery,Bagel,2.75,2,5.5
6496,2024-12-08,08:44:00,Riverside,Coffee,Espresso,2.75,1,2.75
6497,2024-12-08,16:49:00,Riverside,Merchandise,Gift Card,25.0,2,50.0
6498,2024-12-08,14:34:00,Uptown Mall,Coffee,Americano,3.25,1,3.25
6499,2024-12-08,08:35:00,Uptown Mall,Coffee,Americano,3.25,1,3.25
6500,2024-12-08,09:06:00,Downtown,Bakery,Croissant,3.5,2,7.0
6501,2024-12-08,09:54:00,Downtown,Coffee,Cappuccino,4.0,2,8.0
6502,2024-12-08,18:33:00,Downtown,Bakery,Blueberry Muffin,3.25,2,6.5
6503,2024-12-08,10:18:00,Riverside,Coffee,Latte,4.25,2,8.5
6504,2024-12-08,12:25:00,Uptown Mall,Merchandise,Gift Card,25.0,1,25.0
6505,2024-12-08,10:37:00,Downtown,Coffee,Cappuccino,4.0,1,4.0
6506,2024-12-08,09:03:00,Uptown Mall,Coffee,Mocha,4.75,1,4.75
6507,2024-12-08,17:44:00,Riverside,Bakery,Chocolate Chip Cookie,2.5,2,5.0
6508,2024-12-09,14:30:00,Uptown Mall,Coffee,Espresso,2.75,1,2.75
6509,2024-12-09,08:25:00,Uptown Mall,Coffee,Latte,4.25,2,8.5
6510,2024-12-09,12:24:00,Riverside,Coffee,Cold Brew,4.5,1,4.5
6511,2024-12-09,17:43:00,Uptown Mall,Tea,Chai Latte,4.1,1,4.1
6512,2024-12-09,17:27:00,Riverside,Coffee,Latte,4.25,2,8.5
6513,2024-12-09,06:36:00,Uptown Mall,Coffee,Cappuccino,4.0,1,4.0
6514,2024-12-09,18:50:00,Uptown Mall,Merchandise,12oz Mug,12.0,1,12.0
6515,2024-12-09,12:36:00,Downtown,Bakery,Croissant,3.5,2,7.0
6516,2024-12-09,11:39:00,Uptown Mall,Tea,Green Tea,3.0,1,3.0
6517,2024-12-09,08:15:00,Downtown,Tea,Earl Grey,3.0,1,3.0
6518,2024-12-09,07:39:00,Riverside,Tea,Green Tea,3.0,1,3.0
6519,2024-12-09,08:07:00,Downtown,Coffee,Americano,3.25,1,3.25
6520,2024-12-09,09:10:00,Riverside,Tea,Chai Latte,4.1,1,4.1
6521,2024-12-09,16:50:00,Uptown Mall,Coffee,Espresso,2.75,1,2.75
6522,2024-12-10,07:35:00,Riverside,Coffee,Americano,3.25,2,6.5
6523,2024-12-10,16:32:00,Riverside,Bakery,Bagel,2.75,1,2.75
6524,2024-12-10,11:55:00,Riverside,Bakery,Bagel,2.75,2,5.5
6525,2024-12-10,11:10:00,Uptown Mall,Coffee,Mocha,4.75,1,4.75
6526,2024-12-10,15:20:00,Downtown,Coffee,Espresso,2.75,1,2.75
6527,2024-12-10,11:49:00,Uptown Mall,Bakery,Blueberry Muffin,3.25,1,3.25
6528,2024-12-10,15:34:00,Riverside,Merchandise,Reusable Cup,9.0,1,9.0
6529,2024-12-10,19:01:00,Downtown,Coffee,Espresso,2.75,2,5.5
6530,2024-12-10,17:14:00,Uptown Mall,Tea,Green Tea,3.0,1,3.0
6531,2024-12-10,08:25:00,Riverside,Coffee,Cappuccino,4.0,2,8.0
6532,2024-12-10,09:53:00,Uptown Mall,Merchandise,Ground Coffee Bag,14.5,1,14.5
6533,2024-12-10,16:35:00,Riverside,Merchandise,Reusable Cup,9.0,2,18.0
6534,2024-12-10,08:50:00,Uptown Mall,Coffee,Mocha,4.75,1,4.75
6535,2024-12-10,09:01:00,Riverside,Merchandise,Gift Card,25.0,2,50.0
6536,2024-12-10,14:02:00,Uptown Mall,Coffee,Cappuccino,4.0,2,8.0
6537,2024-12-10,17:16:00,Riverside,Coffee,Mocha,4.75,1,4.75
6538,2024-12-10,17:59:00,Riverside,Coffee,Espresso,2.75,1,2.75
6539,2024-12-11,14:59:00,Uptown Mall,Coffee,Americano,3.25,2,6.5
6540,2024-12-11,08:17:00,Downtown,Tea,Green Tea,3.0,1,3.0
6541,2024-12-11,10:12:00,Downtown,Tea,Earl Grey,3.0,1,3.0
6542,2024-12-11,16:15:00,Downtown,Bakery,Croissant,3.5,1,3.5
6543,2024-12-11,12:50:00,Riverside,Coffee,Cold Brew,4.5,2,9.0
6544,2024-12-11,12:14:00,Downtown,Coffee,Espresso,2.75,2,5.5
6545,2024-12-11,16:30:00,Downtown,Coffee,Mocha,4.75,1,4.75
6546,2024-12-11,11:27:00,Uptown Mall,Bakery,Croissant,3.5,1,3.5
6547,2024-12-11,11:25:00,Riverside,Coffee,Americano,3.25,1,3.25
6548,2024-12-11,14:29:00,Downtown,Coffee,Cappuccino,4.0,1,4.0
6549,2024-12-11,10:16:00,Downtown,Coffee,Cappuccino,4.0,1,4.0
6550,2024-12-11,12:36:00,Riverside,Tea,Earl Grey,3.0,3,9.0
6551,2024-12-11,16:46:00,Uptown Mall,Coffee,Cold Brew,4.5,1,4.5
6552,2024-12-11,06:40:00,Riverside,Coffee,Mocha,4.75,2,9.5
6553,2024-12-11,10:59:00,Downtown,Coffee,Cold Brew,4.5,2,9.0
6554,2024-12-11,18:43:00,Uptown Mall,Coffee,Americano,3.25,1,3.25
6555,2024-12-11,16:17:00,Uptown Mall,Bakery,Blueberry Muffin,3.25,1,3.25
6556,2024-12-11,19:45:00,Uptown Mall,Tea,Earl Grey,3.0,2,6.0
6557,2024-12-11,13:29:00,Riverside,Coffee,Mocha,4.75,1,4.75
6558,2024-12-11,07:29:00,Downtown,Coffee,Americano,3.25,1,3.25
6559,2024-12-11,08:54:00,Uptown Mall,Coffee,Mocha,4.75,1,4.75
6560,2024-12-11,09:17:00,Downtown,Bakery,Chocolate Chip Cookie,2.5,1,2.5
6561,2024-12-12,10:05:00,Uptown Mall,Coffee,Espresso,2.75,1,2.75
6562,2024-12-12,09:49:00,Riverside,Coffee,Cappuccino,4.0,2,8.0
6563,2024-12-12,18:33:00,Uptown Mall,Tea,Chai Latte,4.1,1,4.1
6564,2024-12-12,11:32:00,Riverside,Coffee,Espresso,2.75,2,5.5
6565,2024-12-12,11:38:00,Downtown,Bakery,Bagel,2.75,1,2.75
6566,2024-12-12,11:40:00,Riverside,Coffee,Latte,4.25,1,4.25
6567,2024-12-12,17:28:00,Downtown,Merchandise,Reusable Cup,9.0,1,9.0
6568,2024-12-12,07:44:00,Riverside,Coffee,Espresso,2.75,1,2.75
6569,2024-12-12,14:22:00,Uptown Mall,Tea,Chai Latte,4.1,1,4.1
6570,2024-12-12,09:36:00,Downtown,Coffee,Latte,4.25,2,8.5
6571,2024-12-12,09:36:00,Riverside,Coffee,Cappuccino,4.0,1,4.0
6572,2024-12-12,11:34:00,Uptown Mall,Merchandise,Ground Coffee Bag,14.5,1,14.5
6573,2024-12-12,19:57:00,Downtown,Merchandise,12oz Mug,12.0,2,24.0
6574,2024-12-13,19:35:00,Downtown,Bakery,Chocolate Chip Cookie,2.5,1,2.5
6575,2024-12-13,17:13:00,Downtown,Coffee,Mocha,4.75,3,14.25
6576,2024-12-13,15:37:00,Riverside,Tea,Green Tea,3.0,1,3.0
6577,2024-12-13,16:10:00,Downtown,Coffee,Espresso,2.75,1,2.75
6578,2024-12-13,19:37:00,Downtown,Coffee,Cold Brew,4.5,1,4.5
6579,2024-12-13,17:32:00,Downtown,Coffee,Cold Brew,4.5,1,4.5
6580,2024-12-13,10:51:00,Downtown,Bakery,Croissant,3.5,1,3.5
6581,2024-12-13,17:25:00,Riverside,Bakery,Blueberry Muffin,3.25,1,3.25
6582,2024-12-13,11:14:00,Riverside,Coffee,Latte,4.25,1,4.25
6583,2024-12-13,12:03:00,Riverside,Tea,Earl Grey,3.0,3,9.0
6584,2024-12-13,12:25:00,Downtown,Coffee,Cappuccino,4.0,1,4.0
6585,2024-12-13,15:47:00,Downtown,Coffee,Latte,4.25,1,4.25
6586,2024-12-14,09:47:00,Riverside,Coffee,Cold Brew,4.5,1,4.5
6587,2024-12-14,11:08:00,Uptown Mall,Merchandise,Ground Coffee Bag,14.5,1,14.5
6588,2024-12-14,13:21:00,Uptown Mall,Bakery,Bagel,2.75,1,2.75
6589,2024-12-14,10:48:00,Riverside,Coffee,Espresso,2.75,2,5.5
6590,2024-12-14,10:44:00,Riverside,Coffee,Latte,4.25,2,8.5
6591,2024-12-14,14:13:00,Downtown,Coffee,Cold Brew,4.5,2,9.0
6592,2024-12-14,11:03:00,Riverside,Bakery,Bagel,2.75,1,2.75
6593,2024-12-14,07:37:00,Uptown Mall,Coffee,Mocha,4.75,1,4.75
6594,2024-12-14,11:23:00,Downtown,Merchandise,Reusable Cup,9.0,1,9.0
6595,2024-12-14,12:10:00,Downtown,Coffee,Latte,4.25,1,4.25
6596,2024-12-14,18:38:00,Uptown Mall,Coffee,Mocha,4.75,1,4.75
6597,2024-12-14,07:19:00,Downtown,Coffee,Mocha,4.75,1,4.75
6598,2024-12-14,14:43:00,Uptown Mall,Bakery,Croissant,3.5,1,3.5
6599,2024-12-14,12:52:00,Uptown Mall,Coffee,Cold Brew,4.5,1,4.5
6600,2024-12-14,16:29:00,Downtown,Tea,Green Tea,3.0,1,3.0
6601,2024-12-14,11:40:00,Riverside,Tea,Herbal Blend,3.1,1,3.1
6602,2024-12-14,15:52:00,Downtown,Coffee,Cappuccino,4.0,1,4.0
6603,2024-12-14,18:04:00,Downtown,Coffee,Espresso,2.75,2,5.5
6604,2024-12-15,19:57:00,Riverside,Bakery,Bagel,2.75,1,2.75
6605,2024-12-15,11:04:00,Riverside,Bakery,Croissant,3.5,1,3.5
6606,2024-12-15,15:37:00,Riverside,Tea,Herbal Blend,3.1,1,3.1
6607,2024-12-15,10:08:00,Downtown,Coffee,Cappuccino,4.0,1,4.0
6608,2024-12-15,17:39:00,Downtown,Coffee,Mocha,4.75,1,4.75
6609,2024-12-15,09:33:00,Riverside,Tea,Earl Grey,3.0,1,3.0
6610,2024-12-15,16:33:00,Downtown,Tea,Chai Latte,4.1,1,4.1
6611,2024-12-15,16:54:00,Uptown Mall,Coffee,Latte,4.25,1,4.25
6612,2024-12-15,12:45:00,Riverside,Tea,Herbal Blend,3.1,1,3.1
6613,2024-12-15,14:00:00,Uptown Mall,Bakery,Chocolate Chip Cookie,2.5,1,2.5
6614,2024-12-15,06:31:00,Riverside,Coffee,Cold Brew,4.5,1,4.5
6615,2024-12-15,09:04:00,Downtown,Bakery,Croissant,3.5,1,3.5
6616,2024-12-15,11:47:00,Uptown Mall,Coffee,Mocha,4.75,1,4.75
6617,2024-12-15,06:20:00,Riverside,Coffee,Americano,3.25,3,9.75
6618,2024-12-15,09:54:00,Riverside,Coffee,Espresso,2.75,2,5.5
6619,2024-12-15,15:29:00,Uptown Mall,Coffee,Latte,4.25,1,4.25
6620,2024-12-15,10:03:00,Downtown,Coffee,Latte,4.25,1,4.25
6621,2024-12-15,12:11:00,Downtown,Bakery,Blueberry Muffin,3.25,1,3.25
6622,2024-12-15,15:11:00,Uptown Mall,Coffee,Cappuccino,4.0,1,4.0
6623,2024-12-15,07:14:00,Riverside,Coffee,Mocha,4.75,1,4.75
6624,2024-12-15,08:20:00,Downtown,Coffee,Espresso,2.75,1,2.75
6625,2024-12-15,14:01:00,Downtown,Tea,Chai Latte,4.1,1,4.1
6626,2024-12-15,19:20:00,Uptown Mall,Merchandise,Ground Coffee Bag,14.5,1,14.5
6627,2024-12-15,11:23:00,Riverside,Coffee,Cold Brew,4.5,2,9.0
6628,2024-12-15,14:09:00,Downtown,Tea,Earl Grey,3.0,3,9.0
6629,2024-12-15,19:35:00,Downtown,Coffee,Latte,4.25,1,4.25
6630,2024-12-15,15:21:00,Uptown Mall,Coffee,Cappuccino,4.0,1,4.0
6631,2024-12-16,06:06:00,Riverside,Coffee,Cold Brew,4.5,2,9.0
6632,2024-12-16,09:33:00,Riverside,Tea,Green Tea,3.0,1,3.0
6633,2024-12-16,15:10:00,Uptown Mall,Tea,Earl Grey,3.0,1,3.0
6634,2024-12-16,19:49:00,Riverside,Coffee,Latte,4.25,1,4.25
6635,2024-12-16,12:43:00,Riverside,Bakery,Blueberry Muffin,3.25,2,6.5
6636,2024-12-16,07:53:00,Downtown,Coffee,Latte,4.25,3,12.75
6637,2024-12-16,14:44:00,Riverside,Coffee,Cappuccino,4.0,1,4.0
6638,2024-12-16,09:24:00,Uptown Mall,Coffee,Espresso,2.75,1,2.75
6639,2024-12-16,14:51:00,Riverside,Merchandise,12oz Mug,12.0,1,12.0
6640,2024-12-16,14:35:00,Riverside,Bakery,Croissant,3.5,1,3.5
6641,2024-12-16,10:12:00,Downtown,Merchandise,Ground Coffee Bag,14.5,1,14.5
6642,2024-12-16,18:57:00,Downtown,Coffee,Cappuccino,4.0,1,4.0
6643,2024-12-16,15:50:00,Downtown,Coffee,Cold Brew,4.5,1,4.5
6644,2024-12-16,06:10:00,Downtown,Coffee,Cold Brew,4.5,1,4.5
6645,2024-12-16,18:05:00,Uptown Mall,Coffee,Espresso,2.75,2,5.5
6646,2024-12-16,08:32:00,Downtown,Tea,Chai Latte,4.1,1,4.1
6647,2024-12-16,15:03:00,Downtown,Bakery,Bagel,2.75,1,2.75
6648,2024-12-16,07:04:00,Riverside,Tea,Herbal Blend,3.1,1,3.1
6649,2024-12-16,09:27:00,Uptown Mall,Coffee,Cold Brew,4.5,1,4.5
6650,2024-12-17,10:41:00,Riverside,Coffee,Cappuccino,4.0,1,4.0
6651,2024-12-17,15:17:00,Uptown Mall,Bakery,Bagel,2.75,2,5.5
6652,2024-12-17,09:42:00,Uptown Mall,Coffee,Latte,4.25,2,8.5
6653,2024-12-17,19:44:00,Riverside,Coffee,Cappuccino,4.0,1,4.0
6654,2024-12-17,10:09:00,Downtown,Coffee,Cappuccino,4.0,1,4.0
6655,2024-12-17,19:33:00,Uptown Mall,Merchandise,12oz Mug,12.0,2,24.0
6656,2024-12-17,16:15:00,Uptown Mall,Merchandise,Gift Card,25.0,1,25.0
6657,2024-12-17,16:01:00,Downtown,Coffee,Latte,4.25,1,4.25
6658,2024-12-17,18:21:00,Riverside,Bakery,Blueberry Muffin,3.25,1,3.25
6659,2024-12-17,12:21:00,Riverside,Coffee,Mocha,4.75,1,4.75
6660,2024-12-17,13:50:00,Uptown Mall,Coffee,Mocha,4.75,2,9.5
6661,2024-12-17,14:24:00,Riverside,Bakery,Chocolate Chip Cookie,2.5,1,2.5
6662,2024-12-17,10:44:00,Downtown,Coffee,Latte,4.25,1,4.25
6663,2024-12-17,07:48:00,Riverside,Tea,Green Tea,3.0,1,3.0
6664,2024-12-17,11:00:00,Riverside,Coffee,Mocha,4.75,2,9.5
6665,2024-12-17,10:51:00,Downtown,Coffee,Americano,3.25,1,3.25
6666,2024-12-17,06:54:00,Riverside,Tea,Earl Grey,3.0,1,3.0
6667,2024-12-17,11:20:00,Uptown Mall,Coffee,Cold Brew,4.5,1,4.5
6668,2024-12-17,18:17:00,Downtown,Coffee,Cappuccino,4.0,1,4.0
6669,2024-12-17,19:48:00,Downtown,Tea,Earl Grey,3.0,1,3.0
6670,2024-12-17,11:57:00,Riverside,Coffee,Espresso,2.75,1,2.75
6671,2024-12-18,06:11:00,Uptown Mall,Bakery,Croissant,3.5,2,7.0
6672,2024-12-18,16:30:00,Downtown,Bakery,Croissant,3.5,1,3.5
6673,2024-12-18,17:09:00,Downtown,Coffee,Cold Brew,4.5,2,9.0
6674,2024-12-18,14:17:00,Riverside,Bakery,Bagel,2.75,1,2.75
6675,2024-12-18,18:37:00,Riverside,Tea,Earl Grey,3.0,1,3.0
6676,2024-12-18,15:55:00,Downtown,Bakery,Bagel,2.75,1,2.75
6677,2024-12-18,10:47:00,Uptown Mall,Coffee,Latte,4.25,1,4.25
6678,2024-12-18,16:24:00,Downtown,Tea,Green Tea,3.0,1,3.0
6679,2024-12-18,14:54:00,Riverside,Coffee,Americano,3.25,1,3.25
6680,2024-12-18,13:40:00,Downtown,Coffee,Mocha,4.75,2,9.5
6681,2024-12-18,19:19:00,Downtown,Merchandise,Gift Card,25.0,1,25.0
6682,2024-12-18,11:37:00,Uptown Mall,Coffee,Espresso,2.75,1,2.75
6683,2024-12-18,18:22:00,Riverside,Coffee,Espresso,2.75,1,2.75
6684,2024-12-18,12:47:00,Riverside,Merchandise,Gift Card,25.0,1,25.0
6685,2024-12-18,19:05:00,Riverside,Merchandise,12oz Mug,12.0,2,24.0
6686,2024-12-18,12:48:00,Uptown Mall,Bakery,Bagel,2.75,1,2.75
6687,2024-12-18,12:18:00,Uptown Mall,Coffee,Latte,4.25,1,4.25
6688,2024-12-18,14:10:00,Uptown Mall,Bakery,Chocolate Chip Cookie,2.5,1,2.5
6689,2024-12-18,17:31:00,Riverside,Coffee,Latte,4.25,1,4.25
6690,2024-12-18,13:30:00,Riverside,Coffee,Espresso,2.75,1,2.75
6691,2024-12-18,16:01:00,Downtown,Bakery,Chocolate Chip Cookie,2.5,1,2.5
6692,2024-12-18,13:11:00,Downtown,Coffee,Latte,4.25,1,4.25
6693,2024-12-18,10:26:00,Uptown Mall,Coffee,Latte,4.25,1,4.25
6694,2024-12-19,13:48:00,Downtown,Coffee,Latte,4.25,1,4.25
6695,2024-12-19,16:57:00,Riverside,Merchandise,Gift Card,25.0,1,25.0
6696,2024-12-19,09:47:00,Downtown,Coffee,Cappuccino,4.0,2,8.0
6697,2024-12-19,10:45:00,Riverside,Coffee,Cappuccino,4.0,1,4.0
6698,2024-12-19,06:09:00,Downtown,Coffee,Americano,3.25,2,6.5
6699,2024-12-19,16:49:00,Uptown Mall,Merchandise,Ground Coffee Bag,14.5,1,14.5
6700,2024-12-19,19:15:00,Riverside,Coffee,Espresso,2.75,1,2.75
6701,2024-12-19,11:09:00,Downtown,Coffee,Mocha,4.75,1,4.75
6702,2024-12-19,08:28:00,Uptown Mall,Coffee,Espresso,2.75,1,2.75
6703,2024-12-19,17:21:00,Riverside,Bakery,Chocolate Chip Cookie,2.5,1,2.5
6704,2024-12-19,19:11:00,Uptown Mall,Tea,Herbal Blend,3.1,1,3.1
6705,2024-12-19,17:41:00,Downtown,Coffee,Espresso,2.75,3,8.25
6706,2024-12-19,16:39:00,Downtown,Coffee,Cappuccino,4.0,1,4.0
6707,2024-12-19,13:02:00,Downtown,Coffee,Espresso,2.75,1,2.75
6708,2024-12-19,06:00:00,Downtown,Bakery,Croissant,3.5,1,3.5
6709,2024-12-19,16:12:00,Riverside,Tea,Chai Latte,4.1,1,4.1
6710,2024-12-19,17:41:00,Downtown,Bakery,Chocolate Chip Cookie,2.5,1,2.5
6711,2024-12-19,18:01:00,Downtown,Coffee,Americano,3.25,1,3.25
6712,2024-12-20,06:23:00,Downtown,Merchandise,Gift Card,25.0,2,50.0
6713,2024-12-20,06:55:00,Uptown Mall,Bakery,Bagel,2.75,1,2.75
6714,2024-12-20,13:39:00,Downtown,Merchandise,Reusable Cup,9.0,1,9.0
6715,2024-12-20,16:56:00,Downtown,Tea,Green Tea,3.0,1,3.0
6716,2024-12-20,09:25:00,Downtown,Coffee,Americano,3.25,1,3.25
6717,2024-12-20,19:24:00,Riverside,Coffee,Americano,3.25,2,6.5
6718,2024-12-20,07:13:00,Uptown Mall,Bakery,Chocolate Chip Cookie,2.5,1,2.5
6719,2024-12-20,17:19:00,Downtown,Coffee,Cold Brew,4.5,1,4.5
6720,2024-12-20,16:29:00,Riverside,Coffee,Mocha,4.75,1,4.75
6721,2024-12-20,15:28:00,Uptown Mall,Coffee,Espresso,2.75,1,2.75
6722,2024-12-20,08:15:00,Downtown,Bakery,Bagel,2.75,1,2.75
6723,2024-12-20,08:22:00,Riverside,Coffee,Mocha,4.75,2,9.5
6724,2024-12-20,14:41:00,Downtown,Tea,Green Tea,3.0,1,3.0
6725,2024-12-20,17:43:00,Uptown Mall,Merchandise,Ground Coffee Bag,14.5,1,14.5
6726,2024-12-20,12:57:00,Uptown Mall,Tea,Green Tea,3.0,1,3.0
6727,2024-12-20,11:55:00,Downtown,Merchandise,Gift Card,25.0,1,25.0
6728,2024-12-20,09:09:00,Riverside,Tea,Chai Latte,4.1,1,4.1
6729,2024-12-20,08:52:00,Riverside,Merchandise,Ground Coffee Bag,14.5,1,14.5
6730,2024-12-20,09:42:00,Uptown Mall,Coffee,Cold Brew,4.5,1,4.5
6731,2024-12-20,12:36:00,Riverside,Coffee,Espresso,2.75,1,2.75
6732,2024-12-21,18:11:00,Uptown Mall,Coffee,Cold Brew,4.5,1,4.5
6733,2024-12-21,09:32:00,Riverside,Coffee,Americano,3.25,1,3.25
6734,2024-12-21,08:43:00,Downtown,Coffee,Cappuccino,4.0,1,4.0
6735,2024-12-21,09:45:00,Downtown,Coffee,Mocha,4.75,1,4.75
6736,2024-12-21,16:27:00,Downtown,Coffee,Latte,4.25,3,12.75
6737,2024-12-21,16:53:00,Uptown Mall,Coffee,Cappuccino,4.0,2,8.0
6738,2024-12-21,11:46:00,Riverside,Coffee,Cappuccino,4.0,1,4.0
6739,2024-12-21,13:24:00,Riverside,Coffee,Espresso,2.75,1,2.75
6740,2024-12-21,10:13:00,Downtown,Coffee,Latte,4.25,1,4.25
6741,2024-12-21,15:15:00,Downtown,Bakery,Blueberry Muffin,3.25,1,3.25
6742,2024-12-21,17:39:00,Uptown Mall,Bakery,Bagel,2.75,1,2.75
6743,2024-12-21,09:45:00,Downtown,Bakery,Bagel,2.75,1,2.75
6744,2024-12-21,17:08:00,Riverside,Tea,Herbal Blend,3.1,3,9.3
6745,2024-12-21,18:43:00,Downtown,Bakery,Chocolate Chip Cookie,2.5,2,5.0
6746,2024-12-21,06:36:00,Uptown Mall,Merchandise,Gift Card,25.0,2,50.0
6747,2024-12-21,09:33:00,Riverside,Coffee,Latte,4.25,1,4.25
6748,2024-12-21,19:47:00,Riverside,Tea,Herbal Blend,3.1,1,3.1
6749,2024-12-21,14:41:00,Riverside,Coffee,Mocha,4.75,1,4.75
6750,2024-12-21,19:33:00,Uptown Mall,Coffee,Cold Brew,4.5,1,4.5
6751,2024-12-21,17:04:00,Downtown,Coffee,Americano,3.25,1,3.25
6752,2024-12-21,15:14:00,Riverside,Coffee,Cappuccino,4.0,1,4.0
6753,2024-12-21,13:20:00,Downtown,Tea,Herbal Blend,3.1,1,3.1
6754,2024-12-21,07:17:00,Uptown Mall,Merchandise,Gift Card,25.0,1,25.0
6755,2024-12-21,07:40:00,Downtown,Bakery,Blueberry Muffin,3.25,1,3.25
6756,2024-12-21,16:13:00,Riverside,Coffee,Cold Brew,4.5,1,4.5
6757,2024-12-21,13:12:00,Riverside,Tea,Earl Grey,3.0,1,3.0
6758,2024-12-21,16:22:00,Downtown,Coffee,Mocha,4.75,1,4.75
6759,2024-12-21,19:45:00,Downtown,Bakery,Blueberry Muffin,3.25,1,3.25
6760,2024-12-21,19:29:00,Downtown,Tea,Green Tea,3.0,1,3.0
6761,2024-12-22,17:46:00,Uptown Mall,Merchandise,Reusable Cup,9.0,1,9.0
6762,2024-12-22,18:09:00,Riverside,Coffee,Cappuccino,4.0,1,4.0
6763,2024-12-22,15:26:00,Riverside,Coffee,Cold Brew,4.5,1,4.5
6764,2024-12-22,12:26:00,Downtown,Merchandise,12oz Mug,12.0,1,12.0
6765,2024-12-22,16:11:00,Downtown,Coffee,Mocha,4.75,2,9.5
6766,2024-12-22,12:48:00,Uptown Mall,Coffee,Cold Brew,4.5,1,4.5
6767,2024-12-22,09:23:00,Riverside,Coffee,Americano,3.25,1,3.25
6768,2024-12-22,19:07:00,Downtown,Bakery,Chocolate Chip Cookie,2.5,1,2.5
6769,2024-12-22,14:01:00,Downtown,Coffee,Cappuccino,4.0,1,4.0
6770,2024-12-22,18:27:00,Uptown Mall,Merchandise,12oz Mug,12.0,1,12.0
6771,2024-12-22,14:57:00,Riverside,Coffee,Cold Brew,4.5,2,9.0
6772,2024-12-22,10:48:00,Riverside,Bakery,Bagel,2.75,1,2.75
6773,2024-12-22,16:50:00,Uptown Mall,Coffee,Americano,3.25,1,3.25
6774,2024-12-22,12:04:00,Riverside,Coffee,Americano,3.25,1,3.25
6775,2024-12-22,13:24:00,Riverside,Merchandise,12oz Mug,12.0,1,12.0
6776,2024-12-22,07:06:00,Riverside,Coffee,Mocha,4.75,1,4.75
6777,2024-12-23,16:24:00,Downtown,Coffee,Latte,4.25,1,4.25
6778,2024-12-23,18:37:00,Riverside,Bakery,Chocolate Chip Cookie,2.5,2,5.0
6779,2024-12-23,09:24:00,Riverside,Coffee,Cappuccino,4.0,2,8.0
6780,2024-12-23,09:45:00,Downtown,Coffee,Cappuccino,4.0,1,4.0
6781,2024-12-23,12:52:00,Downtown,Merchandise,12oz Mug,12.0,2,24.0
6782,2024-12-23,19:58:00,Uptown Mall,Coffee,Espresso,2.75,1,2.75
6783,2024-12-23,13:15:00,Riverside,Coffee,Cold Brew,4.5,1,4.5
6784,2024-12-23,07:55:00,Downtown,Coffee,Espresso,2.75,1,2.75
6785,2024-12-23,18:15:00,Downtown,Bakery,Croissant,3.5,1,3.5
6786,2024-12-23,13:04:00,Downtown,Tea,Chai Latte,4.1,1,4.1
6787,2024-12-23,16:18:00,Uptown Mall,Tea,Green Tea,3.0,1,3.0
6788,2024-12-23,17:43:00,Riverside,Coffee,Cappuccino,4.0,1,4.0
6789,2024-12-23,09:56:00,Downtown,Coffee,Cold Brew,4.5,1,4.5
6790,2024-12-23,18:06:00,Downtown,Coffee,Cappuccino,4.0,1,4.0
6791,2024-12-23,14:55:00,Riverside,Coffee,Cold Brew,4.5,1,4.5
6792,2024-12-23,08:05:00,Uptown Mall,Coffee,Espresso,2.75,1,2.75
6793,2024-12-23,08:49:00,Downtown,Coffee,Cold Brew,4.5,1,4.5
6794,2024-12-23,12:12:00,Riverside,Merchandise,Gift Card,25.0,1,25.0
6795,2024-12-23,12:00:00,Downtown,Coffee,Espresso,2.75,1,2.75
6796,2024-12-23,14:52:00,Downtown,Coffee,Espresso,2.75,1,2.75
6797,2024-12-23,09:20:00,Riverside,Bakery,Croissant,3.5,1,3.5
6798,2024-12-23,13:06:00,Downtown,Merchandise,12oz Mug,12.0,2,24.0
6799,2024-12-24,11:45:00,Downtown,Merchandise,12oz Mug,12.0,1,12.0
6800,2024-12-24,08:37:00,Riverside,Tea,Herbal Blend,3.1,2,6.2
6801,2024-12-24,15:31:00,Uptown Mall,Coffee,Espresso,2.75,1,2.75
6802,2024-12-24,18:14:00,Uptown Mall,Coffee,Americano,3.25,1,3.25
6803,2024-12-24,15:24:00,Riverside,Tea,Herbal Blend,3.1,2,6.2
6804,2024-12-24,09:04:00,Uptown Mall,Coffee,Mocha,4.75,1,4.75
6805,2024-12-24,18:47:00,Uptown Mall,Tea,Herbal Blend,3.1,2,6.2
6806,2024-12-24,12:39:00,Uptown Mall,Coffee,Cappuccino,4.0,1,4.0
6807,2024-12-24,06:33:00,Uptown Mall,Bakery,Chocolate Chip Cookie,2.5,2,5.0
6808,2024-12-24,14:53:00,Uptown Mall,Tea,Herbal Blend,3.1,1,3.1
6809,2024-12-24,09:29:00,Uptown Mall,Bakery,Bagel,2.75,1,2.75
6810,2024-12-24,19:40:00,Riverside,Merchandise,12oz Mug,12.0,1,12.0
6811,2024-12-24,14:51:00,Downtown,Bakery,Croissant,3.5,1,3.5
6812,2024-12-24,12:38:00,Riverside,Merchandise,Gift Card,25.0,1,25.0
6813,2024-12-24,16:33:00,Downtown,Bakery,Chocolate Chip Cookie,2.5,1,2.5
6814,2024-12-24,19:36:00,Downtown,Bakery,Croissant,3.5,1,3.5
6815,2024-12-24,10:03:00,Downtown,Coffee,Cold Brew,4.5,2,9.0
6816,2024-12-24,16:09:00,Riverside,Coffee,Latte,4.25,1,4.25
6817,2024-12-25,12:06:00,Uptown Mall,Bakery,Bagel,2.75,1,2.75
6818,2024-12-25,12:42:00,Downtown,Tea,Earl Grey,3.0,1,3.0
6819,2024-12-25,11:39:00,Downtown,Coffee,Latte,4.25,1,4.25
6820,2024-12-25,14:12:00,Riverside,Coffee,Latte,4.25,1,4.25
6821,2024-12-25,11:50:00,Downtown,Coffee,Americano,3.25,1,3.25
6822,2024-12-25,09:31:00,Downtown,Tea,Earl Grey,3.0,1,3.0
6823,2024-12-25,12:47:00,Downtown,Coffee,Americano,3.25,2,6.5
6824,2024-12-25,19:54:00,Downtown,Tea,Green Tea,3.0,1,3.0
6825,2024-12-25,16:14:00,Downtown,Bakery,Chocolate Chip Cookie,2.5,1,2.5
6826,2024-12-25,15:09:00,Downtown,Coffee,Latte,4.25,1,4.25
6827,2024-12-25,18:12:00,Downtown,Coffee,Cold Brew,4.5,1,4.5
6828,2024-12-25,19:32:00,Downtown,Bakery,Chocolate Chip Cookie,2.5,1,2.5
6829,2024-12-25,09:56:00,Downtown,Coffee,Mocha,4.75,1,4.75
6830,2024-12-25,10:03:00,Uptown Mall,Coffee,Americano,3.25,1,3.25
6831,2024-12-25,10:50:00,Uptown Mall,Bakery,Croissant,3.5,1,3.5
6832,2024-12-25,17:59:00,Riverside,Coffee,Mocha,4.75,1,4.75
6833,2024-12-26,06:33:00,Riverside,Coffee,Cold Brew,4.5,2,9.0
6834,2024-12-26,11:24:00,Riverside,Bakery,Blueberry Muffin,3.25,1,3.25
6835,2024-12-26,08:19:00,Downtown,Merchandise,Reusable Cup,9.0,1,9.0
6836,2024-12-26,07:31:00,Downtown,Coffee,Mocha,4.75,1,4.75
6837,2024-12-26,17:02:00,Riverside,Coffee,Cappuccino,4.0,1,4.0
6838,2024-12-26,18:12:00,Uptown Mall,Coffee,Mocha,4.75,1,4.75
6839,2024-12-26,06:13:00,Downtown,Bakery,Bagel,2.75,2,5.5
6840,2024-12-26,13:48:00,Riverside,Bakery,Bagel,2.75,1,2.75
6841,2024-12-26,15:37:00,Uptown Mall,Coffee,Espresso,2.75,1,2.75
6842,2024-12-26,08:59:00,Downtown,Tea,Herbal Blend,3.1,1,3.1
6843,2024-12-26,06:52:00,Riverside,Bakery,Blueberry Muffin,3.25,1,3.25
6844,2024-12-26,13:22:00,Downtown,Coffee,Cold Brew,4.5,1,4.5
6845,2024-12-26,19:43:00,Riverside,Coffee,Cappuccino,4.0,1,4.0
6846,2024-12-26,15:05:00,Riverside,Coffee,Cold Brew,4.5,1,4.5
6847,2024-12-26,15:23:00,Downtown,Coffee,Americano,3.25,1,3.25
6848,2024-12-26,10:05:00,Riverside,Coffee,Latte,4.25,1,4.25
6849,2024-12-26,11:46:00,Uptown Mall,Coffee,Latte,4.25,1,4.25
6850,2024-12-26,18:36:00,Riverside,Tea,Green Tea,3.0,1,3.0
6851,2024-12-26,10:54:00,Riverside,Bakery,Bagel,2.75,1,2.75
6852,2024-12-26,11:15:00,Downtown,Merchandise,Reusable Cup,9.0,1,9.0
6853,2024-12-26,19:22:00,Riverside,Coffee,Americano,3.25,1,3.25
6854,2024-12-26,14:24:00,Uptown Mall,Coffee,Mocha,4.75,1,4.75
6855,2024-12-27,19:16:00,Downtown,Coffee,Cold Brew,4.5,2,9.0
6856,2024-12-27,09:49:00,Uptown Mall,Coffee,Espresso,2.75,2,5.5
6857,2024-12-27,15:07:00,Downtown,Merchandise,12oz Mug,12.0,1,12.0
6858,2024-12-27,15:27:00,Uptown Mall,Coffee,Espresso,2.75,1,2.75
6859,2024-12-27,17:03:00,Downtown,Coffee,Latte,4.25,2,8.5
6860,2024-12-27,12:44:00,Downtown,Coffee,Espresso,2.75,2,5.5
6861,2024-12-27,17:14:00,Riverside,Tea,Herbal Blend,3.1,1,3.1
6862,2024-12-27,15:13:00,Uptown Mall,Coffee,Cappuccino,4.0,2,8.0
6863,2024-12-27,09:54:00,Downtown,Bakery,Blueberry Muffin,3.25,1,3.25
6864,2024-12-27,15:54:00,Downtown,Coffee,Latte,4.25,2,8.5
6865,2024-12-27,19:26:00,Downtown,Coffee,Cappuccino,4.0,1,4.0
6866,2024-12-27,08:31:00,Riverside,Coffee,Cappuccino,4.0,1,4.0
6867,2024-12-27,10:45:00,Riverside,Tea,Earl Grey,3.0,1,3.0
6868,2024-12-27,14:23:00,Downtown,Coffee,Cold Brew,4.5,1,4.5
6869,2024-12-27,13:47:00,Riverside,Tea,Chai Latte,4.1,1,4.1
6870,2024-12-27,12:51:00,Riverside,Tea,Earl Grey,3.0,1,3.0
6871,2024-12-27,17:33:00,Riverside,Coffee,Americano,3.25,1,3.25
6872,2024-12-27,08:10:00,Uptown Mall,Coffee,Mocha,4.75,1,4.75
6873,2024-12-27,16:29:00,Downtown,Coffee,Latte,4.25,1,4.25
6874,2024-12-28,07:46:00,Riverside,Bakery,Croissant,3.5,2,7.0
6875,2024-12-28,18:01:00,Riverside,Coffee,Mocha,4.75,1,4.75
6876,2024-12-28,07:53:00,Downtown,Tea,Chai Latte,4.1,3,12.3
6877,2024-12-28,15:14:00,Uptown Mall,Tea,Chai Latte,4.1,1,4.1
6878,2024-12-28,13:33:00,Downtown,Coffee,Cold Brew,4.5,1,4.5
6879,2024-12-28,15:17:00,Downtown,Bakery,Blueberry Muffin,3.25,1,3.25
6880,2024-12-28,08:23:00,Downtown,Merchandise,Gift Card,25.0,1,25.0
6881,2024-12-28,19:31:00,Downtown,Coffee,Espresso,2.75,1,2.75
6882,2024-12-28,07:25:00,Downtown,Bakery,Croissant,3.5,1,3.5
6883,2024-12-28,13:01:00,Downtown,Coffee,Latte,4.25,1,4.25
6884,2024-12-28,11:32:00,Downtown,Coffee,Latte,4.25,1,4.25
6885,2024-12-28,12:59:00,Downtown,Coffee,Latte,4.25,1,4.25
6886,2024-12-28,17:46:00,Downtown,Coffee,Mocha,4.75,1,4.75
6887,2024-12-28,15:00:00,Downtown,Coffee,Mocha,4.75,1,4.75
6888,2024-12-28,16:13:00,Riverside,Coffee,Mocha,4.75,1,4.75
6889,2024-12-29,07:43:00,Riverside,Merchandise,Ground Coffee Bag,14.5,1,14.5
6890,2024-12-29,09:41:00,Downtown,Merchandise,Gift Card,25.0,1,25.0
6891,2024-12-29,14:44:00,Riverside,Coffee,Mocha,4.75,1,4.75
6892,2024-12-29,18:19:00,Uptown Mall,Coffee,Cappuccino,4.0,2,8.0
6893,2024-12-29,12:50:00,Riverside,Tea,Herbal Blend,3.1,1,3.1
6894,2024-12-29,07:46:00,Downtown,Coffee,Cold Brew,4.5,2,9.0
6895,2024-12-29,07:38:00,Downtown,Coffee,Mocha,4.75,1,4.75
6896,2024-12-29,18:49:00,Riverside,Merchandise,12oz Mug,12.0,1,12.0
6897,2024-12-29,18:51:00,Riverside,Tea,Green Tea,3.0,1,3.0
6898,2024-12-29,08:51:00,Riverside,Merchandise,Gift Card,25.0,1,25.0
6899,2024-12-29,09:29:00,Downtown,Coffee,Cold Brew,4.5,1,4.5
6900,2024-12-29,11:52:00,Uptown Mall,Coffee,Espresso,2.75,2,5.5
6901,2024-12-29,19:52:00,Riverside,Tea,Chai Latte,4.1,1,4.1
6902,2024-12-29,13:26:00,Uptown Mall,Coffee,Cappuccino,4.0,1,4.0
6903,2024-12-29,07:42:00,Downtown,Coffee,Cold Brew,4.5,1,4.5
6904,2024-12-29,13:38:00,Riverside,Tea,Herbal Blend,3.1,1,3.1
6905,2024-12-29,11:37:00,Riverside,Coffee,Cappuccino,4.0,1,4.0
6906,2024-12-29,10:42:00,Downtown,Coffee,Cold Brew,4.5,1,4.5
6907,2024-12-29,11:27:00,Downtown,Coffee,Cappuccino,4.0,1,4.0
6908,2024-12-29,18:23:00,Uptown Mall,Coffee,Latte,4.25,1,4.25
6909,2024-12-29,12:06:00,Riverside,Coffee,Cappuccino,4.0,1,4.0
6910,2024-12-29,19:35:00,Riverside,Coffee,Mocha,4.75,1,4.75
6911,2024-12-29,17:07:00,Uptown Mall,Bakery,Blueberry Muffin,3.25,1,3.25
6912,2024-12-29,18:54:00,Riverside,Tea,Earl Grey,3.0,1,3.0
6913,2024-12-29,10:23:00,Uptown Mall,Coffee,Cold Brew,4.5,1,4.5
6914,2024-12-29,16:23:00,Riverside,Bakery,Blueberry Muffin,3.25,1,3.25
6915,2024-12-29,07:18:00,Downtown,Coffee,Espresso,2.75,1,2.75
6916,2024-12-29,07:15:00,Downtown,Coffee,Latte,4.25,1,4.25
6917,2024-12-29,15:31:00,Downtown,Merchandise,Gift Card,25.0,1,25.0
6918,2024-12-30,14:20:00,Downtown,Bakery,Chocolate Chip Cookie,2.5,2,5.0
6919,2024-12-30,15:49:00,Downtown,Coffee,Americano,3.25,1,3.25
6920,2024-12-30,07:47:00,Uptown Mall,Coffee,Latte,4.25,1,4.25
6921,2024-12-30,15:52:00,Riverside,Merchandise,Ground Coffee Bag,14.5,1,14.5
6922,2024-12-30,16:57:00,Downtown,Merchandise,Reusable Cup,9.0,1,9.0
6923,2024-12-30,11:42:00,Riverside,Bakery,Bagel,2.75,1,2.75
6924,2024-12-30,06:45:00,Riverside,Coffee,Cappuccino,4.0,1,4.0
6925,2024-12-30,11:14:00,Downtown,Tea,Earl Grey,3.0,1,3.0
6926,2024-12-30,14:58:00,Uptown Mall,Coffee,Cold Brew,4.5,1,4.5
6927,2024-12-30,07:18:00,Riverside,Bakery,Croissant,3.5,1,3.5
6928,2024-12-30,11:40:00,Downtown,Merchandise,12oz Mug,12.0,1,12.0
6929,2024-12-30,06:43:00,Downtown,Coffee,Latte,4.25,1,4.25
6930,2024-12-30,18:34:00,Downtown,Tea,Herbal Blend,3.1,2,6.2
6931,2024-12-30,06:22:00,Riverside,Coffee,Espresso,2.75,1,2.75
6932,2024-12-31,14:51:00,Uptown Mall,Coffee,Americano,3.25,1,3.25
6933,2024-12-31,13:51:00,Downtown,Tea,Green Tea,3.0,1,3.0
6934,2024-12-31,18:13:00,Riverside,Coffee,Mocha,4.75,1,4.75
6935,2024-12-31,16:06:00,Riverside,Bakery,Bagel,2.75,1,2.75
6936,2024-12-31,10:30:00,Riverside,Bakery,Chocolate Chip Cookie,2.5,1,2.5
6937,2024-12-31,15:03:00,Riverside,Coffee,Espresso,2.75,1,2.75
6938,2024-12-31,09:27:00,Downtown,Bakery,Blueberry Muffin,3.25,1,3.25
6939,2024-12-31,07:05:00,Downtown,Bakery,Croissant,3.5,1,3.5
6940,2024-12-31,06:10:00,Downtown,Coffee,Cold Brew,4.5,1,4.5
6941,2024-12-31,13:24:00,Uptown Mall,Coffee,Espresso,2.75,1,2.75
6942,2024-12-31,19:15:00,Uptown Mall,Tea,Chai Latte,4.1,1,4.1
6943,2024-12-31,15:06:00,Downtown,Bakery,Bagel,2.75,1,2.75
6944,2024-12-31,17:44:00,Downtown,Coffee,Mocha,4.75,2,9.5
6945,2024-12-31,19:37:00,Downtown,Tea,Chai Latte,4.1,1,4.1
6946,2024-12-31,19:44:00,Uptown Mall,Coffee,Americano,3.25,1,3.25
6947,2024-12-31,19:41:00,Downtown,Coffee,Cold Brew,4.5,1,4.5
6948,2024-12-31,13:12:00,Downtown,Coffee,Espresso,2.75,1,2.75
6949,2024-12-31,14:22:00,Riverside,Tea,Chai Latte,4.1,1,4.1
